FoamFile { version 2.0; format ascii; class dictionary; object sampleCloud; }
// U, p, k, omega, nut on 16360 fixed points (design/cloud_points.csv).
// Points inside the propeller body are skipped by OpenFOAM: match rows to cloud_points.csv by x,y,z.
type sets;
libs (sampling);
interpolationScheme cellPoint;
setFormat csv;
fields (U p k omega nut);
sets
{
    cloud
    {
        type cloud;
        axis xyz;
        points
        (
            (-0.300000 -0.200000 0.000000)
            (-0.300000 -0.193185 -0.051764)
            (-0.300000 -0.193185 0.051764)
            (-0.300000 -0.188235 0.000000)
            (-0.300000 -0.181821 -0.048719)
            (-0.300000 -0.181821 0.048719)
            (-0.300000 -0.176471 0.000000)
            (-0.300000 -0.173205 -0.100000)
            (-0.300000 -0.173205 0.100000)
            (-0.300000 -0.170457 -0.045674)
            (-0.300000 -0.170457 0.045674)
            (-0.300000 -0.164706 0.000000)
            (-0.300000 -0.163017 -0.094118)
            (-0.300000 -0.163017 0.094118)
            (-0.300000 -0.159094 -0.042629)
            (-0.300000 -0.159094 0.042629)
            (-0.300000 -0.152941 0.000000)
            (-0.300000 -0.152828 -0.088235)
            (-0.300000 -0.152828 0.088235)
            (-0.300000 -0.147730 -0.039584)
            (-0.300000 -0.147730 0.039584)
            (-0.300000 -0.142639 -0.082353)
            (-0.300000 -0.142639 0.082353)
            (-0.300000 -0.141421 -0.141421)
            (-0.300000 -0.141421 0.141421)
            (-0.300000 -0.141176 0.000000)
            (-0.300000 -0.136366 -0.036539)
            (-0.300000 -0.136366 0.036539)
            (-0.300000 -0.133102 -0.133102)
            (-0.300000 -0.133102 0.133102)
            (-0.300000 -0.132451 -0.076471)
            (-0.300000 -0.132451 0.076471)
            (-0.300000 -0.129412 0.000000)
            (-0.300000 -0.125002 -0.033494)
            (-0.300000 -0.125002 0.033494)
            (-0.300000 -0.124784 -0.124784)
            (-0.300000 -0.124784 0.124784)
            (-0.300000 -0.122262 -0.070588)
            (-0.300000 -0.122262 0.070588)
            (-0.300000 -0.117647 0.000000)
            (-0.300000 -0.116465 -0.116465)
            (-0.300000 -0.116465 0.116465)
            (-0.300000 -0.113638 -0.030449)
            (-0.300000 -0.113638 0.030449)
            (-0.300000 -0.112074 -0.064706)
            (-0.300000 -0.112074 0.064706)
            (-0.300000 -0.108146 -0.108146)
            (-0.300000 -0.108146 0.108146)
            (-0.300000 -0.105882 0.000000)
            (-0.300000 -0.102274 -0.027404)
            (-0.300000 -0.102274 0.027404)
            (-0.300000 -0.101885 -0.058824)
            (-0.300000 -0.101885 0.058824)
            (-0.300000 -0.100000 -0.173205)
            (-0.300000 -0.100000 0.173205)
            (-0.300000 -0.099827 -0.099827)
            (-0.300000 -0.099827 0.099827)
            (-0.300000 -0.094118 -0.163017)
            (-0.300000 -0.094118 0.000000)
            (-0.300000 -0.094118 0.163017)
            (-0.300000 -0.091697 -0.052941)
            (-0.300000 -0.091697 0.052941)
            (-0.300000 -0.091508 -0.091508)
            (-0.300000 -0.091508 0.091508)
            (-0.300000 -0.090911 -0.024359)
            (-0.300000 -0.090911 0.024359)
            (-0.300000 -0.088235 -0.152828)
            (-0.300000 -0.088235 0.152828)
            (-0.300000 -0.083189 -0.083189)
            (-0.300000 -0.083189 0.083189)
            (-0.300000 -0.082353 -0.142639)
            (-0.300000 -0.082353 0.000000)
            (-0.300000 -0.082353 0.142639)
            (-0.300000 -0.081508 -0.047059)
            (-0.300000 -0.081508 0.047059)
            (-0.300000 -0.079547 -0.021315)
            (-0.300000 -0.079547 0.021315)
            (-0.300000 -0.076471 -0.132451)
            (-0.300000 -0.076471 0.132451)
            (-0.300000 -0.074870 -0.074870)
            (-0.300000 -0.074870 0.074870)
            (-0.300000 -0.071320 -0.041176)
            (-0.300000 -0.071320 0.041176)
            (-0.300000 -0.070588 -0.122262)
            (-0.300000 -0.070588 0.000000)
            (-0.300000 -0.070588 0.122262)
            (-0.300000 -0.068183 -0.018270)
            (-0.300000 -0.068183 0.018270)
            (-0.300000 -0.066551 -0.066551)
            (-0.300000 -0.066551 0.066551)
            (-0.300000 -0.064706 -0.112074)
            (-0.300000 -0.064706 0.112074)
            (-0.300000 -0.061131 -0.035294)
            (-0.300000 -0.061131 0.035294)
            (-0.300000 -0.058824 -0.101885)
            (-0.300000 -0.058824 0.000000)
            (-0.300000 -0.058824 0.101885)
            (-0.300000 -0.058232 -0.058232)
            (-0.300000 -0.058232 0.058232)
            (-0.300000 -0.056819 -0.015225)
            (-0.300000 -0.056819 0.015225)
            (-0.300000 -0.052941 -0.091697)
            (-0.300000 -0.052941 0.091697)
            (-0.300000 -0.051764 -0.193185)
            (-0.300000 -0.051764 0.193185)
            (-0.300000 -0.050943 -0.029412)
            (-0.300000 -0.050943 0.029412)
            (-0.300000 -0.049913 -0.049913)
            (-0.300000 -0.049913 0.049913)
            (-0.300000 -0.048719 -0.181821)
            (-0.300000 -0.048719 0.181821)
            (-0.300000 -0.047059 -0.081508)
            (-0.300000 -0.047059 0.000000)
            (-0.300000 -0.047059 0.081508)
            (-0.300000 -0.045674 -0.170457)
            (-0.300000 -0.045674 0.170457)
            (-0.300000 -0.045455 -0.012180)
            (-0.300000 -0.045455 0.012180)
            (-0.300000 -0.042629 -0.159094)
            (-0.300000 -0.042629 0.159094)
            (-0.300000 -0.041595 -0.041595)
            (-0.300000 -0.041595 0.041595)
            (-0.300000 -0.041176 -0.071320)
            (-0.300000 -0.041176 0.071320)
            (-0.300000 -0.040754 -0.023529)
            (-0.300000 -0.040754 0.023529)
            (-0.300000 -0.039584 -0.147730)
            (-0.300000 -0.039584 0.147730)
            (-0.300000 -0.036539 -0.136366)
            (-0.300000 -0.036539 0.136366)
            (-0.300000 -0.035294 -0.061131)
            (-0.300000 -0.035294 0.000000)
            (-0.300000 -0.035294 0.061131)
            (-0.300000 -0.034091 -0.009135)
            (-0.300000 -0.034091 0.009135)
            (-0.300000 -0.033494 -0.125002)
            (-0.300000 -0.033494 0.125002)
            (-0.300000 -0.033276 -0.033276)
            (-0.300000 -0.033276 0.033276)
            (-0.300000 -0.030566 -0.017647)
            (-0.300000 -0.030566 0.017647)
            (-0.300000 -0.030449 -0.113638)
            (-0.300000 -0.030449 0.113638)
            (-0.300000 -0.029412 -0.050943)
            (-0.300000 -0.029412 0.050943)
            (-0.300000 -0.027404 -0.102274)
            (-0.300000 -0.027404 0.102274)
            (-0.300000 -0.024957 -0.024957)
            (-0.300000 -0.024957 0.024957)
            (-0.300000 -0.024359 -0.090911)
            (-0.300000 -0.024359 0.090911)
            (-0.300000 -0.023529 -0.040754)
            (-0.300000 -0.023529 0.000000)
            (-0.300000 -0.023529 0.040754)
            (-0.300000 -0.022728 -0.006090)
            (-0.300000 -0.022728 0.006090)
            (-0.300000 -0.021315 -0.079547)
            (-0.300000 -0.021315 0.079547)
            (-0.300000 -0.020377 -0.011765)
            (-0.300000 -0.020377 0.011765)
            (-0.300000 -0.018270 -0.068183)
            (-0.300000 -0.018270 0.068183)
            (-0.300000 -0.017647 -0.030566)
            (-0.300000 -0.017647 0.030566)
            (-0.300000 -0.016638 -0.016638)
            (-0.300000 -0.016638 0.016638)
            (-0.300000 -0.015225 -0.056819)
            (-0.300000 -0.015225 0.056819)
            (-0.300000 -0.012180 -0.045455)
            (-0.300000 -0.012180 0.045455)
            (-0.300000 -0.011765 -0.020377)
            (-0.300000 -0.011765 0.000000)
            (-0.300000 -0.011765 0.020377)
            (-0.300000 -0.011364 -0.003045)
            (-0.300000 -0.011364 0.003045)
            (-0.300000 -0.010189 -0.005882)
            (-0.300000 -0.010189 0.005882)
            (-0.300000 -0.009135 -0.034091)
            (-0.300000 -0.009135 0.034091)
            (-0.300000 -0.008319 -0.008319)
            (-0.300000 -0.008319 0.008319)
            (-0.300000 -0.006090 -0.022728)
            (-0.300000 -0.006090 0.022728)
            (-0.300000 -0.005882 -0.010189)
            (-0.300000 -0.005882 0.010189)
            (-0.300000 -0.003045 -0.011364)
            (-0.300000 -0.003045 0.011364)
            (-0.300000 -0.000000 -0.200000)
            (-0.300000 -0.000000 -0.188235)
            (-0.300000 -0.000000 -0.176471)
            (-0.300000 -0.000000 -0.164706)
            (-0.300000 -0.000000 -0.152941)
            (-0.300000 -0.000000 -0.141176)
            (-0.300000 -0.000000 -0.129412)
            (-0.300000 -0.000000 -0.117647)
            (-0.300000 -0.000000 -0.105882)
            (-0.300000 -0.000000 -0.094118)
            (-0.300000 -0.000000 -0.082353)
            (-0.300000 -0.000000 -0.070588)
            (-0.300000 -0.000000 -0.058824)
            (-0.300000 -0.000000 -0.047059)
            (-0.300000 -0.000000 -0.035294)
            (-0.300000 -0.000000 -0.023529)
            (-0.300000 -0.000000 -0.011765)
            (-0.300000 0.000000 0.000000)
            (-0.300000 0.000000 0.011765)
            (-0.300000 0.000000 0.023529)
            (-0.300000 0.000000 0.035294)
            (-0.300000 0.000000 0.047059)
            (-0.300000 0.000000 0.058824)
            (-0.300000 0.000000 0.070588)
            (-0.300000 0.000000 0.082353)
            (-0.300000 0.000000 0.094118)
            (-0.300000 0.000000 0.105882)
            (-0.300000 0.000000 0.117647)
            (-0.300000 0.000000 0.129412)
            (-0.300000 0.000000 0.141176)
            (-0.300000 0.000000 0.152941)
            (-0.300000 0.000000 0.164706)
            (-0.300000 0.000000 0.176471)
            (-0.300000 0.000000 0.188235)
            (-0.300000 0.000000 0.200000)
            (-0.300000 0.003045 -0.011364)
            (-0.300000 0.003045 0.011364)
            (-0.300000 0.005882 -0.010189)
            (-0.300000 0.005882 0.010189)
            (-0.300000 0.006090 -0.022728)
            (-0.300000 0.006090 0.022728)
            (-0.300000 0.008319 -0.008319)
            (-0.300000 0.008319 0.008319)
            (-0.300000 0.009135 -0.034091)
            (-0.300000 0.009135 0.034091)
            (-0.300000 0.010189 -0.005882)
            (-0.300000 0.010189 0.005882)
            (-0.300000 0.011364 -0.003045)
            (-0.300000 0.011364 0.003045)
            (-0.300000 0.011765 -0.020377)
            (-0.300000 0.011765 0.000000)
            (-0.300000 0.011765 0.020377)
            (-0.300000 0.012180 -0.045455)
            (-0.300000 0.012180 0.045455)
            (-0.300000 0.015225 -0.056819)
            (-0.300000 0.015225 0.056819)
            (-0.300000 0.016638 -0.016638)
            (-0.300000 0.016638 0.016638)
            (-0.300000 0.017647 -0.030566)
            (-0.300000 0.017647 0.030566)
            (-0.300000 0.018270 -0.068183)
            (-0.300000 0.018270 0.068183)
            (-0.300000 0.020377 -0.011765)
            (-0.300000 0.020377 0.011765)
            (-0.300000 0.021315 -0.079547)
            (-0.300000 0.021315 0.079547)
            (-0.300000 0.022728 -0.006090)
            (-0.300000 0.022728 0.006090)
            (-0.300000 0.023529 -0.040754)
            (-0.300000 0.023529 0.000000)
            (-0.300000 0.023529 0.040754)
            (-0.300000 0.024359 -0.090911)
            (-0.300000 0.024359 0.090911)
            (-0.300000 0.024957 -0.024957)
            (-0.300000 0.024957 0.024957)
            (-0.300000 0.027404 -0.102274)
            (-0.300000 0.027404 0.102274)
            (-0.300000 0.029412 -0.050943)
            (-0.300000 0.029412 0.050943)
            (-0.300000 0.030449 -0.113638)
            (-0.300000 0.030449 0.113638)
            (-0.300000 0.030566 -0.017647)
            (-0.300000 0.030566 0.017647)
            (-0.300000 0.033276 -0.033276)
            (-0.300000 0.033276 0.033276)
            (-0.300000 0.033494 -0.125002)
            (-0.300000 0.033494 0.125002)
            (-0.300000 0.034091 -0.009135)
            (-0.300000 0.034091 0.009135)
            (-0.300000 0.035294 -0.061131)
            (-0.300000 0.035294 0.000000)
            (-0.300000 0.035294 0.061131)
            (-0.300000 0.036539 -0.136366)
            (-0.300000 0.036539 0.136366)
            (-0.300000 0.039584 -0.147730)
            (-0.300000 0.039584 0.147730)
            (-0.300000 0.040754 -0.023529)
            (-0.300000 0.040754 0.023529)
            (-0.300000 0.041176 -0.071320)
            (-0.300000 0.041176 0.071320)
            (-0.300000 0.041595 -0.041595)
            (-0.300000 0.041595 0.041595)
            (-0.300000 0.042629 -0.159094)
            (-0.300000 0.042629 0.159094)
            (-0.300000 0.045455 -0.012180)
            (-0.300000 0.045455 0.012180)
            (-0.300000 0.045674 -0.170457)
            (-0.300000 0.045674 0.170457)
            (-0.300000 0.047059 -0.081508)
            (-0.300000 0.047059 0.000000)
            (-0.300000 0.047059 0.081508)
            (-0.300000 0.048719 -0.181821)
            (-0.300000 0.048719 0.181821)
            (-0.300000 0.049913 -0.049913)
            (-0.300000 0.049913 0.049913)
            (-0.300000 0.050943 -0.029412)
            (-0.300000 0.050943 0.029412)
            (-0.300000 0.051764 -0.193185)
            (-0.300000 0.051764 0.193185)
            (-0.300000 0.052941 -0.091697)
            (-0.300000 0.052941 0.091697)
            (-0.300000 0.056819 -0.015225)
            (-0.300000 0.056819 0.015225)
            (-0.300000 0.058232 -0.058232)
            (-0.300000 0.058232 0.058232)
            (-0.300000 0.058824 -0.101885)
            (-0.300000 0.058824 0.000000)
            (-0.300000 0.058824 0.101885)
            (-0.300000 0.061131 -0.035294)
            (-0.300000 0.061131 0.035294)
            (-0.300000 0.064706 -0.112074)
            (-0.300000 0.064706 0.112074)
            (-0.300000 0.066551 -0.066551)
            (-0.300000 0.066551 0.066551)
            (-0.300000 0.068183 -0.018270)
            (-0.300000 0.068183 0.018270)
            (-0.300000 0.070588 -0.122262)
            (-0.300000 0.070588 0.000000)
            (-0.300000 0.070588 0.122262)
            (-0.300000 0.071320 -0.041176)
            (-0.300000 0.071320 0.041176)
            (-0.300000 0.074870 -0.074870)
            (-0.300000 0.074870 0.074870)
            (-0.300000 0.076471 -0.132451)
            (-0.300000 0.076471 0.132451)
            (-0.300000 0.079547 -0.021315)
            (-0.300000 0.079547 0.021315)
            (-0.300000 0.081508 -0.047059)
            (-0.300000 0.081508 0.047059)
            (-0.300000 0.082353 -0.142639)
            (-0.300000 0.082353 0.000000)
            (-0.300000 0.082353 0.142639)
            (-0.300000 0.083189 -0.083189)
            (-0.300000 0.083189 0.083189)
            (-0.300000 0.088235 -0.152828)
            (-0.300000 0.088235 0.152828)
            (-0.300000 0.090911 -0.024359)
            (-0.300000 0.090911 0.024359)
            (-0.300000 0.091508 -0.091508)
            (-0.300000 0.091508 0.091508)
            (-0.300000 0.091697 -0.052941)
            (-0.300000 0.091697 0.052941)
            (-0.300000 0.094118 -0.163017)
            (-0.300000 0.094118 0.000000)
            (-0.300000 0.094118 0.163017)
            (-0.300000 0.099827 -0.099827)
            (-0.300000 0.099827 0.099827)
            (-0.300000 0.100000 -0.173205)
            (-0.300000 0.100000 0.173205)
            (-0.300000 0.101885 -0.058824)
            (-0.300000 0.101885 0.058824)
            (-0.300000 0.102274 -0.027404)
            (-0.300000 0.102274 0.027404)
            (-0.300000 0.105882 0.000000)
            (-0.300000 0.108146 -0.108146)
            (-0.300000 0.108146 0.108146)
            (-0.300000 0.112074 -0.064706)
            (-0.300000 0.112074 0.064706)
            (-0.300000 0.113638 -0.030449)
            (-0.300000 0.113638 0.030449)
            (-0.300000 0.116465 -0.116465)
            (-0.300000 0.116465 0.116465)
            (-0.300000 0.117647 0.000000)
            (-0.300000 0.122262 -0.070588)
            (-0.300000 0.122262 0.070588)
            (-0.300000 0.124784 -0.124784)
            (-0.300000 0.124784 0.124784)
            (-0.300000 0.125002 -0.033494)
            (-0.300000 0.125002 0.033494)
            (-0.300000 0.129412 0.000000)
            (-0.300000 0.132451 -0.076471)
            (-0.300000 0.132451 0.076471)
            (-0.300000 0.133102 -0.133102)
            (-0.300000 0.133102 0.133102)
            (-0.300000 0.136366 -0.036539)
            (-0.300000 0.136366 0.036539)
            (-0.300000 0.141176 0.000000)
            (-0.300000 0.141421 -0.141421)
            (-0.300000 0.141421 0.141421)
            (-0.300000 0.142639 -0.082353)
            (-0.300000 0.142639 0.082353)
            (-0.300000 0.147730 -0.039584)
            (-0.300000 0.147730 0.039584)
            (-0.300000 0.152828 -0.088235)
            (-0.300000 0.152828 0.088235)
            (-0.300000 0.152941 0.000000)
            (-0.300000 0.159094 -0.042629)
            (-0.300000 0.159094 0.042629)
            (-0.300000 0.163017 -0.094118)
            (-0.300000 0.163017 0.094118)
            (-0.300000 0.164706 0.000000)
            (-0.300000 0.170457 -0.045674)
            (-0.300000 0.170457 0.045674)
            (-0.300000 0.173205 -0.100000)
            (-0.300000 0.173205 0.100000)
            (-0.300000 0.176471 0.000000)
            (-0.300000 0.181821 -0.048719)
            (-0.300000 0.181821 0.048719)
            (-0.300000 0.188235 0.000000)
            (-0.300000 0.193185 -0.051764)
            (-0.300000 0.193185 0.051764)
            (-0.300000 0.200000 0.000000)
            (-0.288462 -0.200000 0.000000)
            (-0.288462 -0.193185 -0.051764)
            (-0.288462 -0.193185 0.051764)
            (-0.288462 -0.188235 0.000000)
            (-0.288462 -0.181821 -0.048719)
            (-0.288462 -0.181821 0.048719)
            (-0.288462 -0.176471 0.000000)
            (-0.288462 -0.173205 -0.100000)
            (-0.288462 -0.173205 0.100000)
            (-0.288462 -0.170457 -0.045674)
            (-0.288462 -0.170457 0.045674)
            (-0.288462 -0.164706 0.000000)
            (-0.288462 -0.163017 -0.094118)
            (-0.288462 -0.163017 0.094118)
            (-0.288462 -0.159094 -0.042629)
            (-0.288462 -0.159094 0.042629)
            (-0.288462 -0.152941 0.000000)
            (-0.288462 -0.152828 -0.088235)
            (-0.288462 -0.152828 0.088235)
            (-0.288462 -0.147730 -0.039584)
            (-0.288462 -0.147730 0.039584)
            (-0.288462 -0.142639 -0.082353)
            (-0.288462 -0.142639 0.082353)
            (-0.288462 -0.141421 -0.141421)
            (-0.288462 -0.141421 0.141421)
            (-0.288462 -0.141176 0.000000)
            (-0.288462 -0.136366 -0.036539)
            (-0.288462 -0.136366 0.036539)
            (-0.288462 -0.133102 -0.133102)
            (-0.288462 -0.133102 0.133102)
            (-0.288462 -0.132451 -0.076471)
            (-0.288462 -0.132451 0.076471)
            (-0.288462 -0.129412 0.000000)
            (-0.288462 -0.125002 -0.033494)
            (-0.288462 -0.125002 0.033494)
            (-0.288462 -0.124784 -0.124784)
            (-0.288462 -0.124784 0.124784)
            (-0.288462 -0.122262 -0.070588)
            (-0.288462 -0.122262 0.070588)
            (-0.288462 -0.117647 0.000000)
            (-0.288462 -0.116465 -0.116465)
            (-0.288462 -0.116465 0.116465)
            (-0.288462 -0.113638 -0.030449)
            (-0.288462 -0.113638 0.030449)
            (-0.288462 -0.112074 -0.064706)
            (-0.288462 -0.112074 0.064706)
            (-0.288462 -0.108146 -0.108146)
            (-0.288462 -0.108146 0.108146)
            (-0.288462 -0.105882 0.000000)
            (-0.288462 -0.102274 -0.027404)
            (-0.288462 -0.102274 0.027404)
            (-0.288462 -0.101885 -0.058824)
            (-0.288462 -0.101885 0.058824)
            (-0.288462 -0.100000 -0.173205)
            (-0.288462 -0.100000 0.173205)
            (-0.288462 -0.099827 -0.099827)
            (-0.288462 -0.099827 0.099827)
            (-0.288462 -0.094118 -0.163017)
            (-0.288462 -0.094118 0.000000)
            (-0.288462 -0.094118 0.163017)
            (-0.288462 -0.091697 -0.052941)
            (-0.288462 -0.091697 0.052941)
            (-0.288462 -0.091508 -0.091508)
            (-0.288462 -0.091508 0.091508)
            (-0.288462 -0.090911 -0.024359)
            (-0.288462 -0.090911 0.024359)
            (-0.288462 -0.088235 -0.152828)
            (-0.288462 -0.088235 0.152828)
            (-0.288462 -0.083189 -0.083189)
            (-0.288462 -0.083189 0.083189)
            (-0.288462 -0.082353 -0.142639)
            (-0.288462 -0.082353 0.000000)
            (-0.288462 -0.082353 0.142639)
            (-0.288462 -0.081508 -0.047059)
            (-0.288462 -0.081508 0.047059)
            (-0.288462 -0.079547 -0.021315)
            (-0.288462 -0.079547 0.021315)
            (-0.288462 -0.076471 -0.132451)
            (-0.288462 -0.076471 0.132451)
            (-0.288462 -0.074870 -0.074870)
            (-0.288462 -0.074870 0.074870)
            (-0.288462 -0.071320 -0.041176)
            (-0.288462 -0.071320 0.041176)
            (-0.288462 -0.070588 -0.122262)
            (-0.288462 -0.070588 0.000000)
            (-0.288462 -0.070588 0.122262)
            (-0.288462 -0.068183 -0.018270)
            (-0.288462 -0.068183 0.018270)
            (-0.288462 -0.066551 -0.066551)
            (-0.288462 -0.066551 0.066551)
            (-0.288462 -0.064706 -0.112074)
            (-0.288462 -0.064706 0.112074)
            (-0.288462 -0.061131 -0.035294)
            (-0.288462 -0.061131 0.035294)
            (-0.288462 -0.058824 -0.101885)
            (-0.288462 -0.058824 0.000000)
            (-0.288462 -0.058824 0.101885)
            (-0.288462 -0.058232 -0.058232)
            (-0.288462 -0.058232 0.058232)
            (-0.288462 -0.056819 -0.015225)
            (-0.288462 -0.056819 0.015225)
            (-0.288462 -0.052941 -0.091697)
            (-0.288462 -0.052941 0.091697)
            (-0.288462 -0.051764 -0.193185)
            (-0.288462 -0.051764 0.193185)
            (-0.288462 -0.050943 -0.029412)
            (-0.288462 -0.050943 0.029412)
            (-0.288462 -0.049913 -0.049913)
            (-0.288462 -0.049913 0.049913)
            (-0.288462 -0.048719 -0.181821)
            (-0.288462 -0.048719 0.181821)
            (-0.288462 -0.047059 -0.081508)
            (-0.288462 -0.047059 0.000000)
            (-0.288462 -0.047059 0.081508)
            (-0.288462 -0.045674 -0.170457)
            (-0.288462 -0.045674 0.170457)
            (-0.288462 -0.045455 -0.012180)
            (-0.288462 -0.045455 0.012180)
            (-0.288462 -0.042629 -0.159094)
            (-0.288462 -0.042629 0.159094)
            (-0.288462 -0.041595 -0.041595)
            (-0.288462 -0.041595 0.041595)
            (-0.288462 -0.041176 -0.071320)
            (-0.288462 -0.041176 0.071320)
            (-0.288462 -0.040754 -0.023529)
            (-0.288462 -0.040754 0.023529)
            (-0.288462 -0.039584 -0.147730)
            (-0.288462 -0.039584 0.147730)
            (-0.288462 -0.036539 -0.136366)
            (-0.288462 -0.036539 0.136366)
            (-0.288462 -0.035294 -0.061131)
            (-0.288462 -0.035294 0.000000)
            (-0.288462 -0.035294 0.061131)
            (-0.288462 -0.034091 -0.009135)
            (-0.288462 -0.034091 0.009135)
            (-0.288462 -0.033494 -0.125002)
            (-0.288462 -0.033494 0.125002)
            (-0.288462 -0.033276 -0.033276)
            (-0.288462 -0.033276 0.033276)
            (-0.288462 -0.030566 -0.017647)
            (-0.288462 -0.030566 0.017647)
            (-0.288462 -0.030449 -0.113638)
            (-0.288462 -0.030449 0.113638)
            (-0.288462 -0.029412 -0.050943)
            (-0.288462 -0.029412 0.050943)
            (-0.288462 -0.027404 -0.102274)
            (-0.288462 -0.027404 0.102274)
            (-0.288462 -0.024957 -0.024957)
            (-0.288462 -0.024957 0.024957)
            (-0.288462 -0.024359 -0.090911)
            (-0.288462 -0.024359 0.090911)
            (-0.288462 -0.023529 -0.040754)
            (-0.288462 -0.023529 0.000000)
            (-0.288462 -0.023529 0.040754)
            (-0.288462 -0.022728 -0.006090)
            (-0.288462 -0.022728 0.006090)
            (-0.288462 -0.021315 -0.079547)
            (-0.288462 -0.021315 0.079547)
            (-0.288462 -0.020377 -0.011765)
            (-0.288462 -0.020377 0.011765)
            (-0.288462 -0.018270 -0.068183)
            (-0.288462 -0.018270 0.068183)
            (-0.288462 -0.017647 -0.030566)
            (-0.288462 -0.017647 0.030566)
            (-0.288462 -0.016638 -0.016638)
            (-0.288462 -0.016638 0.016638)
            (-0.288462 -0.015225 -0.056819)
            (-0.288462 -0.015225 0.056819)
            (-0.288462 -0.012180 -0.045455)
            (-0.288462 -0.012180 0.045455)
            (-0.288462 -0.011765 -0.020377)
            (-0.288462 -0.011765 0.000000)
            (-0.288462 -0.011765 0.020377)
            (-0.288462 -0.011364 -0.003045)
            (-0.288462 -0.011364 0.003045)
            (-0.288462 -0.010189 -0.005882)
            (-0.288462 -0.010189 0.005882)
            (-0.288462 -0.009135 -0.034091)
            (-0.288462 -0.009135 0.034091)
            (-0.288462 -0.008319 -0.008319)
            (-0.288462 -0.008319 0.008319)
            (-0.288462 -0.006090 -0.022728)
            (-0.288462 -0.006090 0.022728)
            (-0.288462 -0.005882 -0.010189)
            (-0.288462 -0.005882 0.010189)
            (-0.288462 -0.003045 -0.011364)
            (-0.288462 -0.003045 0.011364)
            (-0.288462 -0.000000 -0.200000)
            (-0.288462 -0.000000 -0.188235)
            (-0.288462 -0.000000 -0.176471)
            (-0.288462 -0.000000 -0.164706)
            (-0.288462 -0.000000 -0.152941)
            (-0.288462 -0.000000 -0.141176)
            (-0.288462 -0.000000 -0.129412)
            (-0.288462 -0.000000 -0.117647)
            (-0.288462 -0.000000 -0.105882)
            (-0.288462 -0.000000 -0.094118)
            (-0.288462 -0.000000 -0.082353)
            (-0.288462 -0.000000 -0.070588)
            (-0.288462 -0.000000 -0.058824)
            (-0.288462 -0.000000 -0.047059)
            (-0.288462 -0.000000 -0.035294)
            (-0.288462 -0.000000 -0.023529)
            (-0.288462 -0.000000 -0.011765)
            (-0.288462 0.000000 -0.000000)
            (-0.288462 0.000000 0.011765)
            (-0.288462 0.000000 0.023529)
            (-0.288462 0.000000 0.035294)
            (-0.288462 0.000000 0.047059)
            (-0.288462 0.000000 0.058824)
            (-0.288462 0.000000 0.070588)
            (-0.288462 0.000000 0.082353)
            (-0.288462 0.000000 0.094118)
            (-0.288462 0.000000 0.105882)
            (-0.288462 0.000000 0.117647)
            (-0.288462 0.000000 0.129412)
            (-0.288462 0.000000 0.141176)
            (-0.288462 0.000000 0.152941)
            (-0.288462 0.000000 0.164706)
            (-0.288462 0.000000 0.176471)
            (-0.288462 0.000000 0.188235)
            (-0.288462 0.000000 0.200000)
            (-0.288462 0.003045 -0.011364)
            (-0.288462 0.003045 0.011364)
            (-0.288462 0.005882 -0.010189)
            (-0.288462 0.005882 0.010189)
            (-0.288462 0.006090 -0.022728)
            (-0.288462 0.006090 0.022728)
            (-0.288462 0.008319 -0.008319)
            (-0.288462 0.008319 0.008319)
            (-0.288462 0.009135 -0.034091)
            (-0.288462 0.009135 0.034091)
            (-0.288462 0.010189 -0.005882)
            (-0.288462 0.010189 0.005882)
            (-0.288462 0.011364 -0.003045)
            (-0.288462 0.011364 0.003045)
            (-0.288462 0.011765 -0.020377)
            (-0.288462 0.011765 0.000000)
            (-0.288462 0.011765 0.020377)
            (-0.288462 0.012180 -0.045455)
            (-0.288462 0.012180 0.045455)
            (-0.288462 0.015225 -0.056819)
            (-0.288462 0.015225 0.056819)
            (-0.288462 0.016638 -0.016638)
            (-0.288462 0.016638 0.016638)
            (-0.288462 0.017647 -0.030566)
            (-0.288462 0.017647 0.030566)
            (-0.288462 0.018270 -0.068183)
            (-0.288462 0.018270 0.068183)
            (-0.288462 0.020377 -0.011765)
            (-0.288462 0.020377 0.011765)
            (-0.288462 0.021315 -0.079547)
            (-0.288462 0.021315 0.079547)
            (-0.288462 0.022728 -0.006090)
            (-0.288462 0.022728 0.006090)
            (-0.288462 0.023529 -0.040754)
            (-0.288462 0.023529 0.000000)
            (-0.288462 0.023529 0.040754)
            (-0.288462 0.024359 -0.090911)
            (-0.288462 0.024359 0.090911)
            (-0.288462 0.024957 -0.024957)
            (-0.288462 0.024957 0.024957)
            (-0.288462 0.027404 -0.102274)
            (-0.288462 0.027404 0.102274)
            (-0.288462 0.029412 -0.050943)
            (-0.288462 0.029412 0.050943)
            (-0.288462 0.030449 -0.113638)
            (-0.288462 0.030449 0.113638)
            (-0.288462 0.030566 -0.017647)
            (-0.288462 0.030566 0.017647)
            (-0.288462 0.033276 -0.033276)
            (-0.288462 0.033276 0.033276)
            (-0.288462 0.033494 -0.125002)
            (-0.288462 0.033494 0.125002)
            (-0.288462 0.034091 -0.009135)
            (-0.288462 0.034091 0.009135)
            (-0.288462 0.035294 -0.061131)
            (-0.288462 0.035294 0.000000)
            (-0.288462 0.035294 0.061131)
            (-0.288462 0.036539 -0.136366)
            (-0.288462 0.036539 0.136366)
            (-0.288462 0.039584 -0.147730)
            (-0.288462 0.039584 0.147730)
            (-0.288462 0.040754 -0.023529)
            (-0.288462 0.040754 0.023529)
            (-0.288462 0.041176 -0.071320)
            (-0.288462 0.041176 0.071320)
            (-0.288462 0.041595 -0.041595)
            (-0.288462 0.041595 0.041595)
            (-0.288462 0.042629 -0.159094)
            (-0.288462 0.042629 0.159094)
            (-0.288462 0.045455 -0.012180)
            (-0.288462 0.045455 0.012180)
            (-0.288462 0.045674 -0.170457)
            (-0.288462 0.045674 0.170457)
            (-0.288462 0.047059 -0.081508)
            (-0.288462 0.047059 0.000000)
            (-0.288462 0.047059 0.081508)
            (-0.288462 0.048719 -0.181821)
            (-0.288462 0.048719 0.181821)
            (-0.288462 0.049913 -0.049913)
            (-0.288462 0.049913 0.049913)
            (-0.288462 0.050943 -0.029412)
            (-0.288462 0.050943 0.029412)
            (-0.288462 0.051764 -0.193185)
            (-0.288462 0.051764 0.193185)
            (-0.288462 0.052941 -0.091697)
            (-0.288462 0.052941 0.091697)
            (-0.288462 0.056819 -0.015225)
            (-0.288462 0.056819 0.015225)
            (-0.288462 0.058232 -0.058232)
            (-0.288462 0.058232 0.058232)
            (-0.288462 0.058824 -0.101885)
            (-0.288462 0.058824 0.000000)
            (-0.288462 0.058824 0.101885)
            (-0.288462 0.061131 -0.035294)
            (-0.288462 0.061131 0.035294)
            (-0.288462 0.064706 -0.112074)
            (-0.288462 0.064706 0.112074)
            (-0.288462 0.066551 -0.066551)
            (-0.288462 0.066551 0.066551)
            (-0.288462 0.068183 -0.018270)
            (-0.288462 0.068183 0.018270)
            (-0.288462 0.070588 -0.122262)
            (-0.288462 0.070588 0.000000)
            (-0.288462 0.070588 0.122262)
            (-0.288462 0.071320 -0.041176)
            (-0.288462 0.071320 0.041176)
            (-0.288462 0.074870 -0.074870)
            (-0.288462 0.074870 0.074870)
            (-0.288462 0.076471 -0.132451)
            (-0.288462 0.076471 0.132451)
            (-0.288462 0.079547 -0.021315)
            (-0.288462 0.079547 0.021315)
            (-0.288462 0.081508 -0.047059)
            (-0.288462 0.081508 0.047059)
            (-0.288462 0.082353 -0.142639)
            (-0.288462 0.082353 0.000000)
            (-0.288462 0.082353 0.142639)
            (-0.288462 0.083189 -0.083189)
            (-0.288462 0.083189 0.083189)
            (-0.288462 0.088235 -0.152828)
            (-0.288462 0.088235 0.152828)
            (-0.288462 0.090911 -0.024359)
            (-0.288462 0.090911 0.024359)
            (-0.288462 0.091508 -0.091508)
            (-0.288462 0.091508 0.091508)
            (-0.288462 0.091697 -0.052941)
            (-0.288462 0.091697 0.052941)
            (-0.288462 0.094118 -0.163017)
            (-0.288462 0.094118 0.000000)
            (-0.288462 0.094118 0.163017)
            (-0.288462 0.099827 -0.099827)
            (-0.288462 0.099827 0.099827)
            (-0.288462 0.100000 -0.173205)
            (-0.288462 0.100000 0.173205)
            (-0.288462 0.101885 -0.058824)
            (-0.288462 0.101885 0.058824)
            (-0.288462 0.102274 -0.027404)
            (-0.288462 0.102274 0.027404)
            (-0.288462 0.105882 0.000000)
            (-0.288462 0.108146 -0.108146)
            (-0.288462 0.108146 0.108146)
            (-0.288462 0.112074 -0.064706)
            (-0.288462 0.112074 0.064706)
            (-0.288462 0.113638 -0.030449)
            (-0.288462 0.113638 0.030449)
            (-0.288462 0.116465 -0.116465)
            (-0.288462 0.116465 0.116465)
            (-0.288462 0.117647 0.000000)
            (-0.288462 0.122262 -0.070588)
            (-0.288462 0.122262 0.070588)
            (-0.288462 0.124784 -0.124784)
            (-0.288462 0.124784 0.124784)
            (-0.288462 0.125002 -0.033494)
            (-0.288462 0.125002 0.033494)
            (-0.288462 0.129412 0.000000)
            (-0.288462 0.132451 -0.076471)
            (-0.288462 0.132451 0.076471)
            (-0.288462 0.133102 -0.133102)
            (-0.288462 0.133102 0.133102)
            (-0.288462 0.136366 -0.036539)
            (-0.288462 0.136366 0.036539)
            (-0.288462 0.141176 0.000000)
            (-0.288462 0.141421 -0.141421)
            (-0.288462 0.141421 0.141421)
            (-0.288462 0.142639 -0.082353)
            (-0.288462 0.142639 0.082353)
            (-0.288462 0.147730 -0.039584)
            (-0.288462 0.147730 0.039584)
            (-0.288462 0.152828 -0.088235)
            (-0.288462 0.152828 0.088235)
            (-0.288462 0.152941 0.000000)
            (-0.288462 0.159094 -0.042629)
            (-0.288462 0.159094 0.042629)
            (-0.288462 0.163017 -0.094118)
            (-0.288462 0.163017 0.094118)
            (-0.288462 0.164706 0.000000)
            (-0.288462 0.170457 -0.045674)
            (-0.288462 0.170457 0.045674)
            (-0.288462 0.173205 -0.100000)
            (-0.288462 0.173205 0.100000)
            (-0.288462 0.176471 0.000000)
            (-0.288462 0.181821 -0.048719)
            (-0.288462 0.181821 0.048719)
            (-0.288462 0.188235 0.000000)
            (-0.288462 0.193185 -0.051764)
            (-0.288462 0.193185 0.051764)
            (-0.288462 0.200000 0.000000)
            (-0.276923 -0.200000 0.000000)
            (-0.276923 -0.193185 -0.051764)
            (-0.276923 -0.193185 0.051764)
            (-0.276923 -0.188235 0.000000)
            (-0.276923 -0.181821 -0.048719)
            (-0.276923 -0.181821 0.048719)
            (-0.276923 -0.176471 0.000000)
            (-0.276923 -0.173205 -0.100000)
            (-0.276923 -0.173205 0.100000)
            (-0.276923 -0.170457 -0.045674)
            (-0.276923 -0.170457 0.045674)
            (-0.276923 -0.164706 0.000000)
            (-0.276923 -0.163017 -0.094118)
            (-0.276923 -0.163017 0.094118)
            (-0.276923 -0.159094 -0.042629)
            (-0.276923 -0.159094 0.042629)
            (-0.276923 -0.152941 0.000000)
            (-0.276923 -0.152828 -0.088235)
            (-0.276923 -0.152828 0.088235)
            (-0.276923 -0.147730 -0.039584)
            (-0.276923 -0.147730 0.039584)
            (-0.276923 -0.142639 -0.082353)
            (-0.276923 -0.142639 0.082353)
            (-0.276923 -0.141421 -0.141421)
            (-0.276923 -0.141421 0.141421)
            (-0.276923 -0.141176 0.000000)
            (-0.276923 -0.136366 -0.036539)
            (-0.276923 -0.136366 0.036539)
            (-0.276923 -0.133102 -0.133102)
            (-0.276923 -0.133102 0.133102)
            (-0.276923 -0.132451 -0.076471)
            (-0.276923 -0.132451 0.076471)
            (-0.276923 -0.129412 0.000000)
            (-0.276923 -0.125002 -0.033494)
            (-0.276923 -0.125002 0.033494)
            (-0.276923 -0.124784 -0.124784)
            (-0.276923 -0.124784 0.124784)
            (-0.276923 -0.122262 -0.070588)
            (-0.276923 -0.122262 0.070588)
            (-0.276923 -0.117647 0.000000)
            (-0.276923 -0.116465 -0.116465)
            (-0.276923 -0.116465 0.116465)
            (-0.276923 -0.113638 -0.030449)
            (-0.276923 -0.113638 0.030449)
            (-0.276923 -0.112074 -0.064706)
            (-0.276923 -0.112074 0.064706)
            (-0.276923 -0.108146 -0.108146)
            (-0.276923 -0.108146 0.108146)
            (-0.276923 -0.105882 0.000000)
            (-0.276923 -0.102274 -0.027404)
            (-0.276923 -0.102274 0.027404)
            (-0.276923 -0.101885 -0.058824)
            (-0.276923 -0.101885 0.058824)
            (-0.276923 -0.100000 -0.173205)
            (-0.276923 -0.100000 0.173205)
            (-0.276923 -0.099827 -0.099827)
            (-0.276923 -0.099827 0.099827)
            (-0.276923 -0.094118 -0.163017)
            (-0.276923 -0.094118 0.000000)
            (-0.276923 -0.094118 0.163017)
            (-0.276923 -0.091697 -0.052941)
            (-0.276923 -0.091697 0.052941)
            (-0.276923 -0.091508 -0.091508)
            (-0.276923 -0.091508 0.091508)
            (-0.276923 -0.090911 -0.024359)
            (-0.276923 -0.090911 0.024359)
            (-0.276923 -0.088235 -0.152828)
            (-0.276923 -0.088235 0.152828)
            (-0.276923 -0.083189 -0.083189)
            (-0.276923 -0.083189 0.083189)
            (-0.276923 -0.082353 -0.142639)
            (-0.276923 -0.082353 0.000000)
            (-0.276923 -0.082353 0.142639)
            (-0.276923 -0.081508 -0.047059)
            (-0.276923 -0.081508 0.047059)
            (-0.276923 -0.079547 -0.021315)
            (-0.276923 -0.079547 0.021315)
            (-0.276923 -0.076471 -0.132451)
            (-0.276923 -0.076471 0.132451)
            (-0.276923 -0.074870 -0.074870)
            (-0.276923 -0.074870 0.074870)
            (-0.276923 -0.071320 -0.041176)
            (-0.276923 -0.071320 0.041176)
            (-0.276923 -0.070588 -0.122262)
            (-0.276923 -0.070588 0.000000)
            (-0.276923 -0.070588 0.122262)
            (-0.276923 -0.068183 -0.018270)
            (-0.276923 -0.068183 0.018270)
            (-0.276923 -0.066551 -0.066551)
            (-0.276923 -0.066551 0.066551)
            (-0.276923 -0.064706 -0.112074)
            (-0.276923 -0.064706 0.112074)
            (-0.276923 -0.061131 -0.035294)
            (-0.276923 -0.061131 0.035294)
            (-0.276923 -0.058824 -0.101885)
            (-0.276923 -0.058824 0.000000)
            (-0.276923 -0.058824 0.101885)
            (-0.276923 -0.058232 -0.058232)
            (-0.276923 -0.058232 0.058232)
            (-0.276923 -0.056819 -0.015225)
            (-0.276923 -0.056819 0.015225)
            (-0.276923 -0.052941 -0.091697)
            (-0.276923 -0.052941 0.091697)
            (-0.276923 -0.051764 -0.193185)
            (-0.276923 -0.051764 0.193185)
            (-0.276923 -0.050943 -0.029412)
            (-0.276923 -0.050943 0.029412)
            (-0.276923 -0.049913 -0.049913)
            (-0.276923 -0.049913 0.049913)
            (-0.276923 -0.048719 -0.181821)
            (-0.276923 -0.048719 0.181821)
            (-0.276923 -0.047059 -0.081508)
            (-0.276923 -0.047059 0.000000)
            (-0.276923 -0.047059 0.081508)
            (-0.276923 -0.045674 -0.170457)
            (-0.276923 -0.045674 0.170457)
            (-0.276923 -0.045455 -0.012180)
            (-0.276923 -0.045455 0.012180)
            (-0.276923 -0.042629 -0.159094)
            (-0.276923 -0.042629 0.159094)
            (-0.276923 -0.041595 -0.041595)
            (-0.276923 -0.041595 0.041595)
            (-0.276923 -0.041176 -0.071320)
            (-0.276923 -0.041176 0.071320)
            (-0.276923 -0.040754 -0.023529)
            (-0.276923 -0.040754 0.023529)
            (-0.276923 -0.039584 -0.147730)
            (-0.276923 -0.039584 0.147730)
            (-0.276923 -0.036539 -0.136366)
            (-0.276923 -0.036539 0.136366)
            (-0.276923 -0.035294 -0.061131)
            (-0.276923 -0.035294 0.000000)
            (-0.276923 -0.035294 0.061131)
            (-0.276923 -0.034091 -0.009135)
            (-0.276923 -0.034091 0.009135)
            (-0.276923 -0.033494 -0.125002)
            (-0.276923 -0.033494 0.125002)
            (-0.276923 -0.033276 -0.033276)
            (-0.276923 -0.033276 0.033276)
            (-0.276923 -0.030566 -0.017647)
            (-0.276923 -0.030566 0.017647)
            (-0.276923 -0.030449 -0.113638)
            (-0.276923 -0.030449 0.113638)
            (-0.276923 -0.029412 -0.050943)
            (-0.276923 -0.029412 0.050943)
            (-0.276923 -0.027404 -0.102274)
            (-0.276923 -0.027404 0.102274)
            (-0.276923 -0.024957 -0.024957)
            (-0.276923 -0.024957 0.024957)
            (-0.276923 -0.024359 -0.090911)
            (-0.276923 -0.024359 0.090911)
            (-0.276923 -0.023529 -0.040754)
            (-0.276923 -0.023529 0.000000)
            (-0.276923 -0.023529 0.040754)
            (-0.276923 -0.022728 -0.006090)
            (-0.276923 -0.022728 0.006090)
            (-0.276923 -0.021315 -0.079547)
            (-0.276923 -0.021315 0.079547)
            (-0.276923 -0.020377 -0.011765)
            (-0.276923 -0.020377 0.011765)
            (-0.276923 -0.018270 -0.068183)
            (-0.276923 -0.018270 0.068183)
            (-0.276923 -0.017647 -0.030566)
            (-0.276923 -0.017647 0.030566)
            (-0.276923 -0.016638 -0.016638)
            (-0.276923 -0.016638 0.016638)
            (-0.276923 -0.015225 -0.056819)
            (-0.276923 -0.015225 0.056819)
            (-0.276923 -0.012180 -0.045455)
            (-0.276923 -0.012180 0.045455)
            (-0.276923 -0.011765 -0.020377)
            (-0.276923 -0.011765 0.000000)
            (-0.276923 -0.011765 0.020377)
            (-0.276923 -0.011364 -0.003045)
            (-0.276923 -0.011364 0.003045)
            (-0.276923 -0.010189 -0.005882)
            (-0.276923 -0.010189 0.005882)
            (-0.276923 -0.009135 -0.034091)
            (-0.276923 -0.009135 0.034091)
            (-0.276923 -0.008319 -0.008319)
            (-0.276923 -0.008319 0.008319)
            (-0.276923 -0.006090 -0.022728)
            (-0.276923 -0.006090 0.022728)
            (-0.276923 -0.005882 -0.010189)
            (-0.276923 -0.005882 0.010189)
            (-0.276923 -0.003045 -0.011364)
            (-0.276923 -0.003045 0.011364)
            (-0.276923 -0.000000 -0.200000)
            (-0.276923 -0.000000 -0.188235)
            (-0.276923 -0.000000 -0.176471)
            (-0.276923 -0.000000 -0.164706)
            (-0.276923 -0.000000 -0.152941)
            (-0.276923 -0.000000 -0.141176)
            (-0.276923 -0.000000 -0.129412)
            (-0.276923 -0.000000 -0.117647)
            (-0.276923 -0.000000 -0.105882)
            (-0.276923 -0.000000 -0.094118)
            (-0.276923 -0.000000 -0.082353)
            (-0.276923 -0.000000 -0.070588)
            (-0.276923 -0.000000 -0.058824)
            (-0.276923 -0.000000 -0.047059)
            (-0.276923 -0.000000 -0.035294)
            (-0.276923 -0.000000 -0.023529)
            (-0.276923 -0.000000 -0.011765)
            (-0.276923 -0.000000 0.000000)
            (-0.276923 0.000000 0.011765)
            (-0.276923 0.000000 0.023529)
            (-0.276923 0.000000 0.035294)
            (-0.276923 0.000000 0.047059)
            (-0.276923 0.000000 0.058824)
            (-0.276923 0.000000 0.070588)
            (-0.276923 0.000000 0.082353)
            (-0.276923 0.000000 0.094118)
            (-0.276923 0.000000 0.105882)
            (-0.276923 0.000000 0.117647)
            (-0.276923 0.000000 0.129412)
            (-0.276923 0.000000 0.141176)
            (-0.276923 0.000000 0.152941)
            (-0.276923 0.000000 0.164706)
            (-0.276923 0.000000 0.176471)
            (-0.276923 0.000000 0.188235)
            (-0.276923 0.000000 0.200000)
            (-0.276923 0.003045 -0.011364)
            (-0.276923 0.003045 0.011364)
            (-0.276923 0.005882 -0.010189)
            (-0.276923 0.005882 0.010189)
            (-0.276923 0.006090 -0.022728)
            (-0.276923 0.006090 0.022728)
            (-0.276923 0.008319 -0.008319)
            (-0.276923 0.008319 0.008319)
            (-0.276923 0.009135 -0.034091)
            (-0.276923 0.009135 0.034091)
            (-0.276923 0.010189 -0.005882)
            (-0.276923 0.010189 0.005882)
            (-0.276923 0.011364 -0.003045)
            (-0.276923 0.011364 0.003045)
            (-0.276923 0.011765 -0.020377)
            (-0.276923 0.011765 0.000000)
            (-0.276923 0.011765 0.020377)
            (-0.276923 0.012180 -0.045455)
            (-0.276923 0.012180 0.045455)
            (-0.276923 0.015225 -0.056819)
            (-0.276923 0.015225 0.056819)
            (-0.276923 0.016638 -0.016638)
            (-0.276923 0.016638 0.016638)
            (-0.276923 0.017647 -0.030566)
            (-0.276923 0.017647 0.030566)
            (-0.276923 0.018270 -0.068183)
            (-0.276923 0.018270 0.068183)
            (-0.276923 0.020377 -0.011765)
            (-0.276923 0.020377 0.011765)
            (-0.276923 0.021315 -0.079547)
            (-0.276923 0.021315 0.079547)
            (-0.276923 0.022728 -0.006090)
            (-0.276923 0.022728 0.006090)
            (-0.276923 0.023529 -0.040754)
            (-0.276923 0.023529 0.000000)
            (-0.276923 0.023529 0.040754)
            (-0.276923 0.024359 -0.090911)
            (-0.276923 0.024359 0.090911)
            (-0.276923 0.024957 -0.024957)
            (-0.276923 0.024957 0.024957)
            (-0.276923 0.027404 -0.102274)
            (-0.276923 0.027404 0.102274)
            (-0.276923 0.029412 -0.050943)
            (-0.276923 0.029412 0.050943)
            (-0.276923 0.030449 -0.113638)
            (-0.276923 0.030449 0.113638)
            (-0.276923 0.030566 -0.017647)
            (-0.276923 0.030566 0.017647)
            (-0.276923 0.033276 -0.033276)
            (-0.276923 0.033276 0.033276)
            (-0.276923 0.033494 -0.125002)
            (-0.276923 0.033494 0.125002)
            (-0.276923 0.034091 -0.009135)
            (-0.276923 0.034091 0.009135)
            (-0.276923 0.035294 -0.061131)
            (-0.276923 0.035294 0.000000)
            (-0.276923 0.035294 0.061131)
            (-0.276923 0.036539 -0.136366)
            (-0.276923 0.036539 0.136366)
            (-0.276923 0.039584 -0.147730)
            (-0.276923 0.039584 0.147730)
            (-0.276923 0.040754 -0.023529)
            (-0.276923 0.040754 0.023529)
            (-0.276923 0.041176 -0.071320)
            (-0.276923 0.041176 0.071320)
            (-0.276923 0.041595 -0.041595)
            (-0.276923 0.041595 0.041595)
            (-0.276923 0.042629 -0.159094)
            (-0.276923 0.042629 0.159094)
            (-0.276923 0.045455 -0.012180)
            (-0.276923 0.045455 0.012180)
            (-0.276923 0.045674 -0.170457)
            (-0.276923 0.045674 0.170457)
            (-0.276923 0.047059 -0.081508)
            (-0.276923 0.047059 0.000000)
            (-0.276923 0.047059 0.081508)
            (-0.276923 0.048719 -0.181821)
            (-0.276923 0.048719 0.181821)
            (-0.276923 0.049913 -0.049913)
            (-0.276923 0.049913 0.049913)
            (-0.276923 0.050943 -0.029412)
            (-0.276923 0.050943 0.029412)
            (-0.276923 0.051764 -0.193185)
            (-0.276923 0.051764 0.193185)
            (-0.276923 0.052941 -0.091697)
            (-0.276923 0.052941 0.091697)
            (-0.276923 0.056819 -0.015225)
            (-0.276923 0.056819 0.015225)
            (-0.276923 0.058232 -0.058232)
            (-0.276923 0.058232 0.058232)
            (-0.276923 0.058824 -0.101885)
            (-0.276923 0.058824 0.000000)
            (-0.276923 0.058824 0.101885)
            (-0.276923 0.061131 -0.035294)
            (-0.276923 0.061131 0.035294)
            (-0.276923 0.064706 -0.112074)
            (-0.276923 0.064706 0.112074)
            (-0.276923 0.066551 -0.066551)
            (-0.276923 0.066551 0.066551)
            (-0.276923 0.068183 -0.018270)
            (-0.276923 0.068183 0.018270)
            (-0.276923 0.070588 -0.122262)
            (-0.276923 0.070588 0.000000)
            (-0.276923 0.070588 0.122262)
            (-0.276923 0.071320 -0.041176)
            (-0.276923 0.071320 0.041176)
            (-0.276923 0.074870 -0.074870)
            (-0.276923 0.074870 0.074870)
            (-0.276923 0.076471 -0.132451)
            (-0.276923 0.076471 0.132451)
            (-0.276923 0.079547 -0.021315)
            (-0.276923 0.079547 0.021315)
            (-0.276923 0.081508 -0.047059)
            (-0.276923 0.081508 0.047059)
            (-0.276923 0.082353 -0.142639)
            (-0.276923 0.082353 0.000000)
            (-0.276923 0.082353 0.142639)
            (-0.276923 0.083189 -0.083189)
            (-0.276923 0.083189 0.083189)
            (-0.276923 0.088235 -0.152828)
            (-0.276923 0.088235 0.152828)
            (-0.276923 0.090911 -0.024359)
            (-0.276923 0.090911 0.024359)
            (-0.276923 0.091508 -0.091508)
            (-0.276923 0.091508 0.091508)
            (-0.276923 0.091697 -0.052941)
            (-0.276923 0.091697 0.052941)
            (-0.276923 0.094118 -0.163017)
            (-0.276923 0.094118 0.000000)
            (-0.276923 0.094118 0.163017)
            (-0.276923 0.099827 -0.099827)
            (-0.276923 0.099827 0.099827)
            (-0.276923 0.100000 -0.173205)
            (-0.276923 0.100000 0.173205)
            (-0.276923 0.101885 -0.058824)
            (-0.276923 0.101885 0.058824)
            (-0.276923 0.102274 -0.027404)
            (-0.276923 0.102274 0.027404)
            (-0.276923 0.105882 0.000000)
            (-0.276923 0.108146 -0.108146)
            (-0.276923 0.108146 0.108146)
            (-0.276923 0.112074 -0.064706)
            (-0.276923 0.112074 0.064706)
            (-0.276923 0.113638 -0.030449)
            (-0.276923 0.113638 0.030449)
            (-0.276923 0.116465 -0.116465)
            (-0.276923 0.116465 0.116465)
            (-0.276923 0.117647 0.000000)
            (-0.276923 0.122262 -0.070588)
            (-0.276923 0.122262 0.070588)
            (-0.276923 0.124784 -0.124784)
            (-0.276923 0.124784 0.124784)
            (-0.276923 0.125002 -0.033494)
            (-0.276923 0.125002 0.033494)
            (-0.276923 0.129412 0.000000)
            (-0.276923 0.132451 -0.076471)
            (-0.276923 0.132451 0.076471)
            (-0.276923 0.133102 -0.133102)
            (-0.276923 0.133102 0.133102)
            (-0.276923 0.136366 -0.036539)
            (-0.276923 0.136366 0.036539)
            (-0.276923 0.141176 0.000000)
            (-0.276923 0.141421 -0.141421)
            (-0.276923 0.141421 0.141421)
            (-0.276923 0.142639 -0.082353)
            (-0.276923 0.142639 0.082353)
            (-0.276923 0.147730 -0.039584)
            (-0.276923 0.147730 0.039584)
            (-0.276923 0.152828 -0.088235)
            (-0.276923 0.152828 0.088235)
            (-0.276923 0.152941 0.000000)
            (-0.276923 0.159094 -0.042629)
            (-0.276923 0.159094 0.042629)
            (-0.276923 0.163017 -0.094118)
            (-0.276923 0.163017 0.094118)
            (-0.276923 0.164706 0.000000)
            (-0.276923 0.170457 -0.045674)
            (-0.276923 0.170457 0.045674)
            (-0.276923 0.173205 -0.100000)
            (-0.276923 0.173205 0.100000)
            (-0.276923 0.176471 0.000000)
            (-0.276923 0.181821 -0.048719)
            (-0.276923 0.181821 0.048719)
            (-0.276923 0.188235 0.000000)
            (-0.276923 0.193185 -0.051764)
            (-0.276923 0.193185 0.051764)
            (-0.276923 0.200000 0.000000)
            (-0.265385 -0.200000 0.000000)
            (-0.265385 -0.193185 -0.051764)
            (-0.265385 -0.193185 0.051764)
            (-0.265385 -0.188235 0.000000)
            (-0.265385 -0.181821 -0.048719)
            (-0.265385 -0.181821 0.048719)
            (-0.265385 -0.176471 0.000000)
            (-0.265385 -0.173205 -0.100000)
            (-0.265385 -0.173205 0.100000)
            (-0.265385 -0.170457 -0.045674)
            (-0.265385 -0.170457 0.045674)
            (-0.265385 -0.164706 0.000000)
            (-0.265385 -0.163017 -0.094118)
            (-0.265385 -0.163017 0.094118)
            (-0.265385 -0.159094 -0.042629)
            (-0.265385 -0.159094 0.042629)
            (-0.265385 -0.152941 0.000000)
            (-0.265385 -0.152828 -0.088235)
            (-0.265385 -0.152828 0.088235)
            (-0.265385 -0.147730 -0.039584)
            (-0.265385 -0.147730 0.039584)
            (-0.265385 -0.142639 -0.082353)
            (-0.265385 -0.142639 0.082353)
            (-0.265385 -0.141421 -0.141421)
            (-0.265385 -0.141421 0.141421)
            (-0.265385 -0.141176 0.000000)
            (-0.265385 -0.136366 -0.036539)
            (-0.265385 -0.136366 0.036539)
            (-0.265385 -0.133102 -0.133102)
            (-0.265385 -0.133102 0.133102)
            (-0.265385 -0.132451 -0.076471)
            (-0.265385 -0.132451 0.076471)
            (-0.265385 -0.129412 0.000000)
            (-0.265385 -0.125002 -0.033494)
            (-0.265385 -0.125002 0.033494)
            (-0.265385 -0.124784 -0.124784)
            (-0.265385 -0.124784 0.124784)
            (-0.265385 -0.122262 -0.070588)
            (-0.265385 -0.122262 0.070588)
            (-0.265385 -0.117647 0.000000)
            (-0.265385 -0.116465 -0.116465)
            (-0.265385 -0.116465 0.116465)
            (-0.265385 -0.113638 -0.030449)
            (-0.265385 -0.113638 0.030449)
            (-0.265385 -0.112074 -0.064706)
            (-0.265385 -0.112074 0.064706)
            (-0.265385 -0.108146 -0.108146)
            (-0.265385 -0.108146 0.108146)
            (-0.265385 -0.105882 0.000000)
            (-0.265385 -0.102274 -0.027404)
            (-0.265385 -0.102274 0.027404)
            (-0.265385 -0.101885 -0.058824)
            (-0.265385 -0.101885 0.058824)
            (-0.265385 -0.100000 -0.173205)
            (-0.265385 -0.100000 0.173205)
            (-0.265385 -0.099827 -0.099827)
            (-0.265385 -0.099827 0.099827)
            (-0.265385 -0.094118 -0.163017)
            (-0.265385 -0.094118 0.000000)
            (-0.265385 -0.094118 0.163017)
            (-0.265385 -0.091697 -0.052941)
            (-0.265385 -0.091697 0.052941)
            (-0.265385 -0.091508 -0.091508)
            (-0.265385 -0.091508 0.091508)
            (-0.265385 -0.090911 -0.024359)
            (-0.265385 -0.090911 0.024359)
            (-0.265385 -0.088235 -0.152828)
            (-0.265385 -0.088235 0.152828)
            (-0.265385 -0.083189 -0.083189)
            (-0.265385 -0.083189 0.083189)
            (-0.265385 -0.082353 -0.142639)
            (-0.265385 -0.082353 0.000000)
            (-0.265385 -0.082353 0.142639)
            (-0.265385 -0.081508 -0.047059)
            (-0.265385 -0.081508 0.047059)
            (-0.265385 -0.079547 -0.021315)
            (-0.265385 -0.079547 0.021315)
            (-0.265385 -0.076471 -0.132451)
            (-0.265385 -0.076471 0.132451)
            (-0.265385 -0.074870 -0.074870)
            (-0.265385 -0.074870 0.074870)
            (-0.265385 -0.071320 -0.041176)
            (-0.265385 -0.071320 0.041176)
            (-0.265385 -0.070588 -0.122262)
            (-0.265385 -0.070588 0.000000)
            (-0.265385 -0.070588 0.122262)
            (-0.265385 -0.068183 -0.018270)
            (-0.265385 -0.068183 0.018270)
            (-0.265385 -0.066551 -0.066551)
            (-0.265385 -0.066551 0.066551)
            (-0.265385 -0.064706 -0.112074)
            (-0.265385 -0.064706 0.112074)
            (-0.265385 -0.061131 -0.035294)
            (-0.265385 -0.061131 0.035294)
            (-0.265385 -0.058824 -0.101885)
            (-0.265385 -0.058824 0.000000)
            (-0.265385 -0.058824 0.101885)
            (-0.265385 -0.058232 -0.058232)
            (-0.265385 -0.058232 0.058232)
            (-0.265385 -0.056819 -0.015225)
            (-0.265385 -0.056819 0.015225)
            (-0.265385 -0.052941 -0.091697)
            (-0.265385 -0.052941 0.091697)
            (-0.265385 -0.051764 -0.193185)
            (-0.265385 -0.051764 0.193185)
            (-0.265385 -0.050943 -0.029412)
            (-0.265385 -0.050943 0.029412)
            (-0.265385 -0.049913 -0.049913)
            (-0.265385 -0.049913 0.049913)
            (-0.265385 -0.048719 -0.181821)
            (-0.265385 -0.048719 0.181821)
            (-0.265385 -0.047059 -0.081508)
            (-0.265385 -0.047059 0.000000)
            (-0.265385 -0.047059 0.081508)
            (-0.265385 -0.045674 -0.170457)
            (-0.265385 -0.045674 0.170457)
            (-0.265385 -0.045455 -0.012180)
            (-0.265385 -0.045455 0.012180)
            (-0.265385 -0.042629 -0.159094)
            (-0.265385 -0.042629 0.159094)
            (-0.265385 -0.041595 -0.041595)
            (-0.265385 -0.041595 0.041595)
            (-0.265385 -0.041176 -0.071320)
            (-0.265385 -0.041176 0.071320)
            (-0.265385 -0.040754 -0.023529)
            (-0.265385 -0.040754 0.023529)
            (-0.265385 -0.039584 -0.147730)
            (-0.265385 -0.039584 0.147730)
            (-0.265385 -0.036539 -0.136366)
            (-0.265385 -0.036539 0.136366)
            (-0.265385 -0.035294 -0.061131)
            (-0.265385 -0.035294 0.000000)
            (-0.265385 -0.035294 0.061131)
            (-0.265385 -0.034091 -0.009135)
            (-0.265385 -0.034091 0.009135)
            (-0.265385 -0.033494 -0.125002)
            (-0.265385 -0.033494 0.125002)
            (-0.265385 -0.033276 -0.033276)
            (-0.265385 -0.033276 0.033276)
            (-0.265385 -0.030566 -0.017647)
            (-0.265385 -0.030566 0.017647)
            (-0.265385 -0.030449 -0.113638)
            (-0.265385 -0.030449 0.113638)
            (-0.265385 -0.029412 -0.050943)
            (-0.265385 -0.029412 0.050943)
            (-0.265385 -0.027404 -0.102274)
            (-0.265385 -0.027404 0.102274)
            (-0.265385 -0.024957 -0.024957)
            (-0.265385 -0.024957 0.024957)
            (-0.265385 -0.024359 -0.090911)
            (-0.265385 -0.024359 0.090911)
            (-0.265385 -0.023529 -0.040754)
            (-0.265385 -0.023529 0.000000)
            (-0.265385 -0.023529 0.040754)
            (-0.265385 -0.022728 -0.006090)
            (-0.265385 -0.022728 0.006090)
            (-0.265385 -0.021315 -0.079547)
            (-0.265385 -0.021315 0.079547)
            (-0.265385 -0.020377 -0.011765)
            (-0.265385 -0.020377 0.011765)
            (-0.265385 -0.018270 -0.068183)
            (-0.265385 -0.018270 0.068183)
            (-0.265385 -0.017647 -0.030566)
            (-0.265385 -0.017647 0.030566)
            (-0.265385 -0.016638 -0.016638)
            (-0.265385 -0.016638 0.016638)
            (-0.265385 -0.015225 -0.056819)
            (-0.265385 -0.015225 0.056819)
            (-0.265385 -0.012180 -0.045455)
            (-0.265385 -0.012180 0.045455)
            (-0.265385 -0.011765 -0.020377)
            (-0.265385 -0.011765 0.000000)
            (-0.265385 -0.011765 0.020377)
            (-0.265385 -0.011364 -0.003045)
            (-0.265385 -0.011364 0.003045)
            (-0.265385 -0.010189 -0.005882)
            (-0.265385 -0.010189 0.005882)
            (-0.265385 -0.009135 -0.034091)
            (-0.265385 -0.009135 0.034091)
            (-0.265385 -0.008319 -0.008319)
            (-0.265385 -0.008319 0.008319)
            (-0.265385 -0.006090 -0.022728)
            (-0.265385 -0.006090 0.022728)
            (-0.265385 -0.005882 -0.010189)
            (-0.265385 -0.005882 0.010189)
            (-0.265385 -0.003045 -0.011364)
            (-0.265385 -0.003045 0.011364)
            (-0.265385 -0.000000 -0.200000)
            (-0.265385 -0.000000 -0.188235)
            (-0.265385 -0.000000 -0.176471)
            (-0.265385 -0.000000 -0.164706)
            (-0.265385 -0.000000 -0.152941)
            (-0.265385 -0.000000 -0.141176)
            (-0.265385 -0.000000 -0.129412)
            (-0.265385 -0.000000 -0.117647)
            (-0.265385 -0.000000 -0.105882)
            (-0.265385 -0.000000 -0.094118)
            (-0.265385 -0.000000 -0.082353)
            (-0.265385 -0.000000 -0.070588)
            (-0.265385 -0.000000 -0.058824)
            (-0.265385 -0.000000 -0.047059)
            (-0.265385 -0.000000 -0.035294)
            (-0.265385 -0.000000 -0.023529)
            (-0.265385 -0.000000 -0.011765)
            (-0.265385 -0.000000 -0.000000)
            (-0.265385 0.000000 0.011765)
            (-0.265385 0.000000 0.023529)
            (-0.265385 0.000000 0.035294)
            (-0.265385 0.000000 0.047059)
            (-0.265385 0.000000 0.058824)
            (-0.265385 0.000000 0.070588)
            (-0.265385 0.000000 0.082353)
            (-0.265385 0.000000 0.094118)
            (-0.265385 0.000000 0.105882)
            (-0.265385 0.000000 0.117647)
            (-0.265385 0.000000 0.129412)
            (-0.265385 0.000000 0.141176)
            (-0.265385 0.000000 0.152941)
            (-0.265385 0.000000 0.164706)
            (-0.265385 0.000000 0.176471)
            (-0.265385 0.000000 0.188235)
            (-0.265385 0.000000 0.200000)
            (-0.265385 0.003045 -0.011364)
            (-0.265385 0.003045 0.011364)
            (-0.265385 0.005882 -0.010189)
            (-0.265385 0.005882 0.010189)
            (-0.265385 0.006090 -0.022728)
            (-0.265385 0.006090 0.022728)
            (-0.265385 0.008319 -0.008319)
            (-0.265385 0.008319 0.008319)
            (-0.265385 0.009135 -0.034091)
            (-0.265385 0.009135 0.034091)
            (-0.265385 0.010189 -0.005882)
            (-0.265385 0.010189 0.005882)
            (-0.265385 0.011364 -0.003045)
            (-0.265385 0.011364 0.003045)
            (-0.265385 0.011765 -0.020377)
            (-0.265385 0.011765 0.000000)
            (-0.265385 0.011765 0.020377)
            (-0.265385 0.012180 -0.045455)
            (-0.265385 0.012180 0.045455)
            (-0.265385 0.015225 -0.056819)
            (-0.265385 0.015225 0.056819)
            (-0.265385 0.016638 -0.016638)
            (-0.265385 0.016638 0.016638)
            (-0.265385 0.017647 -0.030566)
            (-0.265385 0.017647 0.030566)
            (-0.265385 0.018270 -0.068183)
            (-0.265385 0.018270 0.068183)
            (-0.265385 0.020377 -0.011765)
            (-0.265385 0.020377 0.011765)
            (-0.265385 0.021315 -0.079547)
            (-0.265385 0.021315 0.079547)
            (-0.265385 0.022728 -0.006090)
            (-0.265385 0.022728 0.006090)
            (-0.265385 0.023529 -0.040754)
            (-0.265385 0.023529 0.000000)
            (-0.265385 0.023529 0.040754)
            (-0.265385 0.024359 -0.090911)
            (-0.265385 0.024359 0.090911)
            (-0.265385 0.024957 -0.024957)
            (-0.265385 0.024957 0.024957)
            (-0.265385 0.027404 -0.102274)
            (-0.265385 0.027404 0.102274)
            (-0.265385 0.029412 -0.050943)
            (-0.265385 0.029412 0.050943)
            (-0.265385 0.030449 -0.113638)
            (-0.265385 0.030449 0.113638)
            (-0.265385 0.030566 -0.017647)
            (-0.265385 0.030566 0.017647)
            (-0.265385 0.033276 -0.033276)
            (-0.265385 0.033276 0.033276)
            (-0.265385 0.033494 -0.125002)
            (-0.265385 0.033494 0.125002)
            (-0.265385 0.034091 -0.009135)
            (-0.265385 0.034091 0.009135)
            (-0.265385 0.035294 -0.061131)
            (-0.265385 0.035294 0.000000)
            (-0.265385 0.035294 0.061131)
            (-0.265385 0.036539 -0.136366)
            (-0.265385 0.036539 0.136366)
            (-0.265385 0.039584 -0.147730)
            (-0.265385 0.039584 0.147730)
            (-0.265385 0.040754 -0.023529)
            (-0.265385 0.040754 0.023529)
            (-0.265385 0.041176 -0.071320)
            (-0.265385 0.041176 0.071320)
            (-0.265385 0.041595 -0.041595)
            (-0.265385 0.041595 0.041595)
            (-0.265385 0.042629 -0.159094)
            (-0.265385 0.042629 0.159094)
            (-0.265385 0.045455 -0.012180)
            (-0.265385 0.045455 0.012180)
            (-0.265385 0.045674 -0.170457)
            (-0.265385 0.045674 0.170457)
            (-0.265385 0.047059 -0.081508)
            (-0.265385 0.047059 0.000000)
            (-0.265385 0.047059 0.081508)
            (-0.265385 0.048719 -0.181821)
            (-0.265385 0.048719 0.181821)
            (-0.265385 0.049913 -0.049913)
            (-0.265385 0.049913 0.049913)
            (-0.265385 0.050943 -0.029412)
            (-0.265385 0.050943 0.029412)
            (-0.265385 0.051764 -0.193185)
            (-0.265385 0.051764 0.193185)
            (-0.265385 0.052941 -0.091697)
            (-0.265385 0.052941 0.091697)
            (-0.265385 0.056819 -0.015225)
            (-0.265385 0.056819 0.015225)
            (-0.265385 0.058232 -0.058232)
            (-0.265385 0.058232 0.058232)
            (-0.265385 0.058824 -0.101885)
            (-0.265385 0.058824 0.000000)
            (-0.265385 0.058824 0.101885)
            (-0.265385 0.061131 -0.035294)
            (-0.265385 0.061131 0.035294)
            (-0.265385 0.064706 -0.112074)
            (-0.265385 0.064706 0.112074)
            (-0.265385 0.066551 -0.066551)
            (-0.265385 0.066551 0.066551)
            (-0.265385 0.068183 -0.018270)
            (-0.265385 0.068183 0.018270)
            (-0.265385 0.070588 -0.122262)
            (-0.265385 0.070588 0.000000)
            (-0.265385 0.070588 0.122262)
            (-0.265385 0.071320 -0.041176)
            (-0.265385 0.071320 0.041176)
            (-0.265385 0.074870 -0.074870)
            (-0.265385 0.074870 0.074870)
            (-0.265385 0.076471 -0.132451)
            (-0.265385 0.076471 0.132451)
            (-0.265385 0.079547 -0.021315)
            (-0.265385 0.079547 0.021315)
            (-0.265385 0.081508 -0.047059)
            (-0.265385 0.081508 0.047059)
            (-0.265385 0.082353 -0.142639)
            (-0.265385 0.082353 0.000000)
            (-0.265385 0.082353 0.142639)
            (-0.265385 0.083189 -0.083189)
            (-0.265385 0.083189 0.083189)
            (-0.265385 0.088235 -0.152828)
            (-0.265385 0.088235 0.152828)
            (-0.265385 0.090911 -0.024359)
            (-0.265385 0.090911 0.024359)
            (-0.265385 0.091508 -0.091508)
            (-0.265385 0.091508 0.091508)
            (-0.265385 0.091697 -0.052941)
            (-0.265385 0.091697 0.052941)
            (-0.265385 0.094118 -0.163017)
            (-0.265385 0.094118 0.000000)
            (-0.265385 0.094118 0.163017)
            (-0.265385 0.099827 -0.099827)
            (-0.265385 0.099827 0.099827)
            (-0.265385 0.100000 -0.173205)
            (-0.265385 0.100000 0.173205)
            (-0.265385 0.101885 -0.058824)
            (-0.265385 0.101885 0.058824)
            (-0.265385 0.102274 -0.027404)
            (-0.265385 0.102274 0.027404)
            (-0.265385 0.105882 0.000000)
            (-0.265385 0.108146 -0.108146)
            (-0.265385 0.108146 0.108146)
            (-0.265385 0.112074 -0.064706)
            (-0.265385 0.112074 0.064706)
            (-0.265385 0.113638 -0.030449)
            (-0.265385 0.113638 0.030449)
            (-0.265385 0.116465 -0.116465)
            (-0.265385 0.116465 0.116465)
            (-0.265385 0.117647 0.000000)
            (-0.265385 0.122262 -0.070588)
            (-0.265385 0.122262 0.070588)
            (-0.265385 0.124784 -0.124784)
            (-0.265385 0.124784 0.124784)
            (-0.265385 0.125002 -0.033494)
            (-0.265385 0.125002 0.033494)
            (-0.265385 0.129412 0.000000)
            (-0.265385 0.132451 -0.076471)
            (-0.265385 0.132451 0.076471)
            (-0.265385 0.133102 -0.133102)
            (-0.265385 0.133102 0.133102)
            (-0.265385 0.136366 -0.036539)
            (-0.265385 0.136366 0.036539)
            (-0.265385 0.141176 0.000000)
            (-0.265385 0.141421 -0.141421)
            (-0.265385 0.141421 0.141421)
            (-0.265385 0.142639 -0.082353)
            (-0.265385 0.142639 0.082353)
            (-0.265385 0.147730 -0.039584)
            (-0.265385 0.147730 0.039584)
            (-0.265385 0.152828 -0.088235)
            (-0.265385 0.152828 0.088235)
            (-0.265385 0.152941 0.000000)
            (-0.265385 0.159094 -0.042629)
            (-0.265385 0.159094 0.042629)
            (-0.265385 0.163017 -0.094118)
            (-0.265385 0.163017 0.094118)
            (-0.265385 0.164706 0.000000)
            (-0.265385 0.170457 -0.045674)
            (-0.265385 0.170457 0.045674)
            (-0.265385 0.173205 -0.100000)
            (-0.265385 0.173205 0.100000)
            (-0.265385 0.176471 0.000000)
            (-0.265385 0.181821 -0.048719)
            (-0.265385 0.181821 0.048719)
            (-0.265385 0.188235 0.000000)
            (-0.265385 0.193185 -0.051764)
            (-0.265385 0.193185 0.051764)
            (-0.265385 0.200000 0.000000)
            (-0.253846 -0.200000 0.000000)
            (-0.253846 -0.193185 -0.051764)
            (-0.253846 -0.193185 0.051764)
            (-0.253846 -0.188235 0.000000)
            (-0.253846 -0.181821 -0.048719)
            (-0.253846 -0.181821 0.048719)
            (-0.253846 -0.176471 0.000000)
            (-0.253846 -0.173205 -0.100000)
            (-0.253846 -0.173205 0.100000)
            (-0.253846 -0.170457 -0.045674)
            (-0.253846 -0.170457 0.045674)
            (-0.253846 -0.164706 0.000000)
            (-0.253846 -0.163017 -0.094118)
            (-0.253846 -0.163017 0.094118)
            (-0.253846 -0.159094 -0.042629)
            (-0.253846 -0.159094 0.042629)
            (-0.253846 -0.152941 0.000000)
            (-0.253846 -0.152828 -0.088235)
            (-0.253846 -0.152828 0.088235)
            (-0.253846 -0.147730 -0.039584)
            (-0.253846 -0.147730 0.039584)
            (-0.253846 -0.142639 -0.082353)
            (-0.253846 -0.142639 0.082353)
            (-0.253846 -0.141421 -0.141421)
            (-0.253846 -0.141421 0.141421)
            (-0.253846 -0.141176 0.000000)
            (-0.253846 -0.136366 -0.036539)
            (-0.253846 -0.136366 0.036539)
            (-0.253846 -0.133102 -0.133102)
            (-0.253846 -0.133102 0.133102)
            (-0.253846 -0.132451 -0.076471)
            (-0.253846 -0.132451 0.076471)
            (-0.253846 -0.129412 0.000000)
            (-0.253846 -0.125002 -0.033494)
            (-0.253846 -0.125002 0.033494)
            (-0.253846 -0.124784 -0.124784)
            (-0.253846 -0.124784 0.124784)
            (-0.253846 -0.122262 -0.070588)
            (-0.253846 -0.122262 0.070588)
            (-0.253846 -0.117647 0.000000)
            (-0.253846 -0.116465 -0.116465)
            (-0.253846 -0.116465 0.116465)
            (-0.253846 -0.113638 -0.030449)
            (-0.253846 -0.113638 0.030449)
            (-0.253846 -0.112074 -0.064706)
            (-0.253846 -0.112074 0.064706)
            (-0.253846 -0.108146 -0.108146)
            (-0.253846 -0.108146 0.108146)
            (-0.253846 -0.105882 0.000000)
            (-0.253846 -0.102274 -0.027404)
            (-0.253846 -0.102274 0.027404)
            (-0.253846 -0.101885 -0.058824)
            (-0.253846 -0.101885 0.058824)
            (-0.253846 -0.100000 -0.173205)
            (-0.253846 -0.100000 0.173205)
            (-0.253846 -0.099827 -0.099827)
            (-0.253846 -0.099827 0.099827)
            (-0.253846 -0.094118 -0.163017)
            (-0.253846 -0.094118 0.000000)
            (-0.253846 -0.094118 0.163017)
            (-0.253846 -0.091697 -0.052941)
            (-0.253846 -0.091697 0.052941)
            (-0.253846 -0.091508 -0.091508)
            (-0.253846 -0.091508 0.091508)
            (-0.253846 -0.090911 -0.024359)
            (-0.253846 -0.090911 0.024359)
            (-0.253846 -0.088235 -0.152828)
            (-0.253846 -0.088235 0.152828)
            (-0.253846 -0.083189 -0.083189)
            (-0.253846 -0.083189 0.083189)
            (-0.253846 -0.082353 -0.142639)
            (-0.253846 -0.082353 0.000000)
            (-0.253846 -0.082353 0.142639)
            (-0.253846 -0.081508 -0.047059)
            (-0.253846 -0.081508 0.047059)
            (-0.253846 -0.079547 -0.021315)
            (-0.253846 -0.079547 0.021315)
            (-0.253846 -0.076471 -0.132451)
            (-0.253846 -0.076471 0.132451)
            (-0.253846 -0.074870 -0.074870)
            (-0.253846 -0.074870 0.074870)
            (-0.253846 -0.071320 -0.041176)
            (-0.253846 -0.071320 0.041176)
            (-0.253846 -0.070588 -0.122262)
            (-0.253846 -0.070588 0.000000)
            (-0.253846 -0.070588 0.122262)
            (-0.253846 -0.068183 -0.018270)
            (-0.253846 -0.068183 0.018270)
            (-0.253846 -0.066551 -0.066551)
            (-0.253846 -0.066551 0.066551)
            (-0.253846 -0.064706 -0.112074)
            (-0.253846 -0.064706 0.112074)
            (-0.253846 -0.061131 -0.035294)
            (-0.253846 -0.061131 0.035294)
            (-0.253846 -0.058824 -0.101885)
            (-0.253846 -0.058824 0.000000)
            (-0.253846 -0.058824 0.101885)
            (-0.253846 -0.058232 -0.058232)
            (-0.253846 -0.058232 0.058232)
            (-0.253846 -0.056819 -0.015225)
            (-0.253846 -0.056819 0.015225)
            (-0.253846 -0.052941 -0.091697)
            (-0.253846 -0.052941 0.091697)
            (-0.253846 -0.051764 -0.193185)
            (-0.253846 -0.051764 0.193185)
            (-0.253846 -0.050943 -0.029412)
            (-0.253846 -0.050943 0.029412)
            (-0.253846 -0.049913 -0.049913)
            (-0.253846 -0.049913 0.049913)
            (-0.253846 -0.048719 -0.181821)
            (-0.253846 -0.048719 0.181821)
            (-0.253846 -0.047059 -0.081508)
            (-0.253846 -0.047059 0.000000)
            (-0.253846 -0.047059 0.081508)
            (-0.253846 -0.045674 -0.170457)
            (-0.253846 -0.045674 0.170457)
            (-0.253846 -0.045455 -0.012180)
            (-0.253846 -0.045455 0.012180)
            (-0.253846 -0.042629 -0.159094)
            (-0.253846 -0.042629 0.159094)
            (-0.253846 -0.041595 -0.041595)
            (-0.253846 -0.041595 0.041595)
            (-0.253846 -0.041176 -0.071320)
            (-0.253846 -0.041176 0.071320)
            (-0.253846 -0.040754 -0.023529)
            (-0.253846 -0.040754 0.023529)
            (-0.253846 -0.039584 -0.147730)
            (-0.253846 -0.039584 0.147730)
            (-0.253846 -0.036539 -0.136366)
            (-0.253846 -0.036539 0.136366)
            (-0.253846 -0.035294 -0.061131)
            (-0.253846 -0.035294 0.000000)
            (-0.253846 -0.035294 0.061131)
            (-0.253846 -0.034091 -0.009135)
            (-0.253846 -0.034091 0.009135)
            (-0.253846 -0.033494 -0.125002)
            (-0.253846 -0.033494 0.125002)
            (-0.253846 -0.033276 -0.033276)
            (-0.253846 -0.033276 0.033276)
            (-0.253846 -0.030566 -0.017647)
            (-0.253846 -0.030566 0.017647)
            (-0.253846 -0.030449 -0.113638)
            (-0.253846 -0.030449 0.113638)
            (-0.253846 -0.029412 -0.050943)
            (-0.253846 -0.029412 0.050943)
            (-0.253846 -0.027404 -0.102274)
            (-0.253846 -0.027404 0.102274)
            (-0.253846 -0.024957 -0.024957)
            (-0.253846 -0.024957 0.024957)
            (-0.253846 -0.024359 -0.090911)
            (-0.253846 -0.024359 0.090911)
            (-0.253846 -0.023529 -0.040754)
            (-0.253846 -0.023529 0.000000)
            (-0.253846 -0.023529 0.040754)
            (-0.253846 -0.022728 -0.006090)
            (-0.253846 -0.022728 0.006090)
            (-0.253846 -0.021315 -0.079547)
            (-0.253846 -0.021315 0.079547)
            (-0.253846 -0.020377 -0.011765)
            (-0.253846 -0.020377 0.011765)
            (-0.253846 -0.018270 -0.068183)
            (-0.253846 -0.018270 0.068183)
            (-0.253846 -0.017647 -0.030566)
            (-0.253846 -0.017647 0.030566)
            (-0.253846 -0.016638 -0.016638)
            (-0.253846 -0.016638 0.016638)
            (-0.253846 -0.015225 -0.056819)
            (-0.253846 -0.015225 0.056819)
            (-0.253846 -0.012180 -0.045455)
            (-0.253846 -0.012180 0.045455)
            (-0.253846 -0.011765 -0.020377)
            (-0.253846 -0.011765 0.000000)
            (-0.253846 -0.011765 0.020377)
            (-0.253846 -0.011364 -0.003045)
            (-0.253846 -0.011364 0.003045)
            (-0.253846 -0.010189 -0.005882)
            (-0.253846 -0.010189 0.005882)
            (-0.253846 -0.009135 -0.034091)
            (-0.253846 -0.009135 0.034091)
            (-0.253846 -0.008319 -0.008319)
            (-0.253846 -0.008319 0.008319)
            (-0.253846 -0.006090 -0.022728)
            (-0.253846 -0.006090 0.022728)
            (-0.253846 -0.005882 -0.010189)
            (-0.253846 -0.005882 0.010189)
            (-0.253846 -0.003045 -0.011364)
            (-0.253846 -0.003045 0.011364)
            (-0.253846 -0.000000 -0.200000)
            (-0.253846 -0.000000 -0.188235)
            (-0.253846 -0.000000 -0.176471)
            (-0.253846 -0.000000 -0.164706)
            (-0.253846 -0.000000 -0.152941)
            (-0.253846 -0.000000 -0.141176)
            (-0.253846 -0.000000 -0.129412)
            (-0.253846 -0.000000 -0.117647)
            (-0.253846 -0.000000 -0.105882)
            (-0.253846 -0.000000 -0.094118)
            (-0.253846 -0.000000 -0.082353)
            (-0.253846 -0.000000 -0.070588)
            (-0.253846 -0.000000 -0.058824)
            (-0.253846 -0.000000 -0.047059)
            (-0.253846 -0.000000 -0.035294)
            (-0.253846 -0.000000 -0.023529)
            (-0.253846 -0.000000 -0.011765)
            (-0.253846 0.000000 0.000000)
            (-0.253846 0.000000 0.011765)
            (-0.253846 0.000000 0.023529)
            (-0.253846 0.000000 0.035294)
            (-0.253846 0.000000 0.047059)
            (-0.253846 0.000000 0.058824)
            (-0.253846 0.000000 0.070588)
            (-0.253846 0.000000 0.082353)
            (-0.253846 0.000000 0.094118)
            (-0.253846 0.000000 0.105882)
            (-0.253846 0.000000 0.117647)
            (-0.253846 0.000000 0.129412)
            (-0.253846 0.000000 0.141176)
            (-0.253846 0.000000 0.152941)
            (-0.253846 0.000000 0.164706)
            (-0.253846 0.000000 0.176471)
            (-0.253846 0.000000 0.188235)
            (-0.253846 0.000000 0.200000)
            (-0.253846 0.003045 -0.011364)
            (-0.253846 0.003045 0.011364)
            (-0.253846 0.005882 -0.010189)
            (-0.253846 0.005882 0.010189)
            (-0.253846 0.006090 -0.022728)
            (-0.253846 0.006090 0.022728)
            (-0.253846 0.008319 -0.008319)
            (-0.253846 0.008319 0.008319)
            (-0.253846 0.009135 -0.034091)
            (-0.253846 0.009135 0.034091)
            (-0.253846 0.010189 -0.005882)
            (-0.253846 0.010189 0.005882)
            (-0.253846 0.011364 -0.003045)
            (-0.253846 0.011364 0.003045)
            (-0.253846 0.011765 -0.020377)
            (-0.253846 0.011765 0.000000)
            (-0.253846 0.011765 0.020377)
            (-0.253846 0.012180 -0.045455)
            (-0.253846 0.012180 0.045455)
            (-0.253846 0.015225 -0.056819)
            (-0.253846 0.015225 0.056819)
            (-0.253846 0.016638 -0.016638)
            (-0.253846 0.016638 0.016638)
            (-0.253846 0.017647 -0.030566)
            (-0.253846 0.017647 0.030566)
            (-0.253846 0.018270 -0.068183)
            (-0.253846 0.018270 0.068183)
            (-0.253846 0.020377 -0.011765)
            (-0.253846 0.020377 0.011765)
            (-0.253846 0.021315 -0.079547)
            (-0.253846 0.021315 0.079547)
            (-0.253846 0.022728 -0.006090)
            (-0.253846 0.022728 0.006090)
            (-0.253846 0.023529 -0.040754)
            (-0.253846 0.023529 0.000000)
            (-0.253846 0.023529 0.040754)
            (-0.253846 0.024359 -0.090911)
            (-0.253846 0.024359 0.090911)
            (-0.253846 0.024957 -0.024957)
            (-0.253846 0.024957 0.024957)
            (-0.253846 0.027404 -0.102274)
            (-0.253846 0.027404 0.102274)
            (-0.253846 0.029412 -0.050943)
            (-0.253846 0.029412 0.050943)
            (-0.253846 0.030449 -0.113638)
            (-0.253846 0.030449 0.113638)
            (-0.253846 0.030566 -0.017647)
            (-0.253846 0.030566 0.017647)
            (-0.253846 0.033276 -0.033276)
            (-0.253846 0.033276 0.033276)
            (-0.253846 0.033494 -0.125002)
            (-0.253846 0.033494 0.125002)
            (-0.253846 0.034091 -0.009135)
            (-0.253846 0.034091 0.009135)
            (-0.253846 0.035294 -0.061131)
            (-0.253846 0.035294 0.000000)
            (-0.253846 0.035294 0.061131)
            (-0.253846 0.036539 -0.136366)
            (-0.253846 0.036539 0.136366)
            (-0.253846 0.039584 -0.147730)
            (-0.253846 0.039584 0.147730)
            (-0.253846 0.040754 -0.023529)
            (-0.253846 0.040754 0.023529)
            (-0.253846 0.041176 -0.071320)
            (-0.253846 0.041176 0.071320)
            (-0.253846 0.041595 -0.041595)
            (-0.253846 0.041595 0.041595)
            (-0.253846 0.042629 -0.159094)
            (-0.253846 0.042629 0.159094)
            (-0.253846 0.045455 -0.012180)
            (-0.253846 0.045455 0.012180)
            (-0.253846 0.045674 -0.170457)
            (-0.253846 0.045674 0.170457)
            (-0.253846 0.047059 -0.081508)
            (-0.253846 0.047059 0.000000)
            (-0.253846 0.047059 0.081508)
            (-0.253846 0.048719 -0.181821)
            (-0.253846 0.048719 0.181821)
            (-0.253846 0.049913 -0.049913)
            (-0.253846 0.049913 0.049913)
            (-0.253846 0.050943 -0.029412)
            (-0.253846 0.050943 0.029412)
            (-0.253846 0.051764 -0.193185)
            (-0.253846 0.051764 0.193185)
            (-0.253846 0.052941 -0.091697)
            (-0.253846 0.052941 0.091697)
            (-0.253846 0.056819 -0.015225)
            (-0.253846 0.056819 0.015225)
            (-0.253846 0.058232 -0.058232)
            (-0.253846 0.058232 0.058232)
            (-0.253846 0.058824 -0.101885)
            (-0.253846 0.058824 0.000000)
            (-0.253846 0.058824 0.101885)
            (-0.253846 0.061131 -0.035294)
            (-0.253846 0.061131 0.035294)
            (-0.253846 0.064706 -0.112074)
            (-0.253846 0.064706 0.112074)
            (-0.253846 0.066551 -0.066551)
            (-0.253846 0.066551 0.066551)
            (-0.253846 0.068183 -0.018270)
            (-0.253846 0.068183 0.018270)
            (-0.253846 0.070588 -0.122262)
            (-0.253846 0.070588 0.000000)
            (-0.253846 0.070588 0.122262)
            (-0.253846 0.071320 -0.041176)
            (-0.253846 0.071320 0.041176)
            (-0.253846 0.074870 -0.074870)
            (-0.253846 0.074870 0.074870)
            (-0.253846 0.076471 -0.132451)
            (-0.253846 0.076471 0.132451)
            (-0.253846 0.079547 -0.021315)
            (-0.253846 0.079547 0.021315)
            (-0.253846 0.081508 -0.047059)
            (-0.253846 0.081508 0.047059)
            (-0.253846 0.082353 -0.142639)
            (-0.253846 0.082353 0.000000)
            (-0.253846 0.082353 0.142639)
            (-0.253846 0.083189 -0.083189)
            (-0.253846 0.083189 0.083189)
            (-0.253846 0.088235 -0.152828)
            (-0.253846 0.088235 0.152828)
            (-0.253846 0.090911 -0.024359)
            (-0.253846 0.090911 0.024359)
            (-0.253846 0.091508 -0.091508)
            (-0.253846 0.091508 0.091508)
            (-0.253846 0.091697 -0.052941)
            (-0.253846 0.091697 0.052941)
            (-0.253846 0.094118 -0.163017)
            (-0.253846 0.094118 0.000000)
            (-0.253846 0.094118 0.163017)
            (-0.253846 0.099827 -0.099827)
            (-0.253846 0.099827 0.099827)
            (-0.253846 0.100000 -0.173205)
            (-0.253846 0.100000 0.173205)
            (-0.253846 0.101885 -0.058824)
            (-0.253846 0.101885 0.058824)
            (-0.253846 0.102274 -0.027404)
            (-0.253846 0.102274 0.027404)
            (-0.253846 0.105882 0.000000)
            (-0.253846 0.108146 -0.108146)
            (-0.253846 0.108146 0.108146)
            (-0.253846 0.112074 -0.064706)
            (-0.253846 0.112074 0.064706)
            (-0.253846 0.113638 -0.030449)
            (-0.253846 0.113638 0.030449)
            (-0.253846 0.116465 -0.116465)
            (-0.253846 0.116465 0.116465)
            (-0.253846 0.117647 0.000000)
            (-0.253846 0.122262 -0.070588)
            (-0.253846 0.122262 0.070588)
            (-0.253846 0.124784 -0.124784)
            (-0.253846 0.124784 0.124784)
            (-0.253846 0.125002 -0.033494)
            (-0.253846 0.125002 0.033494)
            (-0.253846 0.129412 0.000000)
            (-0.253846 0.132451 -0.076471)
            (-0.253846 0.132451 0.076471)
            (-0.253846 0.133102 -0.133102)
            (-0.253846 0.133102 0.133102)
            (-0.253846 0.136366 -0.036539)
            (-0.253846 0.136366 0.036539)
            (-0.253846 0.141176 0.000000)
            (-0.253846 0.141421 -0.141421)
            (-0.253846 0.141421 0.141421)
            (-0.253846 0.142639 -0.082353)
            (-0.253846 0.142639 0.082353)
            (-0.253846 0.147730 -0.039584)
            (-0.253846 0.147730 0.039584)
            (-0.253846 0.152828 -0.088235)
            (-0.253846 0.152828 0.088235)
            (-0.253846 0.152941 0.000000)
            (-0.253846 0.159094 -0.042629)
            (-0.253846 0.159094 0.042629)
            (-0.253846 0.163017 -0.094118)
            (-0.253846 0.163017 0.094118)
            (-0.253846 0.164706 0.000000)
            (-0.253846 0.170457 -0.045674)
            (-0.253846 0.170457 0.045674)
            (-0.253846 0.173205 -0.100000)
            (-0.253846 0.173205 0.100000)
            (-0.253846 0.176471 0.000000)
            (-0.253846 0.181821 -0.048719)
            (-0.253846 0.181821 0.048719)
            (-0.253846 0.188235 0.000000)
            (-0.253846 0.193185 -0.051764)
            (-0.253846 0.193185 0.051764)
            (-0.253846 0.200000 0.000000)
            (-0.242308 -0.200000 0.000000)
            (-0.242308 -0.193185 -0.051764)
            (-0.242308 -0.193185 0.051764)
            (-0.242308 -0.188235 0.000000)
            (-0.242308 -0.181821 -0.048719)
            (-0.242308 -0.181821 0.048719)
            (-0.242308 -0.176471 0.000000)
            (-0.242308 -0.173205 -0.100000)
            (-0.242308 -0.173205 0.100000)
            (-0.242308 -0.170457 -0.045674)
            (-0.242308 -0.170457 0.045674)
            (-0.242308 -0.164706 0.000000)
            (-0.242308 -0.163017 -0.094118)
            (-0.242308 -0.163017 0.094118)
            (-0.242308 -0.159094 -0.042629)
            (-0.242308 -0.159094 0.042629)
            (-0.242308 -0.152941 0.000000)
            (-0.242308 -0.152828 -0.088235)
            (-0.242308 -0.152828 0.088235)
            (-0.242308 -0.147730 -0.039584)
            (-0.242308 -0.147730 0.039584)
            (-0.242308 -0.142639 -0.082353)
            (-0.242308 -0.142639 0.082353)
            (-0.242308 -0.141421 -0.141421)
            (-0.242308 -0.141421 0.141421)
            (-0.242308 -0.141176 0.000000)
            (-0.242308 -0.136366 -0.036539)
            (-0.242308 -0.136366 0.036539)
            (-0.242308 -0.133102 -0.133102)
            (-0.242308 -0.133102 0.133102)
            (-0.242308 -0.132451 -0.076471)
            (-0.242308 -0.132451 0.076471)
            (-0.242308 -0.129412 0.000000)
            (-0.242308 -0.125002 -0.033494)
            (-0.242308 -0.125002 0.033494)
            (-0.242308 -0.124784 -0.124784)
            (-0.242308 -0.124784 0.124784)
            (-0.242308 -0.122262 -0.070588)
            (-0.242308 -0.122262 0.070588)
            (-0.242308 -0.117647 0.000000)
            (-0.242308 -0.116465 -0.116465)
            (-0.242308 -0.116465 0.116465)
            (-0.242308 -0.113638 -0.030449)
            (-0.242308 -0.113638 0.030449)
            (-0.242308 -0.112074 -0.064706)
            (-0.242308 -0.112074 0.064706)
            (-0.242308 -0.108146 -0.108146)
            (-0.242308 -0.108146 0.108146)
            (-0.242308 -0.105882 0.000000)
            (-0.242308 -0.102274 -0.027404)
            (-0.242308 -0.102274 0.027404)
            (-0.242308 -0.101885 -0.058824)
            (-0.242308 -0.101885 0.058824)
            (-0.242308 -0.100000 -0.173205)
            (-0.242308 -0.100000 0.173205)
            (-0.242308 -0.099827 -0.099827)
            (-0.242308 -0.099827 0.099827)
            (-0.242308 -0.094118 -0.163017)
            (-0.242308 -0.094118 0.000000)
            (-0.242308 -0.094118 0.163017)
            (-0.242308 -0.091697 -0.052941)
            (-0.242308 -0.091697 0.052941)
            (-0.242308 -0.091508 -0.091508)
            (-0.242308 -0.091508 0.091508)
            (-0.242308 -0.090911 -0.024359)
            (-0.242308 -0.090911 0.024359)
            (-0.242308 -0.088235 -0.152828)
            (-0.242308 -0.088235 0.152828)
            (-0.242308 -0.083189 -0.083189)
            (-0.242308 -0.083189 0.083189)
            (-0.242308 -0.082353 -0.142639)
            (-0.242308 -0.082353 0.000000)
            (-0.242308 -0.082353 0.142639)
            (-0.242308 -0.081508 -0.047059)
            (-0.242308 -0.081508 0.047059)
            (-0.242308 -0.079547 -0.021315)
            (-0.242308 -0.079547 0.021315)
            (-0.242308 -0.076471 -0.132451)
            (-0.242308 -0.076471 0.132451)
            (-0.242308 -0.074870 -0.074870)
            (-0.242308 -0.074870 0.074870)
            (-0.242308 -0.071320 -0.041176)
            (-0.242308 -0.071320 0.041176)
            (-0.242308 -0.070588 -0.122262)
            (-0.242308 -0.070588 0.000000)
            (-0.242308 -0.070588 0.122262)
            (-0.242308 -0.068183 -0.018270)
            (-0.242308 -0.068183 0.018270)
            (-0.242308 -0.066551 -0.066551)
            (-0.242308 -0.066551 0.066551)
            (-0.242308 -0.064706 -0.112074)
            (-0.242308 -0.064706 0.112074)
            (-0.242308 -0.061131 -0.035294)
            (-0.242308 -0.061131 0.035294)
            (-0.242308 -0.058824 -0.101885)
            (-0.242308 -0.058824 0.000000)
            (-0.242308 -0.058824 0.101885)
            (-0.242308 -0.058232 -0.058232)
            (-0.242308 -0.058232 0.058232)
            (-0.242308 -0.056819 -0.015225)
            (-0.242308 -0.056819 0.015225)
            (-0.242308 -0.052941 -0.091697)
            (-0.242308 -0.052941 0.091697)
            (-0.242308 -0.051764 -0.193185)
            (-0.242308 -0.051764 0.193185)
            (-0.242308 -0.050943 -0.029412)
            (-0.242308 -0.050943 0.029412)
            (-0.242308 -0.049913 -0.049913)
            (-0.242308 -0.049913 0.049913)
            (-0.242308 -0.048719 -0.181821)
            (-0.242308 -0.048719 0.181821)
            (-0.242308 -0.047059 -0.081508)
            (-0.242308 -0.047059 0.000000)
            (-0.242308 -0.047059 0.081508)
            (-0.242308 -0.045674 -0.170457)
            (-0.242308 -0.045674 0.170457)
            (-0.242308 -0.045455 -0.012180)
            (-0.242308 -0.045455 0.012180)
            (-0.242308 -0.042629 -0.159094)
            (-0.242308 -0.042629 0.159094)
            (-0.242308 -0.041595 -0.041595)
            (-0.242308 -0.041595 0.041595)
            (-0.242308 -0.041176 -0.071320)
            (-0.242308 -0.041176 0.071320)
            (-0.242308 -0.040754 -0.023529)
            (-0.242308 -0.040754 0.023529)
            (-0.242308 -0.039584 -0.147730)
            (-0.242308 -0.039584 0.147730)
            (-0.242308 -0.036539 -0.136366)
            (-0.242308 -0.036539 0.136366)
            (-0.242308 -0.035294 -0.061131)
            (-0.242308 -0.035294 0.000000)
            (-0.242308 -0.035294 0.061131)
            (-0.242308 -0.034091 -0.009135)
            (-0.242308 -0.034091 0.009135)
            (-0.242308 -0.033494 -0.125002)
            (-0.242308 -0.033494 0.125002)
            (-0.242308 -0.033276 -0.033276)
            (-0.242308 -0.033276 0.033276)
            (-0.242308 -0.030566 -0.017647)
            (-0.242308 -0.030566 0.017647)
            (-0.242308 -0.030449 -0.113638)
            (-0.242308 -0.030449 0.113638)
            (-0.242308 -0.029412 -0.050943)
            (-0.242308 -0.029412 0.050943)
            (-0.242308 -0.027404 -0.102274)
            (-0.242308 -0.027404 0.102274)
            (-0.242308 -0.024957 -0.024957)
            (-0.242308 -0.024957 0.024957)
            (-0.242308 -0.024359 -0.090911)
            (-0.242308 -0.024359 0.090911)
            (-0.242308 -0.023529 -0.040754)
            (-0.242308 -0.023529 0.000000)
            (-0.242308 -0.023529 0.040754)
            (-0.242308 -0.022728 -0.006090)
            (-0.242308 -0.022728 0.006090)
            (-0.242308 -0.021315 -0.079547)
            (-0.242308 -0.021315 0.079547)
            (-0.242308 -0.020377 -0.011765)
            (-0.242308 -0.020377 0.011765)
            (-0.242308 -0.018270 -0.068183)
            (-0.242308 -0.018270 0.068183)
            (-0.242308 -0.017647 -0.030566)
            (-0.242308 -0.017647 0.030566)
            (-0.242308 -0.016638 -0.016638)
            (-0.242308 -0.016638 0.016638)
            (-0.242308 -0.015225 -0.056819)
            (-0.242308 -0.015225 0.056819)
            (-0.242308 -0.012180 -0.045455)
            (-0.242308 -0.012180 0.045455)
            (-0.242308 -0.011765 -0.020377)
            (-0.242308 -0.011765 0.000000)
            (-0.242308 -0.011765 0.020377)
            (-0.242308 -0.011364 -0.003045)
            (-0.242308 -0.011364 0.003045)
            (-0.242308 -0.010189 -0.005882)
            (-0.242308 -0.010189 0.005882)
            (-0.242308 -0.009135 -0.034091)
            (-0.242308 -0.009135 0.034091)
            (-0.242308 -0.008319 -0.008319)
            (-0.242308 -0.008319 0.008319)
            (-0.242308 -0.006090 -0.022728)
            (-0.242308 -0.006090 0.022728)
            (-0.242308 -0.005882 -0.010189)
            (-0.242308 -0.005882 0.010189)
            (-0.242308 -0.003045 -0.011364)
            (-0.242308 -0.003045 0.011364)
            (-0.242308 -0.000000 -0.200000)
            (-0.242308 -0.000000 -0.188235)
            (-0.242308 -0.000000 -0.176471)
            (-0.242308 -0.000000 -0.164706)
            (-0.242308 -0.000000 -0.152941)
            (-0.242308 -0.000000 -0.141176)
            (-0.242308 -0.000000 -0.129412)
            (-0.242308 -0.000000 -0.117647)
            (-0.242308 -0.000000 -0.105882)
            (-0.242308 -0.000000 -0.094118)
            (-0.242308 -0.000000 -0.082353)
            (-0.242308 -0.000000 -0.070588)
            (-0.242308 -0.000000 -0.058824)
            (-0.242308 -0.000000 -0.047059)
            (-0.242308 -0.000000 -0.035294)
            (-0.242308 -0.000000 -0.023529)
            (-0.242308 -0.000000 -0.011765)
            (-0.242308 0.000000 0.000000)
            (-0.242308 0.000000 0.011765)
            (-0.242308 0.000000 0.023529)
            (-0.242308 0.000000 0.035294)
            (-0.242308 0.000000 0.047059)
            (-0.242308 0.000000 0.058824)
            (-0.242308 0.000000 0.070588)
            (-0.242308 0.000000 0.082353)
            (-0.242308 0.000000 0.094118)
            (-0.242308 0.000000 0.105882)
            (-0.242308 0.000000 0.117647)
            (-0.242308 0.000000 0.129412)
            (-0.242308 0.000000 0.141176)
            (-0.242308 0.000000 0.152941)
            (-0.242308 0.000000 0.164706)
            (-0.242308 0.000000 0.176471)
            (-0.242308 0.000000 0.188235)
            (-0.242308 0.000000 0.200000)
            (-0.242308 0.003045 -0.011364)
            (-0.242308 0.003045 0.011364)
            (-0.242308 0.005882 -0.010189)
            (-0.242308 0.005882 0.010189)
            (-0.242308 0.006090 -0.022728)
            (-0.242308 0.006090 0.022728)
            (-0.242308 0.008319 -0.008319)
            (-0.242308 0.008319 0.008319)
            (-0.242308 0.009135 -0.034091)
            (-0.242308 0.009135 0.034091)
            (-0.242308 0.010189 -0.005882)
            (-0.242308 0.010189 0.005882)
            (-0.242308 0.011364 -0.003045)
            (-0.242308 0.011364 0.003045)
            (-0.242308 0.011765 -0.020377)
            (-0.242308 0.011765 0.000000)
            (-0.242308 0.011765 0.020377)
            (-0.242308 0.012180 -0.045455)
            (-0.242308 0.012180 0.045455)
            (-0.242308 0.015225 -0.056819)
            (-0.242308 0.015225 0.056819)
            (-0.242308 0.016638 -0.016638)
            (-0.242308 0.016638 0.016638)
            (-0.242308 0.017647 -0.030566)
            (-0.242308 0.017647 0.030566)
            (-0.242308 0.018270 -0.068183)
            (-0.242308 0.018270 0.068183)
            (-0.242308 0.020377 -0.011765)
            (-0.242308 0.020377 0.011765)
            (-0.242308 0.021315 -0.079547)
            (-0.242308 0.021315 0.079547)
            (-0.242308 0.022728 -0.006090)
            (-0.242308 0.022728 0.006090)
            (-0.242308 0.023529 -0.040754)
            (-0.242308 0.023529 0.000000)
            (-0.242308 0.023529 0.040754)
            (-0.242308 0.024359 -0.090911)
            (-0.242308 0.024359 0.090911)
            (-0.242308 0.024957 -0.024957)
            (-0.242308 0.024957 0.024957)
            (-0.242308 0.027404 -0.102274)
            (-0.242308 0.027404 0.102274)
            (-0.242308 0.029412 -0.050943)
            (-0.242308 0.029412 0.050943)
            (-0.242308 0.030449 -0.113638)
            (-0.242308 0.030449 0.113638)
            (-0.242308 0.030566 -0.017647)
            (-0.242308 0.030566 0.017647)
            (-0.242308 0.033276 -0.033276)
            (-0.242308 0.033276 0.033276)
            (-0.242308 0.033494 -0.125002)
            (-0.242308 0.033494 0.125002)
            (-0.242308 0.034091 -0.009135)
            (-0.242308 0.034091 0.009135)
            (-0.242308 0.035294 -0.061131)
            (-0.242308 0.035294 0.000000)
            (-0.242308 0.035294 0.061131)
            (-0.242308 0.036539 -0.136366)
            (-0.242308 0.036539 0.136366)
            (-0.242308 0.039584 -0.147730)
            (-0.242308 0.039584 0.147730)
            (-0.242308 0.040754 -0.023529)
            (-0.242308 0.040754 0.023529)
            (-0.242308 0.041176 -0.071320)
            (-0.242308 0.041176 0.071320)
            (-0.242308 0.041595 -0.041595)
            (-0.242308 0.041595 0.041595)
            (-0.242308 0.042629 -0.159094)
            (-0.242308 0.042629 0.159094)
            (-0.242308 0.045455 -0.012180)
            (-0.242308 0.045455 0.012180)
            (-0.242308 0.045674 -0.170457)
            (-0.242308 0.045674 0.170457)
            (-0.242308 0.047059 -0.081508)
            (-0.242308 0.047059 0.000000)
            (-0.242308 0.047059 0.081508)
            (-0.242308 0.048719 -0.181821)
            (-0.242308 0.048719 0.181821)
            (-0.242308 0.049913 -0.049913)
            (-0.242308 0.049913 0.049913)
            (-0.242308 0.050943 -0.029412)
            (-0.242308 0.050943 0.029412)
            (-0.242308 0.051764 -0.193185)
            (-0.242308 0.051764 0.193185)
            (-0.242308 0.052941 -0.091697)
            (-0.242308 0.052941 0.091697)
            (-0.242308 0.056819 -0.015225)
            (-0.242308 0.056819 0.015225)
            (-0.242308 0.058232 -0.058232)
            (-0.242308 0.058232 0.058232)
            (-0.242308 0.058824 -0.101885)
            (-0.242308 0.058824 0.000000)
            (-0.242308 0.058824 0.101885)
            (-0.242308 0.061131 -0.035294)
            (-0.242308 0.061131 0.035294)
            (-0.242308 0.064706 -0.112074)
            (-0.242308 0.064706 0.112074)
            (-0.242308 0.066551 -0.066551)
            (-0.242308 0.066551 0.066551)
            (-0.242308 0.068183 -0.018270)
            (-0.242308 0.068183 0.018270)
            (-0.242308 0.070588 -0.122262)
            (-0.242308 0.070588 0.000000)
            (-0.242308 0.070588 0.122262)
            (-0.242308 0.071320 -0.041176)
            (-0.242308 0.071320 0.041176)
            (-0.242308 0.074870 -0.074870)
            (-0.242308 0.074870 0.074870)
            (-0.242308 0.076471 -0.132451)
            (-0.242308 0.076471 0.132451)
            (-0.242308 0.079547 -0.021315)
            (-0.242308 0.079547 0.021315)
            (-0.242308 0.081508 -0.047059)
            (-0.242308 0.081508 0.047059)
            (-0.242308 0.082353 -0.142639)
            (-0.242308 0.082353 0.000000)
            (-0.242308 0.082353 0.142639)
            (-0.242308 0.083189 -0.083189)
            (-0.242308 0.083189 0.083189)
            (-0.242308 0.088235 -0.152828)
            (-0.242308 0.088235 0.152828)
            (-0.242308 0.090911 -0.024359)
            (-0.242308 0.090911 0.024359)
            (-0.242308 0.091508 -0.091508)
            (-0.242308 0.091508 0.091508)
            (-0.242308 0.091697 -0.052941)
            (-0.242308 0.091697 0.052941)
            (-0.242308 0.094118 -0.163017)
            (-0.242308 0.094118 0.000000)
            (-0.242308 0.094118 0.163017)
            (-0.242308 0.099827 -0.099827)
            (-0.242308 0.099827 0.099827)
            (-0.242308 0.100000 -0.173205)
            (-0.242308 0.100000 0.173205)
            (-0.242308 0.101885 -0.058824)
            (-0.242308 0.101885 0.058824)
            (-0.242308 0.102274 -0.027404)
            (-0.242308 0.102274 0.027404)
            (-0.242308 0.105882 0.000000)
            (-0.242308 0.108146 -0.108146)
            (-0.242308 0.108146 0.108146)
            (-0.242308 0.112074 -0.064706)
            (-0.242308 0.112074 0.064706)
            (-0.242308 0.113638 -0.030449)
            (-0.242308 0.113638 0.030449)
            (-0.242308 0.116465 -0.116465)
            (-0.242308 0.116465 0.116465)
            (-0.242308 0.117647 0.000000)
            (-0.242308 0.122262 -0.070588)
            (-0.242308 0.122262 0.070588)
            (-0.242308 0.124784 -0.124784)
            (-0.242308 0.124784 0.124784)
            (-0.242308 0.125002 -0.033494)
            (-0.242308 0.125002 0.033494)
            (-0.242308 0.129412 0.000000)
            (-0.242308 0.132451 -0.076471)
            (-0.242308 0.132451 0.076471)
            (-0.242308 0.133102 -0.133102)
            (-0.242308 0.133102 0.133102)
            (-0.242308 0.136366 -0.036539)
            (-0.242308 0.136366 0.036539)
            (-0.242308 0.141176 0.000000)
            (-0.242308 0.141421 -0.141421)
            (-0.242308 0.141421 0.141421)
            (-0.242308 0.142639 -0.082353)
            (-0.242308 0.142639 0.082353)
            (-0.242308 0.147730 -0.039584)
            (-0.242308 0.147730 0.039584)
            (-0.242308 0.152828 -0.088235)
            (-0.242308 0.152828 0.088235)
            (-0.242308 0.152941 0.000000)
            (-0.242308 0.159094 -0.042629)
            (-0.242308 0.159094 0.042629)
            (-0.242308 0.163017 -0.094118)
            (-0.242308 0.163017 0.094118)
            (-0.242308 0.164706 0.000000)
            (-0.242308 0.170457 -0.045674)
            (-0.242308 0.170457 0.045674)
            (-0.242308 0.173205 -0.100000)
            (-0.242308 0.173205 0.100000)
            (-0.242308 0.176471 0.000000)
            (-0.242308 0.181821 -0.048719)
            (-0.242308 0.181821 0.048719)
            (-0.242308 0.188235 0.000000)
            (-0.242308 0.193185 -0.051764)
            (-0.242308 0.193185 0.051764)
            (-0.242308 0.200000 0.000000)
            (-0.230769 -0.200000 0.000000)
            (-0.230769 -0.193185 -0.051764)
            (-0.230769 -0.193185 0.051764)
            (-0.230769 -0.188235 0.000000)
            (-0.230769 -0.181821 -0.048719)
            (-0.230769 -0.181821 0.048719)
            (-0.230769 -0.176471 0.000000)
            (-0.230769 -0.173205 -0.100000)
            (-0.230769 -0.173205 0.100000)
            (-0.230769 -0.170457 -0.045674)
            (-0.230769 -0.170457 0.045674)
            (-0.230769 -0.164706 0.000000)
            (-0.230769 -0.163017 -0.094118)
            (-0.230769 -0.163017 0.094118)
            (-0.230769 -0.159094 -0.042629)
            (-0.230769 -0.159094 0.042629)
            (-0.230769 -0.152941 0.000000)
            (-0.230769 -0.152828 -0.088235)
            (-0.230769 -0.152828 0.088235)
            (-0.230769 -0.147730 -0.039584)
            (-0.230769 -0.147730 0.039584)
            (-0.230769 -0.142639 -0.082353)
            (-0.230769 -0.142639 0.082353)
            (-0.230769 -0.141421 -0.141421)
            (-0.230769 -0.141421 0.141421)
            (-0.230769 -0.141176 0.000000)
            (-0.230769 -0.136366 -0.036539)
            (-0.230769 -0.136366 0.036539)
            (-0.230769 -0.133102 -0.133102)
            (-0.230769 -0.133102 0.133102)
            (-0.230769 -0.132451 -0.076471)
            (-0.230769 -0.132451 0.076471)
            (-0.230769 -0.129412 0.000000)
            (-0.230769 -0.125002 -0.033494)
            (-0.230769 -0.125002 0.033494)
            (-0.230769 -0.124784 -0.124784)
            (-0.230769 -0.124784 0.124784)
            (-0.230769 -0.122262 -0.070588)
            (-0.230769 -0.122262 0.070588)
            (-0.230769 -0.117647 0.000000)
            (-0.230769 -0.116465 -0.116465)
            (-0.230769 -0.116465 0.116465)
            (-0.230769 -0.113638 -0.030449)
            (-0.230769 -0.113638 0.030449)
            (-0.230769 -0.112074 -0.064706)
            (-0.230769 -0.112074 0.064706)
            (-0.230769 -0.108146 -0.108146)
            (-0.230769 -0.108146 0.108146)
            (-0.230769 -0.105882 0.000000)
            (-0.230769 -0.102274 -0.027404)
            (-0.230769 -0.102274 0.027404)
            (-0.230769 -0.101885 -0.058824)
            (-0.230769 -0.101885 0.058824)
            (-0.230769 -0.100000 -0.173205)
            (-0.230769 -0.100000 0.173205)
            (-0.230769 -0.099827 -0.099827)
            (-0.230769 -0.099827 0.099827)
            (-0.230769 -0.094118 -0.163017)
            (-0.230769 -0.094118 0.000000)
            (-0.230769 -0.094118 0.163017)
            (-0.230769 -0.091697 -0.052941)
            (-0.230769 -0.091697 0.052941)
            (-0.230769 -0.091508 -0.091508)
            (-0.230769 -0.091508 0.091508)
            (-0.230769 -0.090911 -0.024359)
            (-0.230769 -0.090911 0.024359)
            (-0.230769 -0.088235 -0.152828)
            (-0.230769 -0.088235 0.152828)
            (-0.230769 -0.083189 -0.083189)
            (-0.230769 -0.083189 0.083189)
            (-0.230769 -0.082353 -0.142639)
            (-0.230769 -0.082353 0.000000)
            (-0.230769 -0.082353 0.142639)
            (-0.230769 -0.081508 -0.047059)
            (-0.230769 -0.081508 0.047059)
            (-0.230769 -0.079547 -0.021315)
            (-0.230769 -0.079547 0.021315)
            (-0.230769 -0.076471 -0.132451)
            (-0.230769 -0.076471 0.132451)
            (-0.230769 -0.074870 -0.074870)
            (-0.230769 -0.074870 0.074870)
            (-0.230769 -0.071320 -0.041176)
            (-0.230769 -0.071320 0.041176)
            (-0.230769 -0.070588 -0.122262)
            (-0.230769 -0.070588 0.000000)
            (-0.230769 -0.070588 0.122262)
            (-0.230769 -0.068183 -0.018270)
            (-0.230769 -0.068183 0.018270)
            (-0.230769 -0.066551 -0.066551)
            (-0.230769 -0.066551 0.066551)
            (-0.230769 -0.064706 -0.112074)
            (-0.230769 -0.064706 0.112074)
            (-0.230769 -0.061131 -0.035294)
            (-0.230769 -0.061131 0.035294)
            (-0.230769 -0.058824 -0.101885)
            (-0.230769 -0.058824 0.000000)
            (-0.230769 -0.058824 0.101885)
            (-0.230769 -0.058232 -0.058232)
            (-0.230769 -0.058232 0.058232)
            (-0.230769 -0.056819 -0.015225)
            (-0.230769 -0.056819 0.015225)
            (-0.230769 -0.052941 -0.091697)
            (-0.230769 -0.052941 0.091697)
            (-0.230769 -0.051764 -0.193185)
            (-0.230769 -0.051764 0.193185)
            (-0.230769 -0.050943 -0.029412)
            (-0.230769 -0.050943 0.029412)
            (-0.230769 -0.049913 -0.049913)
            (-0.230769 -0.049913 0.049913)
            (-0.230769 -0.048719 -0.181821)
            (-0.230769 -0.048719 0.181821)
            (-0.230769 -0.047059 -0.081508)
            (-0.230769 -0.047059 0.000000)
            (-0.230769 -0.047059 0.081508)
            (-0.230769 -0.045674 -0.170457)
            (-0.230769 -0.045674 0.170457)
            (-0.230769 -0.045455 -0.012180)
            (-0.230769 -0.045455 0.012180)
            (-0.230769 -0.042629 -0.159094)
            (-0.230769 -0.042629 0.159094)
            (-0.230769 -0.041595 -0.041595)
            (-0.230769 -0.041595 0.041595)
            (-0.230769 -0.041176 -0.071320)
            (-0.230769 -0.041176 0.071320)
            (-0.230769 -0.040754 -0.023529)
            (-0.230769 -0.040754 0.023529)
            (-0.230769 -0.039584 -0.147730)
            (-0.230769 -0.039584 0.147730)
            (-0.230769 -0.036539 -0.136366)
            (-0.230769 -0.036539 0.136366)
            (-0.230769 -0.035294 -0.061131)
            (-0.230769 -0.035294 0.000000)
            (-0.230769 -0.035294 0.061131)
            (-0.230769 -0.034091 -0.009135)
            (-0.230769 -0.034091 0.009135)
            (-0.230769 -0.033494 -0.125002)
            (-0.230769 -0.033494 0.125002)
            (-0.230769 -0.033276 -0.033276)
            (-0.230769 -0.033276 0.033276)
            (-0.230769 -0.030566 -0.017647)
            (-0.230769 -0.030566 0.017647)
            (-0.230769 -0.030449 -0.113638)
            (-0.230769 -0.030449 0.113638)
            (-0.230769 -0.029412 -0.050943)
            (-0.230769 -0.029412 0.050943)
            (-0.230769 -0.027404 -0.102274)
            (-0.230769 -0.027404 0.102274)
            (-0.230769 -0.024957 -0.024957)
            (-0.230769 -0.024957 0.024957)
            (-0.230769 -0.024359 -0.090911)
            (-0.230769 -0.024359 0.090911)
            (-0.230769 -0.023529 -0.040754)
            (-0.230769 -0.023529 0.000000)
            (-0.230769 -0.023529 0.040754)
            (-0.230769 -0.022728 -0.006090)
            (-0.230769 -0.022728 0.006090)
            (-0.230769 -0.021315 -0.079547)
            (-0.230769 -0.021315 0.079547)
            (-0.230769 -0.020377 -0.011765)
            (-0.230769 -0.020377 0.011765)
            (-0.230769 -0.018270 -0.068183)
            (-0.230769 -0.018270 0.068183)
            (-0.230769 -0.017647 -0.030566)
            (-0.230769 -0.017647 0.030566)
            (-0.230769 -0.016638 -0.016638)
            (-0.230769 -0.016638 0.016638)
            (-0.230769 -0.015225 -0.056819)
            (-0.230769 -0.015225 0.056819)
            (-0.230769 -0.012180 -0.045455)
            (-0.230769 -0.012180 0.045455)
            (-0.230769 -0.011765 -0.020377)
            (-0.230769 -0.011765 0.000000)
            (-0.230769 -0.011765 0.020377)
            (-0.230769 -0.011364 -0.003045)
            (-0.230769 -0.011364 0.003045)
            (-0.230769 -0.010189 -0.005882)
            (-0.230769 -0.010189 0.005882)
            (-0.230769 -0.009135 -0.034091)
            (-0.230769 -0.009135 0.034091)
            (-0.230769 -0.008319 -0.008319)
            (-0.230769 -0.008319 0.008319)
            (-0.230769 -0.006090 -0.022728)
            (-0.230769 -0.006090 0.022728)
            (-0.230769 -0.005882 -0.010189)
            (-0.230769 -0.005882 0.010189)
            (-0.230769 -0.003045 -0.011364)
            (-0.230769 -0.003045 0.011364)
            (-0.230769 -0.000000 -0.200000)
            (-0.230769 -0.000000 -0.188235)
            (-0.230769 -0.000000 -0.176471)
            (-0.230769 -0.000000 -0.164706)
            (-0.230769 -0.000000 -0.152941)
            (-0.230769 -0.000000 -0.141176)
            (-0.230769 -0.000000 -0.129412)
            (-0.230769 -0.000000 -0.117647)
            (-0.230769 -0.000000 -0.105882)
            (-0.230769 -0.000000 -0.094118)
            (-0.230769 -0.000000 -0.082353)
            (-0.230769 -0.000000 -0.070588)
            (-0.230769 -0.000000 -0.058824)
            (-0.230769 -0.000000 -0.047059)
            (-0.230769 -0.000000 -0.035294)
            (-0.230769 -0.000000 -0.023529)
            (-0.230769 -0.000000 -0.011765)
            (-0.230769 0.000000 0.000000)
            (-0.230769 0.000000 0.011765)
            (-0.230769 0.000000 0.023529)
            (-0.230769 0.000000 0.035294)
            (-0.230769 0.000000 0.047059)
            (-0.230769 0.000000 0.058824)
            (-0.230769 0.000000 0.070588)
            (-0.230769 0.000000 0.082353)
            (-0.230769 0.000000 0.094118)
            (-0.230769 0.000000 0.105882)
            (-0.230769 0.000000 0.117647)
            (-0.230769 0.000000 0.129412)
            (-0.230769 0.000000 0.141176)
            (-0.230769 0.000000 0.152941)
            (-0.230769 0.000000 0.164706)
            (-0.230769 0.000000 0.176471)
            (-0.230769 0.000000 0.188235)
            (-0.230769 0.000000 0.200000)
            (-0.230769 0.003045 -0.011364)
            (-0.230769 0.003045 0.011364)
            (-0.230769 0.005882 -0.010189)
            (-0.230769 0.005882 0.010189)
            (-0.230769 0.006090 -0.022728)
            (-0.230769 0.006090 0.022728)
            (-0.230769 0.008319 -0.008319)
            (-0.230769 0.008319 0.008319)
            (-0.230769 0.009135 -0.034091)
            (-0.230769 0.009135 0.034091)
            (-0.230769 0.010189 -0.005882)
            (-0.230769 0.010189 0.005882)
            (-0.230769 0.011364 -0.003045)
            (-0.230769 0.011364 0.003045)
            (-0.230769 0.011765 -0.020377)
            (-0.230769 0.011765 0.000000)
            (-0.230769 0.011765 0.020377)
            (-0.230769 0.012180 -0.045455)
            (-0.230769 0.012180 0.045455)
            (-0.230769 0.015225 -0.056819)
            (-0.230769 0.015225 0.056819)
            (-0.230769 0.016638 -0.016638)
            (-0.230769 0.016638 0.016638)
            (-0.230769 0.017647 -0.030566)
            (-0.230769 0.017647 0.030566)
            (-0.230769 0.018270 -0.068183)
            (-0.230769 0.018270 0.068183)
            (-0.230769 0.020377 -0.011765)
            (-0.230769 0.020377 0.011765)
            (-0.230769 0.021315 -0.079547)
            (-0.230769 0.021315 0.079547)
            (-0.230769 0.022728 -0.006090)
            (-0.230769 0.022728 0.006090)
            (-0.230769 0.023529 -0.040754)
            (-0.230769 0.023529 0.000000)
            (-0.230769 0.023529 0.040754)
            (-0.230769 0.024359 -0.090911)
            (-0.230769 0.024359 0.090911)
            (-0.230769 0.024957 -0.024957)
            (-0.230769 0.024957 0.024957)
            (-0.230769 0.027404 -0.102274)
            (-0.230769 0.027404 0.102274)
            (-0.230769 0.029412 -0.050943)
            (-0.230769 0.029412 0.050943)
            (-0.230769 0.030449 -0.113638)
            (-0.230769 0.030449 0.113638)
            (-0.230769 0.030566 -0.017647)
            (-0.230769 0.030566 0.017647)
            (-0.230769 0.033276 -0.033276)
            (-0.230769 0.033276 0.033276)
            (-0.230769 0.033494 -0.125002)
            (-0.230769 0.033494 0.125002)
            (-0.230769 0.034091 -0.009135)
            (-0.230769 0.034091 0.009135)
            (-0.230769 0.035294 -0.061131)
            (-0.230769 0.035294 0.000000)
            (-0.230769 0.035294 0.061131)
            (-0.230769 0.036539 -0.136366)
            (-0.230769 0.036539 0.136366)
            (-0.230769 0.039584 -0.147730)
            (-0.230769 0.039584 0.147730)
            (-0.230769 0.040754 -0.023529)
            (-0.230769 0.040754 0.023529)
            (-0.230769 0.041176 -0.071320)
            (-0.230769 0.041176 0.071320)
            (-0.230769 0.041595 -0.041595)
            (-0.230769 0.041595 0.041595)
            (-0.230769 0.042629 -0.159094)
            (-0.230769 0.042629 0.159094)
            (-0.230769 0.045455 -0.012180)
            (-0.230769 0.045455 0.012180)
            (-0.230769 0.045674 -0.170457)
            (-0.230769 0.045674 0.170457)
            (-0.230769 0.047059 -0.081508)
            (-0.230769 0.047059 0.000000)
            (-0.230769 0.047059 0.081508)
            (-0.230769 0.048719 -0.181821)
            (-0.230769 0.048719 0.181821)
            (-0.230769 0.049913 -0.049913)
            (-0.230769 0.049913 0.049913)
            (-0.230769 0.050943 -0.029412)
            (-0.230769 0.050943 0.029412)
            (-0.230769 0.051764 -0.193185)
            (-0.230769 0.051764 0.193185)
            (-0.230769 0.052941 -0.091697)
            (-0.230769 0.052941 0.091697)
            (-0.230769 0.056819 -0.015225)
            (-0.230769 0.056819 0.015225)
            (-0.230769 0.058232 -0.058232)
            (-0.230769 0.058232 0.058232)
            (-0.230769 0.058824 -0.101885)
            (-0.230769 0.058824 0.000000)
            (-0.230769 0.058824 0.101885)
            (-0.230769 0.061131 -0.035294)
            (-0.230769 0.061131 0.035294)
            (-0.230769 0.064706 -0.112074)
            (-0.230769 0.064706 0.112074)
            (-0.230769 0.066551 -0.066551)
            (-0.230769 0.066551 0.066551)
            (-0.230769 0.068183 -0.018270)
            (-0.230769 0.068183 0.018270)
            (-0.230769 0.070588 -0.122262)
            (-0.230769 0.070588 0.000000)
            (-0.230769 0.070588 0.122262)
            (-0.230769 0.071320 -0.041176)
            (-0.230769 0.071320 0.041176)
            (-0.230769 0.074870 -0.074870)
            (-0.230769 0.074870 0.074870)
            (-0.230769 0.076471 -0.132451)
            (-0.230769 0.076471 0.132451)
            (-0.230769 0.079547 -0.021315)
            (-0.230769 0.079547 0.021315)
            (-0.230769 0.081508 -0.047059)
            (-0.230769 0.081508 0.047059)
            (-0.230769 0.082353 -0.142639)
            (-0.230769 0.082353 0.000000)
            (-0.230769 0.082353 0.142639)
            (-0.230769 0.083189 -0.083189)
            (-0.230769 0.083189 0.083189)
            (-0.230769 0.088235 -0.152828)
            (-0.230769 0.088235 0.152828)
            (-0.230769 0.090911 -0.024359)
            (-0.230769 0.090911 0.024359)
            (-0.230769 0.091508 -0.091508)
            (-0.230769 0.091508 0.091508)
            (-0.230769 0.091697 -0.052941)
            (-0.230769 0.091697 0.052941)
            (-0.230769 0.094118 -0.163017)
            (-0.230769 0.094118 0.000000)
            (-0.230769 0.094118 0.163017)
            (-0.230769 0.099827 -0.099827)
            (-0.230769 0.099827 0.099827)
            (-0.230769 0.100000 -0.173205)
            (-0.230769 0.100000 0.173205)
            (-0.230769 0.101885 -0.058824)
            (-0.230769 0.101885 0.058824)
            (-0.230769 0.102274 -0.027404)
            (-0.230769 0.102274 0.027404)
            (-0.230769 0.105882 0.000000)
            (-0.230769 0.108146 -0.108146)
            (-0.230769 0.108146 0.108146)
            (-0.230769 0.112074 -0.064706)
            (-0.230769 0.112074 0.064706)
            (-0.230769 0.113638 -0.030449)
            (-0.230769 0.113638 0.030449)
            (-0.230769 0.116465 -0.116465)
            (-0.230769 0.116465 0.116465)
            (-0.230769 0.117647 0.000000)
            (-0.230769 0.122262 -0.070588)
            (-0.230769 0.122262 0.070588)
            (-0.230769 0.124784 -0.124784)
            (-0.230769 0.124784 0.124784)
            (-0.230769 0.125002 -0.033494)
            (-0.230769 0.125002 0.033494)
            (-0.230769 0.129412 0.000000)
            (-0.230769 0.132451 -0.076471)
            (-0.230769 0.132451 0.076471)
            (-0.230769 0.133102 -0.133102)
            (-0.230769 0.133102 0.133102)
            (-0.230769 0.136366 -0.036539)
            (-0.230769 0.136366 0.036539)
            (-0.230769 0.141176 0.000000)
            (-0.230769 0.141421 -0.141421)
            (-0.230769 0.141421 0.141421)
            (-0.230769 0.142639 -0.082353)
            (-0.230769 0.142639 0.082353)
            (-0.230769 0.147730 -0.039584)
            (-0.230769 0.147730 0.039584)
            (-0.230769 0.152828 -0.088235)
            (-0.230769 0.152828 0.088235)
            (-0.230769 0.152941 0.000000)
            (-0.230769 0.159094 -0.042629)
            (-0.230769 0.159094 0.042629)
            (-0.230769 0.163017 -0.094118)
            (-0.230769 0.163017 0.094118)
            (-0.230769 0.164706 0.000000)
            (-0.230769 0.170457 -0.045674)
            (-0.230769 0.170457 0.045674)
            (-0.230769 0.173205 -0.100000)
            (-0.230769 0.173205 0.100000)
            (-0.230769 0.176471 0.000000)
            (-0.230769 0.181821 -0.048719)
            (-0.230769 0.181821 0.048719)
            (-0.230769 0.188235 0.000000)
            (-0.230769 0.193185 -0.051764)
            (-0.230769 0.193185 0.051764)
            (-0.230769 0.200000 0.000000)
            (-0.219231 -0.200000 0.000000)
            (-0.219231 -0.193185 -0.051764)
            (-0.219231 -0.193185 0.051764)
            (-0.219231 -0.188235 0.000000)
            (-0.219231 -0.181821 -0.048719)
            (-0.219231 -0.181821 0.048719)
            (-0.219231 -0.176471 0.000000)
            (-0.219231 -0.173205 -0.100000)
            (-0.219231 -0.173205 0.100000)
            (-0.219231 -0.170457 -0.045674)
            (-0.219231 -0.170457 0.045674)
            (-0.219231 -0.164706 0.000000)
            (-0.219231 -0.163017 -0.094118)
            (-0.219231 -0.163017 0.094118)
            (-0.219231 -0.159094 -0.042629)
            (-0.219231 -0.159094 0.042629)
            (-0.219231 -0.152941 0.000000)
            (-0.219231 -0.152828 -0.088235)
            (-0.219231 -0.152828 0.088235)
            (-0.219231 -0.147730 -0.039584)
            (-0.219231 -0.147730 0.039584)
            (-0.219231 -0.142639 -0.082353)
            (-0.219231 -0.142639 0.082353)
            (-0.219231 -0.141421 -0.141421)
            (-0.219231 -0.141421 0.141421)
            (-0.219231 -0.141176 0.000000)
            (-0.219231 -0.136366 -0.036539)
            (-0.219231 -0.136366 0.036539)
            (-0.219231 -0.133102 -0.133102)
            (-0.219231 -0.133102 0.133102)
            (-0.219231 -0.132451 -0.076471)
            (-0.219231 -0.132451 0.076471)
            (-0.219231 -0.129412 0.000000)
            (-0.219231 -0.125002 -0.033494)
            (-0.219231 -0.125002 0.033494)
            (-0.219231 -0.124784 -0.124784)
            (-0.219231 -0.124784 0.124784)
            (-0.219231 -0.122262 -0.070588)
            (-0.219231 -0.122262 0.070588)
            (-0.219231 -0.117647 0.000000)
            (-0.219231 -0.116465 -0.116465)
            (-0.219231 -0.116465 0.116465)
            (-0.219231 -0.113638 -0.030449)
            (-0.219231 -0.113638 0.030449)
            (-0.219231 -0.112074 -0.064706)
            (-0.219231 -0.112074 0.064706)
            (-0.219231 -0.108146 -0.108146)
            (-0.219231 -0.108146 0.108146)
            (-0.219231 -0.105882 0.000000)
            (-0.219231 -0.102274 -0.027404)
            (-0.219231 -0.102274 0.027404)
            (-0.219231 -0.101885 -0.058824)
            (-0.219231 -0.101885 0.058824)
            (-0.219231 -0.100000 -0.173205)
            (-0.219231 -0.100000 0.173205)
            (-0.219231 -0.099827 -0.099827)
            (-0.219231 -0.099827 0.099827)
            (-0.219231 -0.094118 -0.163017)
            (-0.219231 -0.094118 0.000000)
            (-0.219231 -0.094118 0.163017)
            (-0.219231 -0.091697 -0.052941)
            (-0.219231 -0.091697 0.052941)
            (-0.219231 -0.091508 -0.091508)
            (-0.219231 -0.091508 0.091508)
            (-0.219231 -0.090911 -0.024359)
            (-0.219231 -0.090911 0.024359)
            (-0.219231 -0.088235 -0.152828)
            (-0.219231 -0.088235 0.152828)
            (-0.219231 -0.083189 -0.083189)
            (-0.219231 -0.083189 0.083189)
            (-0.219231 -0.082353 -0.142639)
            (-0.219231 -0.082353 0.000000)
            (-0.219231 -0.082353 0.142639)
            (-0.219231 -0.081508 -0.047059)
            (-0.219231 -0.081508 0.047059)
            (-0.219231 -0.079547 -0.021315)
            (-0.219231 -0.079547 0.021315)
            (-0.219231 -0.076471 -0.132451)
            (-0.219231 -0.076471 0.132451)
            (-0.219231 -0.074870 -0.074870)
            (-0.219231 -0.074870 0.074870)
            (-0.219231 -0.071320 -0.041176)
            (-0.219231 -0.071320 0.041176)
            (-0.219231 -0.070588 -0.122262)
            (-0.219231 -0.070588 0.000000)
            (-0.219231 -0.070588 0.122262)
            (-0.219231 -0.068183 -0.018270)
            (-0.219231 -0.068183 0.018270)
            (-0.219231 -0.066551 -0.066551)
            (-0.219231 -0.066551 0.066551)
            (-0.219231 -0.064706 -0.112074)
            (-0.219231 -0.064706 0.112074)
            (-0.219231 -0.061131 -0.035294)
            (-0.219231 -0.061131 0.035294)
            (-0.219231 -0.058824 -0.101885)
            (-0.219231 -0.058824 0.000000)
            (-0.219231 -0.058824 0.101885)
            (-0.219231 -0.058232 -0.058232)
            (-0.219231 -0.058232 0.058232)
            (-0.219231 -0.056819 -0.015225)
            (-0.219231 -0.056819 0.015225)
            (-0.219231 -0.052941 -0.091697)
            (-0.219231 -0.052941 0.091697)
            (-0.219231 -0.051764 -0.193185)
            (-0.219231 -0.051764 0.193185)
            (-0.219231 -0.050943 -0.029412)
            (-0.219231 -0.050943 0.029412)
            (-0.219231 -0.049913 -0.049913)
            (-0.219231 -0.049913 0.049913)
            (-0.219231 -0.048719 -0.181821)
            (-0.219231 -0.048719 0.181821)
            (-0.219231 -0.047059 -0.081508)
            (-0.219231 -0.047059 0.000000)
            (-0.219231 -0.047059 0.081508)
            (-0.219231 -0.045674 -0.170457)
            (-0.219231 -0.045674 0.170457)
            (-0.219231 -0.045455 -0.012180)
            (-0.219231 -0.045455 0.012180)
            (-0.219231 -0.042629 -0.159094)
            (-0.219231 -0.042629 0.159094)
            (-0.219231 -0.041595 -0.041595)
            (-0.219231 -0.041595 0.041595)
            (-0.219231 -0.041176 -0.071320)
            (-0.219231 -0.041176 0.071320)
            (-0.219231 -0.040754 -0.023529)
            (-0.219231 -0.040754 0.023529)
            (-0.219231 -0.039584 -0.147730)
            (-0.219231 -0.039584 0.147730)
            (-0.219231 -0.036539 -0.136366)
            (-0.219231 -0.036539 0.136366)
            (-0.219231 -0.035294 -0.061131)
            (-0.219231 -0.035294 0.000000)
            (-0.219231 -0.035294 0.061131)
            (-0.219231 -0.034091 -0.009135)
            (-0.219231 -0.034091 0.009135)
            (-0.219231 -0.033494 -0.125002)
            (-0.219231 -0.033494 0.125002)
            (-0.219231 -0.033276 -0.033276)
            (-0.219231 -0.033276 0.033276)
            (-0.219231 -0.030566 -0.017647)
            (-0.219231 -0.030566 0.017647)
            (-0.219231 -0.030449 -0.113638)
            (-0.219231 -0.030449 0.113638)
            (-0.219231 -0.029412 -0.050943)
            (-0.219231 -0.029412 0.050943)
            (-0.219231 -0.027404 -0.102274)
            (-0.219231 -0.027404 0.102274)
            (-0.219231 -0.024957 -0.024957)
            (-0.219231 -0.024957 0.024957)
            (-0.219231 -0.024359 -0.090911)
            (-0.219231 -0.024359 0.090911)
            (-0.219231 -0.023529 -0.040754)
            (-0.219231 -0.023529 0.000000)
            (-0.219231 -0.023529 0.040754)
            (-0.219231 -0.022728 -0.006090)
            (-0.219231 -0.022728 0.006090)
            (-0.219231 -0.021315 -0.079547)
            (-0.219231 -0.021315 0.079547)
            (-0.219231 -0.020377 -0.011765)
            (-0.219231 -0.020377 0.011765)
            (-0.219231 -0.018270 -0.068183)
            (-0.219231 -0.018270 0.068183)
            (-0.219231 -0.017647 -0.030566)
            (-0.219231 -0.017647 0.030566)
            (-0.219231 -0.016638 -0.016638)
            (-0.219231 -0.016638 0.016638)
            (-0.219231 -0.015225 -0.056819)
            (-0.219231 -0.015225 0.056819)
            (-0.219231 -0.012180 -0.045455)
            (-0.219231 -0.012180 0.045455)
            (-0.219231 -0.011765 -0.020377)
            (-0.219231 -0.011765 0.000000)
            (-0.219231 -0.011765 0.020377)
            (-0.219231 -0.011364 -0.003045)
            (-0.219231 -0.011364 0.003045)
            (-0.219231 -0.010189 -0.005882)
            (-0.219231 -0.010189 0.005882)
            (-0.219231 -0.009135 -0.034091)
            (-0.219231 -0.009135 0.034091)
            (-0.219231 -0.008319 -0.008319)
            (-0.219231 -0.008319 0.008319)
            (-0.219231 -0.006090 -0.022728)
            (-0.219231 -0.006090 0.022728)
            (-0.219231 -0.005882 -0.010189)
            (-0.219231 -0.005882 0.010189)
            (-0.219231 -0.003045 -0.011364)
            (-0.219231 -0.003045 0.011364)
            (-0.219231 -0.000000 -0.200000)
            (-0.219231 -0.000000 -0.188235)
            (-0.219231 -0.000000 -0.176471)
            (-0.219231 -0.000000 -0.164706)
            (-0.219231 -0.000000 -0.152941)
            (-0.219231 -0.000000 -0.141176)
            (-0.219231 -0.000000 -0.129412)
            (-0.219231 -0.000000 -0.117647)
            (-0.219231 -0.000000 -0.105882)
            (-0.219231 -0.000000 -0.094118)
            (-0.219231 -0.000000 -0.082353)
            (-0.219231 -0.000000 -0.070588)
            (-0.219231 -0.000000 -0.058824)
            (-0.219231 -0.000000 -0.047059)
            (-0.219231 -0.000000 -0.035294)
            (-0.219231 -0.000000 -0.023529)
            (-0.219231 -0.000000 -0.011765)
            (-0.219231 0.000000 -0.000000)
            (-0.219231 0.000000 0.011765)
            (-0.219231 0.000000 0.023529)
            (-0.219231 0.000000 0.035294)
            (-0.219231 0.000000 0.047059)
            (-0.219231 0.000000 0.058824)
            (-0.219231 0.000000 0.070588)
            (-0.219231 0.000000 0.082353)
            (-0.219231 0.000000 0.094118)
            (-0.219231 0.000000 0.105882)
            (-0.219231 0.000000 0.117647)
            (-0.219231 0.000000 0.129412)
            (-0.219231 0.000000 0.141176)
            (-0.219231 0.000000 0.152941)
            (-0.219231 0.000000 0.164706)
            (-0.219231 0.000000 0.176471)
            (-0.219231 0.000000 0.188235)
            (-0.219231 0.000000 0.200000)
            (-0.219231 0.003045 -0.011364)
            (-0.219231 0.003045 0.011364)
            (-0.219231 0.005882 -0.010189)
            (-0.219231 0.005882 0.010189)
            (-0.219231 0.006090 -0.022728)
            (-0.219231 0.006090 0.022728)
            (-0.219231 0.008319 -0.008319)
            (-0.219231 0.008319 0.008319)
            (-0.219231 0.009135 -0.034091)
            (-0.219231 0.009135 0.034091)
            (-0.219231 0.010189 -0.005882)
            (-0.219231 0.010189 0.005882)
            (-0.219231 0.011364 -0.003045)
            (-0.219231 0.011364 0.003045)
            (-0.219231 0.011765 -0.020377)
            (-0.219231 0.011765 0.000000)
            (-0.219231 0.011765 0.020377)
            (-0.219231 0.012180 -0.045455)
            (-0.219231 0.012180 0.045455)
            (-0.219231 0.015225 -0.056819)
            (-0.219231 0.015225 0.056819)
            (-0.219231 0.016638 -0.016638)
            (-0.219231 0.016638 0.016638)
            (-0.219231 0.017647 -0.030566)
            (-0.219231 0.017647 0.030566)
            (-0.219231 0.018270 -0.068183)
            (-0.219231 0.018270 0.068183)
            (-0.219231 0.020377 -0.011765)
            (-0.219231 0.020377 0.011765)
            (-0.219231 0.021315 -0.079547)
            (-0.219231 0.021315 0.079547)
            (-0.219231 0.022728 -0.006090)
            (-0.219231 0.022728 0.006090)
            (-0.219231 0.023529 -0.040754)
            (-0.219231 0.023529 0.000000)
            (-0.219231 0.023529 0.040754)
            (-0.219231 0.024359 -0.090911)
            (-0.219231 0.024359 0.090911)
            (-0.219231 0.024957 -0.024957)
            (-0.219231 0.024957 0.024957)
            (-0.219231 0.027404 -0.102274)
            (-0.219231 0.027404 0.102274)
            (-0.219231 0.029412 -0.050943)
            (-0.219231 0.029412 0.050943)
            (-0.219231 0.030449 -0.113638)
            (-0.219231 0.030449 0.113638)
            (-0.219231 0.030566 -0.017647)
            (-0.219231 0.030566 0.017647)
            (-0.219231 0.033276 -0.033276)
            (-0.219231 0.033276 0.033276)
            (-0.219231 0.033494 -0.125002)
            (-0.219231 0.033494 0.125002)
            (-0.219231 0.034091 -0.009135)
            (-0.219231 0.034091 0.009135)
            (-0.219231 0.035294 -0.061131)
            (-0.219231 0.035294 0.000000)
            (-0.219231 0.035294 0.061131)
            (-0.219231 0.036539 -0.136366)
            (-0.219231 0.036539 0.136366)
            (-0.219231 0.039584 -0.147730)
            (-0.219231 0.039584 0.147730)
            (-0.219231 0.040754 -0.023529)
            (-0.219231 0.040754 0.023529)
            (-0.219231 0.041176 -0.071320)
            (-0.219231 0.041176 0.071320)
            (-0.219231 0.041595 -0.041595)
            (-0.219231 0.041595 0.041595)
            (-0.219231 0.042629 -0.159094)
            (-0.219231 0.042629 0.159094)
            (-0.219231 0.045455 -0.012180)
            (-0.219231 0.045455 0.012180)
            (-0.219231 0.045674 -0.170457)
            (-0.219231 0.045674 0.170457)
            (-0.219231 0.047059 -0.081508)
            (-0.219231 0.047059 0.000000)
            (-0.219231 0.047059 0.081508)
            (-0.219231 0.048719 -0.181821)
            (-0.219231 0.048719 0.181821)
            (-0.219231 0.049913 -0.049913)
            (-0.219231 0.049913 0.049913)
            (-0.219231 0.050943 -0.029412)
            (-0.219231 0.050943 0.029412)
            (-0.219231 0.051764 -0.193185)
            (-0.219231 0.051764 0.193185)
            (-0.219231 0.052941 -0.091697)
            (-0.219231 0.052941 0.091697)
            (-0.219231 0.056819 -0.015225)
            (-0.219231 0.056819 0.015225)
            (-0.219231 0.058232 -0.058232)
            (-0.219231 0.058232 0.058232)
            (-0.219231 0.058824 -0.101885)
            (-0.219231 0.058824 0.000000)
            (-0.219231 0.058824 0.101885)
            (-0.219231 0.061131 -0.035294)
            (-0.219231 0.061131 0.035294)
            (-0.219231 0.064706 -0.112074)
            (-0.219231 0.064706 0.112074)
            (-0.219231 0.066551 -0.066551)
            (-0.219231 0.066551 0.066551)
            (-0.219231 0.068183 -0.018270)
            (-0.219231 0.068183 0.018270)
            (-0.219231 0.070588 -0.122262)
            (-0.219231 0.070588 0.000000)
            (-0.219231 0.070588 0.122262)
            (-0.219231 0.071320 -0.041176)
            (-0.219231 0.071320 0.041176)
            (-0.219231 0.074870 -0.074870)
            (-0.219231 0.074870 0.074870)
            (-0.219231 0.076471 -0.132451)
            (-0.219231 0.076471 0.132451)
            (-0.219231 0.079547 -0.021315)
            (-0.219231 0.079547 0.021315)
            (-0.219231 0.081508 -0.047059)
            (-0.219231 0.081508 0.047059)
            (-0.219231 0.082353 -0.142639)
            (-0.219231 0.082353 0.000000)
            (-0.219231 0.082353 0.142639)
            (-0.219231 0.083189 -0.083189)
            (-0.219231 0.083189 0.083189)
            (-0.219231 0.088235 -0.152828)
            (-0.219231 0.088235 0.152828)
            (-0.219231 0.090911 -0.024359)
            (-0.219231 0.090911 0.024359)
            (-0.219231 0.091508 -0.091508)
            (-0.219231 0.091508 0.091508)
            (-0.219231 0.091697 -0.052941)
            (-0.219231 0.091697 0.052941)
            (-0.219231 0.094118 -0.163017)
            (-0.219231 0.094118 0.000000)
            (-0.219231 0.094118 0.163017)
            (-0.219231 0.099827 -0.099827)
            (-0.219231 0.099827 0.099827)
            (-0.219231 0.100000 -0.173205)
            (-0.219231 0.100000 0.173205)
            (-0.219231 0.101885 -0.058824)
            (-0.219231 0.101885 0.058824)
            (-0.219231 0.102274 -0.027404)
            (-0.219231 0.102274 0.027404)
            (-0.219231 0.105882 0.000000)
            (-0.219231 0.108146 -0.108146)
            (-0.219231 0.108146 0.108146)
            (-0.219231 0.112074 -0.064706)
            (-0.219231 0.112074 0.064706)
            (-0.219231 0.113638 -0.030449)
            (-0.219231 0.113638 0.030449)
            (-0.219231 0.116465 -0.116465)
            (-0.219231 0.116465 0.116465)
            (-0.219231 0.117647 0.000000)
            (-0.219231 0.122262 -0.070588)
            (-0.219231 0.122262 0.070588)
            (-0.219231 0.124784 -0.124784)
            (-0.219231 0.124784 0.124784)
            (-0.219231 0.125002 -0.033494)
            (-0.219231 0.125002 0.033494)
            (-0.219231 0.129412 0.000000)
            (-0.219231 0.132451 -0.076471)
            (-0.219231 0.132451 0.076471)
            (-0.219231 0.133102 -0.133102)
            (-0.219231 0.133102 0.133102)
            (-0.219231 0.136366 -0.036539)
            (-0.219231 0.136366 0.036539)
            (-0.219231 0.141176 0.000000)
            (-0.219231 0.141421 -0.141421)
            (-0.219231 0.141421 0.141421)
            (-0.219231 0.142639 -0.082353)
            (-0.219231 0.142639 0.082353)
            (-0.219231 0.147730 -0.039584)
            (-0.219231 0.147730 0.039584)
            (-0.219231 0.152828 -0.088235)
            (-0.219231 0.152828 0.088235)
            (-0.219231 0.152941 0.000000)
            (-0.219231 0.159094 -0.042629)
            (-0.219231 0.159094 0.042629)
            (-0.219231 0.163017 -0.094118)
            (-0.219231 0.163017 0.094118)
            (-0.219231 0.164706 0.000000)
            (-0.219231 0.170457 -0.045674)
            (-0.219231 0.170457 0.045674)
            (-0.219231 0.173205 -0.100000)
            (-0.219231 0.173205 0.100000)
            (-0.219231 0.176471 0.000000)
            (-0.219231 0.181821 -0.048719)
            (-0.219231 0.181821 0.048719)
            (-0.219231 0.188235 0.000000)
            (-0.219231 0.193185 -0.051764)
            (-0.219231 0.193185 0.051764)
            (-0.219231 0.200000 0.000000)
            (-0.207692 -0.200000 0.000000)
            (-0.207692 -0.193185 -0.051764)
            (-0.207692 -0.193185 0.051764)
            (-0.207692 -0.188235 0.000000)
            (-0.207692 -0.181821 -0.048719)
            (-0.207692 -0.181821 0.048719)
            (-0.207692 -0.176471 0.000000)
            (-0.207692 -0.173205 -0.100000)
            (-0.207692 -0.173205 0.100000)
            (-0.207692 -0.170457 -0.045674)
            (-0.207692 -0.170457 0.045674)
            (-0.207692 -0.164706 0.000000)
            (-0.207692 -0.163017 -0.094118)
            (-0.207692 -0.163017 0.094118)
            (-0.207692 -0.159094 -0.042629)
            (-0.207692 -0.159094 0.042629)
            (-0.207692 -0.152941 0.000000)
            (-0.207692 -0.152828 -0.088235)
            (-0.207692 -0.152828 0.088235)
            (-0.207692 -0.147730 -0.039584)
            (-0.207692 -0.147730 0.039584)
            (-0.207692 -0.142639 -0.082353)
            (-0.207692 -0.142639 0.082353)
            (-0.207692 -0.141421 -0.141421)
            (-0.207692 -0.141421 0.141421)
            (-0.207692 -0.141176 0.000000)
            (-0.207692 -0.136366 -0.036539)
            (-0.207692 -0.136366 0.036539)
            (-0.207692 -0.133102 -0.133102)
            (-0.207692 -0.133102 0.133102)
            (-0.207692 -0.132451 -0.076471)
            (-0.207692 -0.132451 0.076471)
            (-0.207692 -0.129412 0.000000)
            (-0.207692 -0.125002 -0.033494)
            (-0.207692 -0.125002 0.033494)
            (-0.207692 -0.124784 -0.124784)
            (-0.207692 -0.124784 0.124784)
            (-0.207692 -0.122262 -0.070588)
            (-0.207692 -0.122262 0.070588)
            (-0.207692 -0.117647 0.000000)
            (-0.207692 -0.116465 -0.116465)
            (-0.207692 -0.116465 0.116465)
            (-0.207692 -0.113638 -0.030449)
            (-0.207692 -0.113638 0.030449)
            (-0.207692 -0.112074 -0.064706)
            (-0.207692 -0.112074 0.064706)
            (-0.207692 -0.108146 -0.108146)
            (-0.207692 -0.108146 0.108146)
            (-0.207692 -0.105882 0.000000)
            (-0.207692 -0.102274 -0.027404)
            (-0.207692 -0.102274 0.027404)
            (-0.207692 -0.101885 -0.058824)
            (-0.207692 -0.101885 0.058824)
            (-0.207692 -0.100000 -0.173205)
            (-0.207692 -0.100000 0.173205)
            (-0.207692 -0.099827 -0.099827)
            (-0.207692 -0.099827 0.099827)
            (-0.207692 -0.094118 -0.163017)
            (-0.207692 -0.094118 0.000000)
            (-0.207692 -0.094118 0.163017)
            (-0.207692 -0.091697 -0.052941)
            (-0.207692 -0.091697 0.052941)
            (-0.207692 -0.091508 -0.091508)
            (-0.207692 -0.091508 0.091508)
            (-0.207692 -0.090911 -0.024359)
            (-0.207692 -0.090911 0.024359)
            (-0.207692 -0.088235 -0.152828)
            (-0.207692 -0.088235 0.152828)
            (-0.207692 -0.083189 -0.083189)
            (-0.207692 -0.083189 0.083189)
            (-0.207692 -0.082353 -0.142639)
            (-0.207692 -0.082353 0.000000)
            (-0.207692 -0.082353 0.142639)
            (-0.207692 -0.081508 -0.047059)
            (-0.207692 -0.081508 0.047059)
            (-0.207692 -0.079547 -0.021315)
            (-0.207692 -0.079547 0.021315)
            (-0.207692 -0.076471 -0.132451)
            (-0.207692 -0.076471 0.132451)
            (-0.207692 -0.074870 -0.074870)
            (-0.207692 -0.074870 0.074870)
            (-0.207692 -0.071320 -0.041176)
            (-0.207692 -0.071320 0.041176)
            (-0.207692 -0.070588 -0.122262)
            (-0.207692 -0.070588 0.000000)
            (-0.207692 -0.070588 0.122262)
            (-0.207692 -0.068183 -0.018270)
            (-0.207692 -0.068183 0.018270)
            (-0.207692 -0.066551 -0.066551)
            (-0.207692 -0.066551 0.066551)
            (-0.207692 -0.064706 -0.112074)
            (-0.207692 -0.064706 0.112074)
            (-0.207692 -0.061131 -0.035294)
            (-0.207692 -0.061131 0.035294)
            (-0.207692 -0.058824 -0.101885)
            (-0.207692 -0.058824 0.000000)
            (-0.207692 -0.058824 0.101885)
            (-0.207692 -0.058232 -0.058232)
            (-0.207692 -0.058232 0.058232)
            (-0.207692 -0.056819 -0.015225)
            (-0.207692 -0.056819 0.015225)
            (-0.207692 -0.052941 -0.091697)
            (-0.207692 -0.052941 0.091697)
            (-0.207692 -0.051764 -0.193185)
            (-0.207692 -0.051764 0.193185)
            (-0.207692 -0.050943 -0.029412)
            (-0.207692 -0.050943 0.029412)
            (-0.207692 -0.049913 -0.049913)
            (-0.207692 -0.049913 0.049913)
            (-0.207692 -0.048719 -0.181821)
            (-0.207692 -0.048719 0.181821)
            (-0.207692 -0.047059 -0.081508)
            (-0.207692 -0.047059 0.000000)
            (-0.207692 -0.047059 0.081508)
            (-0.207692 -0.045674 -0.170457)
            (-0.207692 -0.045674 0.170457)
            (-0.207692 -0.045455 -0.012180)
            (-0.207692 -0.045455 0.012180)
            (-0.207692 -0.042629 -0.159094)
            (-0.207692 -0.042629 0.159094)
            (-0.207692 -0.041595 -0.041595)
            (-0.207692 -0.041595 0.041595)
            (-0.207692 -0.041176 -0.071320)
            (-0.207692 -0.041176 0.071320)
            (-0.207692 -0.040754 -0.023529)
            (-0.207692 -0.040754 0.023529)
            (-0.207692 -0.039584 -0.147730)
            (-0.207692 -0.039584 0.147730)
            (-0.207692 -0.036539 -0.136366)
            (-0.207692 -0.036539 0.136366)
            (-0.207692 -0.035294 -0.061131)
            (-0.207692 -0.035294 0.000000)
            (-0.207692 -0.035294 0.061131)
            (-0.207692 -0.034091 -0.009135)
            (-0.207692 -0.034091 0.009135)
            (-0.207692 -0.033494 -0.125002)
            (-0.207692 -0.033494 0.125002)
            (-0.207692 -0.033276 -0.033276)
            (-0.207692 -0.033276 0.033276)
            (-0.207692 -0.030566 -0.017647)
            (-0.207692 -0.030566 0.017647)
            (-0.207692 -0.030449 -0.113638)
            (-0.207692 -0.030449 0.113638)
            (-0.207692 -0.029412 -0.050943)
            (-0.207692 -0.029412 0.050943)
            (-0.207692 -0.027404 -0.102274)
            (-0.207692 -0.027404 0.102274)
            (-0.207692 -0.024957 -0.024957)
            (-0.207692 -0.024957 0.024957)
            (-0.207692 -0.024359 -0.090911)
            (-0.207692 -0.024359 0.090911)
            (-0.207692 -0.023529 -0.040754)
            (-0.207692 -0.023529 0.000000)
            (-0.207692 -0.023529 0.040754)
            (-0.207692 -0.022728 -0.006090)
            (-0.207692 -0.022728 0.006090)
            (-0.207692 -0.021315 -0.079547)
            (-0.207692 -0.021315 0.079547)
            (-0.207692 -0.020377 -0.011765)
            (-0.207692 -0.020377 0.011765)
            (-0.207692 -0.018270 -0.068183)
            (-0.207692 -0.018270 0.068183)
            (-0.207692 -0.017647 -0.030566)
            (-0.207692 -0.017647 0.030566)
            (-0.207692 -0.016638 -0.016638)
            (-0.207692 -0.016638 0.016638)
            (-0.207692 -0.015225 -0.056819)
            (-0.207692 -0.015225 0.056819)
            (-0.207692 -0.012180 -0.045455)
            (-0.207692 -0.012180 0.045455)
            (-0.207692 -0.011765 -0.020377)
            (-0.207692 -0.011765 0.000000)
            (-0.207692 -0.011765 0.020377)
            (-0.207692 -0.011364 -0.003045)
            (-0.207692 -0.011364 0.003045)
            (-0.207692 -0.010189 -0.005882)
            (-0.207692 -0.010189 0.005882)
            (-0.207692 -0.009135 -0.034091)
            (-0.207692 -0.009135 0.034091)
            (-0.207692 -0.008319 -0.008319)
            (-0.207692 -0.008319 0.008319)
            (-0.207692 -0.006090 -0.022728)
            (-0.207692 -0.006090 0.022728)
            (-0.207692 -0.005882 -0.010189)
            (-0.207692 -0.005882 0.010189)
            (-0.207692 -0.003045 -0.011364)
            (-0.207692 -0.003045 0.011364)
            (-0.207692 -0.000000 -0.200000)
            (-0.207692 -0.000000 -0.188235)
            (-0.207692 -0.000000 -0.176471)
            (-0.207692 -0.000000 -0.164706)
            (-0.207692 -0.000000 -0.152941)
            (-0.207692 -0.000000 -0.141176)
            (-0.207692 -0.000000 -0.129412)
            (-0.207692 -0.000000 -0.117647)
            (-0.207692 -0.000000 -0.105882)
            (-0.207692 -0.000000 -0.094118)
            (-0.207692 -0.000000 -0.082353)
            (-0.207692 -0.000000 -0.070588)
            (-0.207692 -0.000000 -0.058824)
            (-0.207692 -0.000000 -0.047059)
            (-0.207692 -0.000000 -0.035294)
            (-0.207692 -0.000000 -0.023529)
            (-0.207692 -0.000000 -0.011765)
            (-0.207692 0.000000 0.000000)
            (-0.207692 0.000000 0.011765)
            (-0.207692 0.000000 0.023529)
            (-0.207692 0.000000 0.035294)
            (-0.207692 0.000000 0.047059)
            (-0.207692 0.000000 0.058824)
            (-0.207692 0.000000 0.070588)
            (-0.207692 0.000000 0.082353)
            (-0.207692 0.000000 0.094118)
            (-0.207692 0.000000 0.105882)
            (-0.207692 0.000000 0.117647)
            (-0.207692 0.000000 0.129412)
            (-0.207692 0.000000 0.141176)
            (-0.207692 0.000000 0.152941)
            (-0.207692 0.000000 0.164706)
            (-0.207692 0.000000 0.176471)
            (-0.207692 0.000000 0.188235)
            (-0.207692 0.000000 0.200000)
            (-0.207692 0.003045 -0.011364)
            (-0.207692 0.003045 0.011364)
            (-0.207692 0.005882 -0.010189)
            (-0.207692 0.005882 0.010189)
            (-0.207692 0.006090 -0.022728)
            (-0.207692 0.006090 0.022728)
            (-0.207692 0.008319 -0.008319)
            (-0.207692 0.008319 0.008319)
            (-0.207692 0.009135 -0.034091)
            (-0.207692 0.009135 0.034091)
            (-0.207692 0.010189 -0.005882)
            (-0.207692 0.010189 0.005882)
            (-0.207692 0.011364 -0.003045)
            (-0.207692 0.011364 0.003045)
            (-0.207692 0.011765 -0.020377)
            (-0.207692 0.011765 0.000000)
            (-0.207692 0.011765 0.020377)
            (-0.207692 0.012180 -0.045455)
            (-0.207692 0.012180 0.045455)
            (-0.207692 0.015225 -0.056819)
            (-0.207692 0.015225 0.056819)
            (-0.207692 0.016638 -0.016638)
            (-0.207692 0.016638 0.016638)
            (-0.207692 0.017647 -0.030566)
            (-0.207692 0.017647 0.030566)
            (-0.207692 0.018270 -0.068183)
            (-0.207692 0.018270 0.068183)
            (-0.207692 0.020377 -0.011765)
            (-0.207692 0.020377 0.011765)
            (-0.207692 0.021315 -0.079547)
            (-0.207692 0.021315 0.079547)
            (-0.207692 0.022728 -0.006090)
            (-0.207692 0.022728 0.006090)
            (-0.207692 0.023529 -0.040754)
            (-0.207692 0.023529 0.000000)
            (-0.207692 0.023529 0.040754)
            (-0.207692 0.024359 -0.090911)
            (-0.207692 0.024359 0.090911)
            (-0.207692 0.024957 -0.024957)
            (-0.207692 0.024957 0.024957)
            (-0.207692 0.027404 -0.102274)
            (-0.207692 0.027404 0.102274)
            (-0.207692 0.029412 -0.050943)
            (-0.207692 0.029412 0.050943)
            (-0.207692 0.030449 -0.113638)
            (-0.207692 0.030449 0.113638)
            (-0.207692 0.030566 -0.017647)
            (-0.207692 0.030566 0.017647)
            (-0.207692 0.033276 -0.033276)
            (-0.207692 0.033276 0.033276)
            (-0.207692 0.033494 -0.125002)
            (-0.207692 0.033494 0.125002)
            (-0.207692 0.034091 -0.009135)
            (-0.207692 0.034091 0.009135)
            (-0.207692 0.035294 -0.061131)
            (-0.207692 0.035294 0.000000)
            (-0.207692 0.035294 0.061131)
            (-0.207692 0.036539 -0.136366)
            (-0.207692 0.036539 0.136366)
            (-0.207692 0.039584 -0.147730)
            (-0.207692 0.039584 0.147730)
            (-0.207692 0.040754 -0.023529)
            (-0.207692 0.040754 0.023529)
            (-0.207692 0.041176 -0.071320)
            (-0.207692 0.041176 0.071320)
            (-0.207692 0.041595 -0.041595)
            (-0.207692 0.041595 0.041595)
            (-0.207692 0.042629 -0.159094)
            (-0.207692 0.042629 0.159094)
            (-0.207692 0.045455 -0.012180)
            (-0.207692 0.045455 0.012180)
            (-0.207692 0.045674 -0.170457)
            (-0.207692 0.045674 0.170457)
            (-0.207692 0.047059 -0.081508)
            (-0.207692 0.047059 0.000000)
            (-0.207692 0.047059 0.081508)
            (-0.207692 0.048719 -0.181821)
            (-0.207692 0.048719 0.181821)
            (-0.207692 0.049913 -0.049913)
            (-0.207692 0.049913 0.049913)
            (-0.207692 0.050943 -0.029412)
            (-0.207692 0.050943 0.029412)
            (-0.207692 0.051764 -0.193185)
            (-0.207692 0.051764 0.193185)
            (-0.207692 0.052941 -0.091697)
            (-0.207692 0.052941 0.091697)
            (-0.207692 0.056819 -0.015225)
            (-0.207692 0.056819 0.015225)
            (-0.207692 0.058232 -0.058232)
            (-0.207692 0.058232 0.058232)
            (-0.207692 0.058824 -0.101885)
            (-0.207692 0.058824 0.000000)
            (-0.207692 0.058824 0.101885)
            (-0.207692 0.061131 -0.035294)
            (-0.207692 0.061131 0.035294)
            (-0.207692 0.064706 -0.112074)
            (-0.207692 0.064706 0.112074)
            (-0.207692 0.066551 -0.066551)
            (-0.207692 0.066551 0.066551)
            (-0.207692 0.068183 -0.018270)
            (-0.207692 0.068183 0.018270)
            (-0.207692 0.070588 -0.122262)
            (-0.207692 0.070588 0.000000)
            (-0.207692 0.070588 0.122262)
            (-0.207692 0.071320 -0.041176)
            (-0.207692 0.071320 0.041176)
            (-0.207692 0.074870 -0.074870)
            (-0.207692 0.074870 0.074870)
            (-0.207692 0.076471 -0.132451)
            (-0.207692 0.076471 0.132451)
            (-0.207692 0.079547 -0.021315)
            (-0.207692 0.079547 0.021315)
            (-0.207692 0.081508 -0.047059)
            (-0.207692 0.081508 0.047059)
            (-0.207692 0.082353 -0.142639)
            (-0.207692 0.082353 0.000000)
            (-0.207692 0.082353 0.142639)
            (-0.207692 0.083189 -0.083189)
            (-0.207692 0.083189 0.083189)
            (-0.207692 0.088235 -0.152828)
            (-0.207692 0.088235 0.152828)
            (-0.207692 0.090911 -0.024359)
            (-0.207692 0.090911 0.024359)
            (-0.207692 0.091508 -0.091508)
            (-0.207692 0.091508 0.091508)
            (-0.207692 0.091697 -0.052941)
            (-0.207692 0.091697 0.052941)
            (-0.207692 0.094118 -0.163017)
            (-0.207692 0.094118 0.000000)
            (-0.207692 0.094118 0.163017)
            (-0.207692 0.099827 -0.099827)
            (-0.207692 0.099827 0.099827)
            (-0.207692 0.100000 -0.173205)
            (-0.207692 0.100000 0.173205)
            (-0.207692 0.101885 -0.058824)
            (-0.207692 0.101885 0.058824)
            (-0.207692 0.102274 -0.027404)
            (-0.207692 0.102274 0.027404)
            (-0.207692 0.105882 0.000000)
            (-0.207692 0.108146 -0.108146)
            (-0.207692 0.108146 0.108146)
            (-0.207692 0.112074 -0.064706)
            (-0.207692 0.112074 0.064706)
            (-0.207692 0.113638 -0.030449)
            (-0.207692 0.113638 0.030449)
            (-0.207692 0.116465 -0.116465)
            (-0.207692 0.116465 0.116465)
            (-0.207692 0.117647 0.000000)
            (-0.207692 0.122262 -0.070588)
            (-0.207692 0.122262 0.070588)
            (-0.207692 0.124784 -0.124784)
            (-0.207692 0.124784 0.124784)
            (-0.207692 0.125002 -0.033494)
            (-0.207692 0.125002 0.033494)
            (-0.207692 0.129412 0.000000)
            (-0.207692 0.132451 -0.076471)
            (-0.207692 0.132451 0.076471)
            (-0.207692 0.133102 -0.133102)
            (-0.207692 0.133102 0.133102)
            (-0.207692 0.136366 -0.036539)
            (-0.207692 0.136366 0.036539)
            (-0.207692 0.141176 0.000000)
            (-0.207692 0.141421 -0.141421)
            (-0.207692 0.141421 0.141421)
            (-0.207692 0.142639 -0.082353)
            (-0.207692 0.142639 0.082353)
            (-0.207692 0.147730 -0.039584)
            (-0.207692 0.147730 0.039584)
            (-0.207692 0.152828 -0.088235)
            (-0.207692 0.152828 0.088235)
            (-0.207692 0.152941 0.000000)
            (-0.207692 0.159094 -0.042629)
            (-0.207692 0.159094 0.042629)
            (-0.207692 0.163017 -0.094118)
            (-0.207692 0.163017 0.094118)
            (-0.207692 0.164706 0.000000)
            (-0.207692 0.170457 -0.045674)
            (-0.207692 0.170457 0.045674)
            (-0.207692 0.173205 -0.100000)
            (-0.207692 0.173205 0.100000)
            (-0.207692 0.176471 0.000000)
            (-0.207692 0.181821 -0.048719)
            (-0.207692 0.181821 0.048719)
            (-0.207692 0.188235 0.000000)
            (-0.207692 0.193185 -0.051764)
            (-0.207692 0.193185 0.051764)
            (-0.207692 0.200000 0.000000)
            (-0.196154 -0.200000 0.000000)
            (-0.196154 -0.193185 -0.051764)
            (-0.196154 -0.193185 0.051764)
            (-0.196154 -0.188235 0.000000)
            (-0.196154 -0.181821 -0.048719)
            (-0.196154 -0.181821 0.048719)
            (-0.196154 -0.176471 0.000000)
            (-0.196154 -0.173205 -0.100000)
            (-0.196154 -0.173205 0.100000)
            (-0.196154 -0.170457 -0.045674)
            (-0.196154 -0.170457 0.045674)
            (-0.196154 -0.164706 0.000000)
            (-0.196154 -0.163017 -0.094118)
            (-0.196154 -0.163017 0.094118)
            (-0.196154 -0.159094 -0.042629)
            (-0.196154 -0.159094 0.042629)
            (-0.196154 -0.152941 0.000000)
            (-0.196154 -0.152828 -0.088235)
            (-0.196154 -0.152828 0.088235)
            (-0.196154 -0.147730 -0.039584)
            (-0.196154 -0.147730 0.039584)
            (-0.196154 -0.142639 -0.082353)
            (-0.196154 -0.142639 0.082353)
            (-0.196154 -0.141421 -0.141421)
            (-0.196154 -0.141421 0.141421)
            (-0.196154 -0.141176 0.000000)
            (-0.196154 -0.136366 -0.036539)
            (-0.196154 -0.136366 0.036539)
            (-0.196154 -0.133102 -0.133102)
            (-0.196154 -0.133102 0.133102)
            (-0.196154 -0.132451 -0.076471)
            (-0.196154 -0.132451 0.076471)
            (-0.196154 -0.129412 0.000000)
            (-0.196154 -0.125002 -0.033494)
            (-0.196154 -0.125002 0.033494)
            (-0.196154 -0.124784 -0.124784)
            (-0.196154 -0.124784 0.124784)
            (-0.196154 -0.122262 -0.070588)
            (-0.196154 -0.122262 0.070588)
            (-0.196154 -0.117647 0.000000)
            (-0.196154 -0.116465 -0.116465)
            (-0.196154 -0.116465 0.116465)
            (-0.196154 -0.113638 -0.030449)
            (-0.196154 -0.113638 0.030449)
            (-0.196154 -0.112074 -0.064706)
            (-0.196154 -0.112074 0.064706)
            (-0.196154 -0.108146 -0.108146)
            (-0.196154 -0.108146 0.108146)
            (-0.196154 -0.105882 0.000000)
            (-0.196154 -0.102274 -0.027404)
            (-0.196154 -0.102274 0.027404)
            (-0.196154 -0.101885 -0.058824)
            (-0.196154 -0.101885 0.058824)
            (-0.196154 -0.100000 -0.173205)
            (-0.196154 -0.100000 0.173205)
            (-0.196154 -0.099827 -0.099827)
            (-0.196154 -0.099827 0.099827)
            (-0.196154 -0.094118 -0.163017)
            (-0.196154 -0.094118 0.000000)
            (-0.196154 -0.094118 0.163017)
            (-0.196154 -0.091697 -0.052941)
            (-0.196154 -0.091697 0.052941)
            (-0.196154 -0.091508 -0.091508)
            (-0.196154 -0.091508 0.091508)
            (-0.196154 -0.090911 -0.024359)
            (-0.196154 -0.090911 0.024359)
            (-0.196154 -0.088235 -0.152828)
            (-0.196154 -0.088235 0.152828)
            (-0.196154 -0.083189 -0.083189)
            (-0.196154 -0.083189 0.083189)
            (-0.196154 -0.082353 -0.142639)
            (-0.196154 -0.082353 0.000000)
            (-0.196154 -0.082353 0.142639)
            (-0.196154 -0.081508 -0.047059)
            (-0.196154 -0.081508 0.047059)
            (-0.196154 -0.079547 -0.021315)
            (-0.196154 -0.079547 0.021315)
            (-0.196154 -0.076471 -0.132451)
            (-0.196154 -0.076471 0.132451)
            (-0.196154 -0.074870 -0.074870)
            (-0.196154 -0.074870 0.074870)
            (-0.196154 -0.071320 -0.041176)
            (-0.196154 -0.071320 0.041176)
            (-0.196154 -0.070588 -0.122262)
            (-0.196154 -0.070588 0.000000)
            (-0.196154 -0.070588 0.122262)
            (-0.196154 -0.068183 -0.018270)
            (-0.196154 -0.068183 0.018270)
            (-0.196154 -0.066551 -0.066551)
            (-0.196154 -0.066551 0.066551)
            (-0.196154 -0.064706 -0.112074)
            (-0.196154 -0.064706 0.112074)
            (-0.196154 -0.061131 -0.035294)
            (-0.196154 -0.061131 0.035294)
            (-0.196154 -0.058824 -0.101885)
            (-0.196154 -0.058824 0.000000)
            (-0.196154 -0.058824 0.101885)
            (-0.196154 -0.058232 -0.058232)
            (-0.196154 -0.058232 0.058232)
            (-0.196154 -0.056819 -0.015225)
            (-0.196154 -0.056819 0.015225)
            (-0.196154 -0.052941 -0.091697)
            (-0.196154 -0.052941 0.091697)
            (-0.196154 -0.051764 -0.193185)
            (-0.196154 -0.051764 0.193185)
            (-0.196154 -0.050943 -0.029412)
            (-0.196154 -0.050943 0.029412)
            (-0.196154 -0.049913 -0.049913)
            (-0.196154 -0.049913 0.049913)
            (-0.196154 -0.048719 -0.181821)
            (-0.196154 -0.048719 0.181821)
            (-0.196154 -0.047059 -0.081508)
            (-0.196154 -0.047059 0.000000)
            (-0.196154 -0.047059 0.081508)
            (-0.196154 -0.045674 -0.170457)
            (-0.196154 -0.045674 0.170457)
            (-0.196154 -0.045455 -0.012180)
            (-0.196154 -0.045455 0.012180)
            (-0.196154 -0.042629 -0.159094)
            (-0.196154 -0.042629 0.159094)
            (-0.196154 -0.041595 -0.041595)
            (-0.196154 -0.041595 0.041595)
            (-0.196154 -0.041176 -0.071320)
            (-0.196154 -0.041176 0.071320)
            (-0.196154 -0.040754 -0.023529)
            (-0.196154 -0.040754 0.023529)
            (-0.196154 -0.039584 -0.147730)
            (-0.196154 -0.039584 0.147730)
            (-0.196154 -0.036539 -0.136366)
            (-0.196154 -0.036539 0.136366)
            (-0.196154 -0.035294 -0.061131)
            (-0.196154 -0.035294 0.000000)
            (-0.196154 -0.035294 0.061131)
            (-0.196154 -0.034091 -0.009135)
            (-0.196154 -0.034091 0.009135)
            (-0.196154 -0.033494 -0.125002)
            (-0.196154 -0.033494 0.125002)
            (-0.196154 -0.033276 -0.033276)
            (-0.196154 -0.033276 0.033276)
            (-0.196154 -0.030566 -0.017647)
            (-0.196154 -0.030566 0.017647)
            (-0.196154 -0.030449 -0.113638)
            (-0.196154 -0.030449 0.113638)
            (-0.196154 -0.029412 -0.050943)
            (-0.196154 -0.029412 0.050943)
            (-0.196154 -0.027404 -0.102274)
            (-0.196154 -0.027404 0.102274)
            (-0.196154 -0.024957 -0.024957)
            (-0.196154 -0.024957 0.024957)
            (-0.196154 -0.024359 -0.090911)
            (-0.196154 -0.024359 0.090911)
            (-0.196154 -0.023529 -0.040754)
            (-0.196154 -0.023529 0.000000)
            (-0.196154 -0.023529 0.040754)
            (-0.196154 -0.022728 -0.006090)
            (-0.196154 -0.022728 0.006090)
            (-0.196154 -0.021315 -0.079547)
            (-0.196154 -0.021315 0.079547)
            (-0.196154 -0.020377 -0.011765)
            (-0.196154 -0.020377 0.011765)
            (-0.196154 -0.018270 -0.068183)
            (-0.196154 -0.018270 0.068183)
            (-0.196154 -0.017647 -0.030566)
            (-0.196154 -0.017647 0.030566)
            (-0.196154 -0.016638 -0.016638)
            (-0.196154 -0.016638 0.016638)
            (-0.196154 -0.015225 -0.056819)
            (-0.196154 -0.015225 0.056819)
            (-0.196154 -0.012180 -0.045455)
            (-0.196154 -0.012180 0.045455)
            (-0.196154 -0.011765 -0.020377)
            (-0.196154 -0.011765 0.000000)
            (-0.196154 -0.011765 0.020377)
            (-0.196154 -0.011364 -0.003045)
            (-0.196154 -0.011364 0.003045)
            (-0.196154 -0.010189 -0.005882)
            (-0.196154 -0.010189 0.005882)
            (-0.196154 -0.009135 -0.034091)
            (-0.196154 -0.009135 0.034091)
            (-0.196154 -0.008319 -0.008319)
            (-0.196154 -0.008319 0.008319)
            (-0.196154 -0.006090 -0.022728)
            (-0.196154 -0.006090 0.022728)
            (-0.196154 -0.005882 -0.010189)
            (-0.196154 -0.005882 0.010189)
            (-0.196154 -0.003045 -0.011364)
            (-0.196154 -0.003045 0.011364)
            (-0.196154 -0.000000 -0.200000)
            (-0.196154 -0.000000 -0.188235)
            (-0.196154 -0.000000 -0.176471)
            (-0.196154 -0.000000 -0.164706)
            (-0.196154 -0.000000 -0.152941)
            (-0.196154 -0.000000 -0.141176)
            (-0.196154 -0.000000 -0.129412)
            (-0.196154 -0.000000 -0.117647)
            (-0.196154 -0.000000 -0.105882)
            (-0.196154 -0.000000 -0.094118)
            (-0.196154 -0.000000 -0.082353)
            (-0.196154 -0.000000 -0.070588)
            (-0.196154 -0.000000 -0.058824)
            (-0.196154 -0.000000 -0.047059)
            (-0.196154 -0.000000 -0.035294)
            (-0.196154 -0.000000 -0.023529)
            (-0.196154 -0.000000 -0.011765)
            (-0.196154 0.000000 0.000000)
            (-0.196154 0.000000 0.011765)
            (-0.196154 0.000000 0.023529)
            (-0.196154 0.000000 0.035294)
            (-0.196154 0.000000 0.047059)
            (-0.196154 0.000000 0.058824)
            (-0.196154 0.000000 0.070588)
            (-0.196154 0.000000 0.082353)
            (-0.196154 0.000000 0.094118)
            (-0.196154 0.000000 0.105882)
            (-0.196154 0.000000 0.117647)
            (-0.196154 0.000000 0.129412)
            (-0.196154 0.000000 0.141176)
            (-0.196154 0.000000 0.152941)
            (-0.196154 0.000000 0.164706)
            (-0.196154 0.000000 0.176471)
            (-0.196154 0.000000 0.188235)
            (-0.196154 0.000000 0.200000)
            (-0.196154 0.003045 -0.011364)
            (-0.196154 0.003045 0.011364)
            (-0.196154 0.005882 -0.010189)
            (-0.196154 0.005882 0.010189)
            (-0.196154 0.006090 -0.022728)
            (-0.196154 0.006090 0.022728)
            (-0.196154 0.008319 -0.008319)
            (-0.196154 0.008319 0.008319)
            (-0.196154 0.009135 -0.034091)
            (-0.196154 0.009135 0.034091)
            (-0.196154 0.010189 -0.005882)
            (-0.196154 0.010189 0.005882)
            (-0.196154 0.011364 -0.003045)
            (-0.196154 0.011364 0.003045)
            (-0.196154 0.011765 -0.020377)
            (-0.196154 0.011765 0.000000)
            (-0.196154 0.011765 0.020377)
            (-0.196154 0.012180 -0.045455)
            (-0.196154 0.012180 0.045455)
            (-0.196154 0.015225 -0.056819)
            (-0.196154 0.015225 0.056819)
            (-0.196154 0.016638 -0.016638)
            (-0.196154 0.016638 0.016638)
            (-0.196154 0.017647 -0.030566)
            (-0.196154 0.017647 0.030566)
            (-0.196154 0.018270 -0.068183)
            (-0.196154 0.018270 0.068183)
            (-0.196154 0.020377 -0.011765)
            (-0.196154 0.020377 0.011765)
            (-0.196154 0.021315 -0.079547)
            (-0.196154 0.021315 0.079547)
            (-0.196154 0.022728 -0.006090)
            (-0.196154 0.022728 0.006090)
            (-0.196154 0.023529 -0.040754)
            (-0.196154 0.023529 0.000000)
            (-0.196154 0.023529 0.040754)
            (-0.196154 0.024359 -0.090911)
            (-0.196154 0.024359 0.090911)
            (-0.196154 0.024957 -0.024957)
            (-0.196154 0.024957 0.024957)
            (-0.196154 0.027404 -0.102274)
            (-0.196154 0.027404 0.102274)
            (-0.196154 0.029412 -0.050943)
            (-0.196154 0.029412 0.050943)
            (-0.196154 0.030449 -0.113638)
            (-0.196154 0.030449 0.113638)
            (-0.196154 0.030566 -0.017647)
            (-0.196154 0.030566 0.017647)
            (-0.196154 0.033276 -0.033276)
            (-0.196154 0.033276 0.033276)
            (-0.196154 0.033494 -0.125002)
            (-0.196154 0.033494 0.125002)
            (-0.196154 0.034091 -0.009135)
            (-0.196154 0.034091 0.009135)
            (-0.196154 0.035294 -0.061131)
            (-0.196154 0.035294 0.000000)
            (-0.196154 0.035294 0.061131)
            (-0.196154 0.036539 -0.136366)
            (-0.196154 0.036539 0.136366)
            (-0.196154 0.039584 -0.147730)
            (-0.196154 0.039584 0.147730)
            (-0.196154 0.040754 -0.023529)
            (-0.196154 0.040754 0.023529)
            (-0.196154 0.041176 -0.071320)
            (-0.196154 0.041176 0.071320)
            (-0.196154 0.041595 -0.041595)
            (-0.196154 0.041595 0.041595)
            (-0.196154 0.042629 -0.159094)
            (-0.196154 0.042629 0.159094)
            (-0.196154 0.045455 -0.012180)
            (-0.196154 0.045455 0.012180)
            (-0.196154 0.045674 -0.170457)
            (-0.196154 0.045674 0.170457)
            (-0.196154 0.047059 -0.081508)
            (-0.196154 0.047059 0.000000)
            (-0.196154 0.047059 0.081508)
            (-0.196154 0.048719 -0.181821)
            (-0.196154 0.048719 0.181821)
            (-0.196154 0.049913 -0.049913)
            (-0.196154 0.049913 0.049913)
            (-0.196154 0.050943 -0.029412)
            (-0.196154 0.050943 0.029412)
            (-0.196154 0.051764 -0.193185)
            (-0.196154 0.051764 0.193185)
            (-0.196154 0.052941 -0.091697)
            (-0.196154 0.052941 0.091697)
            (-0.196154 0.056819 -0.015225)
            (-0.196154 0.056819 0.015225)
            (-0.196154 0.058232 -0.058232)
            (-0.196154 0.058232 0.058232)
            (-0.196154 0.058824 -0.101885)
            (-0.196154 0.058824 0.000000)
            (-0.196154 0.058824 0.101885)
            (-0.196154 0.061131 -0.035294)
            (-0.196154 0.061131 0.035294)
            (-0.196154 0.064706 -0.112074)
            (-0.196154 0.064706 0.112074)
            (-0.196154 0.066551 -0.066551)
            (-0.196154 0.066551 0.066551)
            (-0.196154 0.068183 -0.018270)
            (-0.196154 0.068183 0.018270)
            (-0.196154 0.070588 -0.122262)
            (-0.196154 0.070588 0.000000)
            (-0.196154 0.070588 0.122262)
            (-0.196154 0.071320 -0.041176)
            (-0.196154 0.071320 0.041176)
            (-0.196154 0.074870 -0.074870)
            (-0.196154 0.074870 0.074870)
            (-0.196154 0.076471 -0.132451)
            (-0.196154 0.076471 0.132451)
            (-0.196154 0.079547 -0.021315)
            (-0.196154 0.079547 0.021315)
            (-0.196154 0.081508 -0.047059)
            (-0.196154 0.081508 0.047059)
            (-0.196154 0.082353 -0.142639)
            (-0.196154 0.082353 0.000000)
            (-0.196154 0.082353 0.142639)
            (-0.196154 0.083189 -0.083189)
            (-0.196154 0.083189 0.083189)
            (-0.196154 0.088235 -0.152828)
            (-0.196154 0.088235 0.152828)
            (-0.196154 0.090911 -0.024359)
            (-0.196154 0.090911 0.024359)
            (-0.196154 0.091508 -0.091508)
            (-0.196154 0.091508 0.091508)
            (-0.196154 0.091697 -0.052941)
            (-0.196154 0.091697 0.052941)
            (-0.196154 0.094118 -0.163017)
            (-0.196154 0.094118 0.000000)
            (-0.196154 0.094118 0.163017)
            (-0.196154 0.099827 -0.099827)
            (-0.196154 0.099827 0.099827)
            (-0.196154 0.100000 -0.173205)
            (-0.196154 0.100000 0.173205)
            (-0.196154 0.101885 -0.058824)
            (-0.196154 0.101885 0.058824)
            (-0.196154 0.102274 -0.027404)
            (-0.196154 0.102274 0.027404)
            (-0.196154 0.105882 0.000000)
            (-0.196154 0.108146 -0.108146)
            (-0.196154 0.108146 0.108146)
            (-0.196154 0.112074 -0.064706)
            (-0.196154 0.112074 0.064706)
            (-0.196154 0.113638 -0.030449)
            (-0.196154 0.113638 0.030449)
            (-0.196154 0.116465 -0.116465)
            (-0.196154 0.116465 0.116465)
            (-0.196154 0.117647 0.000000)
            (-0.196154 0.122262 -0.070588)
            (-0.196154 0.122262 0.070588)
            (-0.196154 0.124784 -0.124784)
            (-0.196154 0.124784 0.124784)
            (-0.196154 0.125002 -0.033494)
            (-0.196154 0.125002 0.033494)
            (-0.196154 0.129412 0.000000)
            (-0.196154 0.132451 -0.076471)
            (-0.196154 0.132451 0.076471)
            (-0.196154 0.133102 -0.133102)
            (-0.196154 0.133102 0.133102)
            (-0.196154 0.136366 -0.036539)
            (-0.196154 0.136366 0.036539)
            (-0.196154 0.141176 0.000000)
            (-0.196154 0.141421 -0.141421)
            (-0.196154 0.141421 0.141421)
            (-0.196154 0.142639 -0.082353)
            (-0.196154 0.142639 0.082353)
            (-0.196154 0.147730 -0.039584)
            (-0.196154 0.147730 0.039584)
            (-0.196154 0.152828 -0.088235)
            (-0.196154 0.152828 0.088235)
            (-0.196154 0.152941 0.000000)
            (-0.196154 0.159094 -0.042629)
            (-0.196154 0.159094 0.042629)
            (-0.196154 0.163017 -0.094118)
            (-0.196154 0.163017 0.094118)
            (-0.196154 0.164706 0.000000)
            (-0.196154 0.170457 -0.045674)
            (-0.196154 0.170457 0.045674)
            (-0.196154 0.173205 -0.100000)
            (-0.196154 0.173205 0.100000)
            (-0.196154 0.176471 0.000000)
            (-0.196154 0.181821 -0.048719)
            (-0.196154 0.181821 0.048719)
            (-0.196154 0.188235 0.000000)
            (-0.196154 0.193185 -0.051764)
            (-0.196154 0.193185 0.051764)
            (-0.196154 0.200000 0.000000)
            (-0.184615 -0.200000 0.000000)
            (-0.184615 -0.193185 -0.051764)
            (-0.184615 -0.193185 0.051764)
            (-0.184615 -0.188235 0.000000)
            (-0.184615 -0.181821 -0.048719)
            (-0.184615 -0.181821 0.048719)
            (-0.184615 -0.176471 0.000000)
            (-0.184615 -0.173205 -0.100000)
            (-0.184615 -0.173205 0.100000)
            (-0.184615 -0.170457 -0.045674)
            (-0.184615 -0.170457 0.045674)
            (-0.184615 -0.164706 0.000000)
            (-0.184615 -0.163017 -0.094118)
            (-0.184615 -0.163017 0.094118)
            (-0.184615 -0.159094 -0.042629)
            (-0.184615 -0.159094 0.042629)
            (-0.184615 -0.152941 0.000000)
            (-0.184615 -0.152828 -0.088235)
            (-0.184615 -0.152828 0.088235)
            (-0.184615 -0.147730 -0.039584)
            (-0.184615 -0.147730 0.039584)
            (-0.184615 -0.142639 -0.082353)
            (-0.184615 -0.142639 0.082353)
            (-0.184615 -0.141421 -0.141421)
            (-0.184615 -0.141421 0.141421)
            (-0.184615 -0.141176 0.000000)
            (-0.184615 -0.136366 -0.036539)
            (-0.184615 -0.136366 0.036539)
            (-0.184615 -0.133102 -0.133102)
            (-0.184615 -0.133102 0.133102)
            (-0.184615 -0.132451 -0.076471)
            (-0.184615 -0.132451 0.076471)
            (-0.184615 -0.129412 0.000000)
            (-0.184615 -0.125002 -0.033494)
            (-0.184615 -0.125002 0.033494)
            (-0.184615 -0.124784 -0.124784)
            (-0.184615 -0.124784 0.124784)
            (-0.184615 -0.122262 -0.070588)
            (-0.184615 -0.122262 0.070588)
            (-0.184615 -0.117647 0.000000)
            (-0.184615 -0.116465 -0.116465)
            (-0.184615 -0.116465 0.116465)
            (-0.184615 -0.113638 -0.030449)
            (-0.184615 -0.113638 0.030449)
            (-0.184615 -0.112074 -0.064706)
            (-0.184615 -0.112074 0.064706)
            (-0.184615 -0.108146 -0.108146)
            (-0.184615 -0.108146 0.108146)
            (-0.184615 -0.105882 0.000000)
            (-0.184615 -0.102274 -0.027404)
            (-0.184615 -0.102274 0.027404)
            (-0.184615 -0.101885 -0.058824)
            (-0.184615 -0.101885 0.058824)
            (-0.184615 -0.100000 -0.173205)
            (-0.184615 -0.100000 0.173205)
            (-0.184615 -0.099827 -0.099827)
            (-0.184615 -0.099827 0.099827)
            (-0.184615 -0.094118 -0.163017)
            (-0.184615 -0.094118 0.000000)
            (-0.184615 -0.094118 0.163017)
            (-0.184615 -0.091697 -0.052941)
            (-0.184615 -0.091697 0.052941)
            (-0.184615 -0.091508 -0.091508)
            (-0.184615 -0.091508 0.091508)
            (-0.184615 -0.090911 -0.024359)
            (-0.184615 -0.090911 0.024359)
            (-0.184615 -0.088235 -0.152828)
            (-0.184615 -0.088235 0.152828)
            (-0.184615 -0.083189 -0.083189)
            (-0.184615 -0.083189 0.083189)
            (-0.184615 -0.082353 -0.142639)
            (-0.184615 -0.082353 0.000000)
            (-0.184615 -0.082353 0.142639)
            (-0.184615 -0.081508 -0.047059)
            (-0.184615 -0.081508 0.047059)
            (-0.184615 -0.079547 -0.021315)
            (-0.184615 -0.079547 0.021315)
            (-0.184615 -0.076471 -0.132451)
            (-0.184615 -0.076471 0.132451)
            (-0.184615 -0.074870 -0.074870)
            (-0.184615 -0.074870 0.074870)
            (-0.184615 -0.071320 -0.041176)
            (-0.184615 -0.071320 0.041176)
            (-0.184615 -0.070588 -0.122262)
            (-0.184615 -0.070588 0.000000)
            (-0.184615 -0.070588 0.122262)
            (-0.184615 -0.068183 -0.018270)
            (-0.184615 -0.068183 0.018270)
            (-0.184615 -0.066551 -0.066551)
            (-0.184615 -0.066551 0.066551)
            (-0.184615 -0.064706 -0.112074)
            (-0.184615 -0.064706 0.112074)
            (-0.184615 -0.061131 -0.035294)
            (-0.184615 -0.061131 0.035294)
            (-0.184615 -0.058824 -0.101885)
            (-0.184615 -0.058824 0.000000)
            (-0.184615 -0.058824 0.101885)
            (-0.184615 -0.058232 -0.058232)
            (-0.184615 -0.058232 0.058232)
            (-0.184615 -0.056819 -0.015225)
            (-0.184615 -0.056819 0.015225)
            (-0.184615 -0.052941 -0.091697)
            (-0.184615 -0.052941 0.091697)
            (-0.184615 -0.051764 -0.193185)
            (-0.184615 -0.051764 0.193185)
            (-0.184615 -0.050943 -0.029412)
            (-0.184615 -0.050943 0.029412)
            (-0.184615 -0.049913 -0.049913)
            (-0.184615 -0.049913 0.049913)
            (-0.184615 -0.048719 -0.181821)
            (-0.184615 -0.048719 0.181821)
            (-0.184615 -0.047059 -0.081508)
            (-0.184615 -0.047059 0.000000)
            (-0.184615 -0.047059 0.081508)
            (-0.184615 -0.045674 -0.170457)
            (-0.184615 -0.045674 0.170457)
            (-0.184615 -0.045455 -0.012180)
            (-0.184615 -0.045455 0.012180)
            (-0.184615 -0.042629 -0.159094)
            (-0.184615 -0.042629 0.159094)
            (-0.184615 -0.041595 -0.041595)
            (-0.184615 -0.041595 0.041595)
            (-0.184615 -0.041176 -0.071320)
            (-0.184615 -0.041176 0.071320)
            (-0.184615 -0.040754 -0.023529)
            (-0.184615 -0.040754 0.023529)
            (-0.184615 -0.039584 -0.147730)
            (-0.184615 -0.039584 0.147730)
            (-0.184615 -0.036539 -0.136366)
            (-0.184615 -0.036539 0.136366)
            (-0.184615 -0.035294 -0.061131)
            (-0.184615 -0.035294 0.000000)
            (-0.184615 -0.035294 0.061131)
            (-0.184615 -0.034091 -0.009135)
            (-0.184615 -0.034091 0.009135)
            (-0.184615 -0.033494 -0.125002)
            (-0.184615 -0.033494 0.125002)
            (-0.184615 -0.033276 -0.033276)
            (-0.184615 -0.033276 0.033276)
            (-0.184615 -0.030566 -0.017647)
            (-0.184615 -0.030566 0.017647)
            (-0.184615 -0.030449 -0.113638)
            (-0.184615 -0.030449 0.113638)
            (-0.184615 -0.029412 -0.050943)
            (-0.184615 -0.029412 0.050943)
            (-0.184615 -0.027404 -0.102274)
            (-0.184615 -0.027404 0.102274)
            (-0.184615 -0.024957 -0.024957)
            (-0.184615 -0.024957 0.024957)
            (-0.184615 -0.024359 -0.090911)
            (-0.184615 -0.024359 0.090911)
            (-0.184615 -0.023529 -0.040754)
            (-0.184615 -0.023529 0.000000)
            (-0.184615 -0.023529 0.040754)
            (-0.184615 -0.022728 -0.006090)
            (-0.184615 -0.022728 0.006090)
            (-0.184615 -0.021315 -0.079547)
            (-0.184615 -0.021315 0.079547)
            (-0.184615 -0.020377 -0.011765)
            (-0.184615 -0.020377 0.011765)
            (-0.184615 -0.018270 -0.068183)
            (-0.184615 -0.018270 0.068183)
            (-0.184615 -0.017647 -0.030566)
            (-0.184615 -0.017647 0.030566)
            (-0.184615 -0.016638 -0.016638)
            (-0.184615 -0.016638 0.016638)
            (-0.184615 -0.015225 -0.056819)
            (-0.184615 -0.015225 0.056819)
            (-0.184615 -0.012180 -0.045455)
            (-0.184615 -0.012180 0.045455)
            (-0.184615 -0.011765 -0.020377)
            (-0.184615 -0.011765 0.000000)
            (-0.184615 -0.011765 0.020377)
            (-0.184615 -0.011364 -0.003045)
            (-0.184615 -0.011364 0.003045)
            (-0.184615 -0.010189 -0.005882)
            (-0.184615 -0.010189 0.005882)
            (-0.184615 -0.009135 -0.034091)
            (-0.184615 -0.009135 0.034091)
            (-0.184615 -0.008319 -0.008319)
            (-0.184615 -0.008319 0.008319)
            (-0.184615 -0.006090 -0.022728)
            (-0.184615 -0.006090 0.022728)
            (-0.184615 -0.005882 -0.010189)
            (-0.184615 -0.005882 0.010189)
            (-0.184615 -0.003045 -0.011364)
            (-0.184615 -0.003045 0.011364)
            (-0.184615 -0.000000 -0.200000)
            (-0.184615 -0.000000 -0.188235)
            (-0.184615 -0.000000 -0.176471)
            (-0.184615 -0.000000 -0.164706)
            (-0.184615 -0.000000 -0.152941)
            (-0.184615 -0.000000 -0.141176)
            (-0.184615 -0.000000 -0.129412)
            (-0.184615 -0.000000 -0.117647)
            (-0.184615 -0.000000 -0.105882)
            (-0.184615 -0.000000 -0.094118)
            (-0.184615 -0.000000 -0.082353)
            (-0.184615 -0.000000 -0.070588)
            (-0.184615 -0.000000 -0.058824)
            (-0.184615 -0.000000 -0.047059)
            (-0.184615 -0.000000 -0.035294)
            (-0.184615 -0.000000 -0.023529)
            (-0.184615 -0.000000 -0.011765)
            (-0.184615 -0.000000 -0.000000)
            (-0.184615 0.000000 0.011765)
            (-0.184615 0.000000 0.023529)
            (-0.184615 0.000000 0.035294)
            (-0.184615 0.000000 0.047059)
            (-0.184615 0.000000 0.058824)
            (-0.184615 0.000000 0.070588)
            (-0.184615 0.000000 0.082353)
            (-0.184615 0.000000 0.094118)
            (-0.184615 0.000000 0.105882)
            (-0.184615 0.000000 0.117647)
            (-0.184615 0.000000 0.129412)
            (-0.184615 0.000000 0.141176)
            (-0.184615 0.000000 0.152941)
            (-0.184615 0.000000 0.164706)
            (-0.184615 0.000000 0.176471)
            (-0.184615 0.000000 0.188235)
            (-0.184615 0.000000 0.200000)
            (-0.184615 0.003045 -0.011364)
            (-0.184615 0.003045 0.011364)
            (-0.184615 0.005882 -0.010189)
            (-0.184615 0.005882 0.010189)
            (-0.184615 0.006090 -0.022728)
            (-0.184615 0.006090 0.022728)
            (-0.184615 0.008319 -0.008319)
            (-0.184615 0.008319 0.008319)
            (-0.184615 0.009135 -0.034091)
            (-0.184615 0.009135 0.034091)
            (-0.184615 0.010189 -0.005882)
            (-0.184615 0.010189 0.005882)
            (-0.184615 0.011364 -0.003045)
            (-0.184615 0.011364 0.003045)
            (-0.184615 0.011765 -0.020377)
            (-0.184615 0.011765 0.000000)
            (-0.184615 0.011765 0.020377)
            (-0.184615 0.012180 -0.045455)
            (-0.184615 0.012180 0.045455)
            (-0.184615 0.015225 -0.056819)
            (-0.184615 0.015225 0.056819)
            (-0.184615 0.016638 -0.016638)
            (-0.184615 0.016638 0.016638)
            (-0.184615 0.017647 -0.030566)
            (-0.184615 0.017647 0.030566)
            (-0.184615 0.018270 -0.068183)
            (-0.184615 0.018270 0.068183)
            (-0.184615 0.020377 -0.011765)
            (-0.184615 0.020377 0.011765)
            (-0.184615 0.021315 -0.079547)
            (-0.184615 0.021315 0.079547)
            (-0.184615 0.022728 -0.006090)
            (-0.184615 0.022728 0.006090)
            (-0.184615 0.023529 -0.040754)
            (-0.184615 0.023529 0.000000)
            (-0.184615 0.023529 0.040754)
            (-0.184615 0.024359 -0.090911)
            (-0.184615 0.024359 0.090911)
            (-0.184615 0.024957 -0.024957)
            (-0.184615 0.024957 0.024957)
            (-0.184615 0.027404 -0.102274)
            (-0.184615 0.027404 0.102274)
            (-0.184615 0.029412 -0.050943)
            (-0.184615 0.029412 0.050943)
            (-0.184615 0.030449 -0.113638)
            (-0.184615 0.030449 0.113638)
            (-0.184615 0.030566 -0.017647)
            (-0.184615 0.030566 0.017647)
            (-0.184615 0.033276 -0.033276)
            (-0.184615 0.033276 0.033276)
            (-0.184615 0.033494 -0.125002)
            (-0.184615 0.033494 0.125002)
            (-0.184615 0.034091 -0.009135)
            (-0.184615 0.034091 0.009135)
            (-0.184615 0.035294 -0.061131)
            (-0.184615 0.035294 0.000000)
            (-0.184615 0.035294 0.061131)
            (-0.184615 0.036539 -0.136366)
            (-0.184615 0.036539 0.136366)
            (-0.184615 0.039584 -0.147730)
            (-0.184615 0.039584 0.147730)
            (-0.184615 0.040754 -0.023529)
            (-0.184615 0.040754 0.023529)
            (-0.184615 0.041176 -0.071320)
            (-0.184615 0.041176 0.071320)
            (-0.184615 0.041595 -0.041595)
            (-0.184615 0.041595 0.041595)
            (-0.184615 0.042629 -0.159094)
            (-0.184615 0.042629 0.159094)
            (-0.184615 0.045455 -0.012180)
            (-0.184615 0.045455 0.012180)
            (-0.184615 0.045674 -0.170457)
            (-0.184615 0.045674 0.170457)
            (-0.184615 0.047059 -0.081508)
            (-0.184615 0.047059 0.000000)
            (-0.184615 0.047059 0.081508)
            (-0.184615 0.048719 -0.181821)
            (-0.184615 0.048719 0.181821)
            (-0.184615 0.049913 -0.049913)
            (-0.184615 0.049913 0.049913)
            (-0.184615 0.050943 -0.029412)
            (-0.184615 0.050943 0.029412)
            (-0.184615 0.051764 -0.193185)
            (-0.184615 0.051764 0.193185)
            (-0.184615 0.052941 -0.091697)
            (-0.184615 0.052941 0.091697)
            (-0.184615 0.056819 -0.015225)
            (-0.184615 0.056819 0.015225)
            (-0.184615 0.058232 -0.058232)
            (-0.184615 0.058232 0.058232)
            (-0.184615 0.058824 -0.101885)
            (-0.184615 0.058824 0.000000)
            (-0.184615 0.058824 0.101885)
            (-0.184615 0.061131 -0.035294)
            (-0.184615 0.061131 0.035294)
            (-0.184615 0.064706 -0.112074)
            (-0.184615 0.064706 0.112074)
            (-0.184615 0.066551 -0.066551)
            (-0.184615 0.066551 0.066551)
            (-0.184615 0.068183 -0.018270)
            (-0.184615 0.068183 0.018270)
            (-0.184615 0.070588 -0.122262)
            (-0.184615 0.070588 0.000000)
            (-0.184615 0.070588 0.122262)
            (-0.184615 0.071320 -0.041176)
            (-0.184615 0.071320 0.041176)
            (-0.184615 0.074870 -0.074870)
            (-0.184615 0.074870 0.074870)
            (-0.184615 0.076471 -0.132451)
            (-0.184615 0.076471 0.132451)
            (-0.184615 0.079547 -0.021315)
            (-0.184615 0.079547 0.021315)
            (-0.184615 0.081508 -0.047059)
            (-0.184615 0.081508 0.047059)
            (-0.184615 0.082353 -0.142639)
            (-0.184615 0.082353 0.000000)
            (-0.184615 0.082353 0.142639)
            (-0.184615 0.083189 -0.083189)
            (-0.184615 0.083189 0.083189)
            (-0.184615 0.088235 -0.152828)
            (-0.184615 0.088235 0.152828)
            (-0.184615 0.090911 -0.024359)
            (-0.184615 0.090911 0.024359)
            (-0.184615 0.091508 -0.091508)
            (-0.184615 0.091508 0.091508)
            (-0.184615 0.091697 -0.052941)
            (-0.184615 0.091697 0.052941)
            (-0.184615 0.094118 -0.163017)
            (-0.184615 0.094118 0.000000)
            (-0.184615 0.094118 0.163017)
            (-0.184615 0.099827 -0.099827)
            (-0.184615 0.099827 0.099827)
            (-0.184615 0.100000 -0.173205)
            (-0.184615 0.100000 0.173205)
            (-0.184615 0.101885 -0.058824)
            (-0.184615 0.101885 0.058824)
            (-0.184615 0.102274 -0.027404)
            (-0.184615 0.102274 0.027404)
            (-0.184615 0.105882 0.000000)
            (-0.184615 0.108146 -0.108146)
            (-0.184615 0.108146 0.108146)
            (-0.184615 0.112074 -0.064706)
            (-0.184615 0.112074 0.064706)
            (-0.184615 0.113638 -0.030449)
            (-0.184615 0.113638 0.030449)
            (-0.184615 0.116465 -0.116465)
            (-0.184615 0.116465 0.116465)
            (-0.184615 0.117647 0.000000)
            (-0.184615 0.122262 -0.070588)
            (-0.184615 0.122262 0.070588)
            (-0.184615 0.124784 -0.124784)
            (-0.184615 0.124784 0.124784)
            (-0.184615 0.125002 -0.033494)
            (-0.184615 0.125002 0.033494)
            (-0.184615 0.129412 0.000000)
            (-0.184615 0.132451 -0.076471)
            (-0.184615 0.132451 0.076471)
            (-0.184615 0.133102 -0.133102)
            (-0.184615 0.133102 0.133102)
            (-0.184615 0.136366 -0.036539)
            (-0.184615 0.136366 0.036539)
            (-0.184615 0.141176 0.000000)
            (-0.184615 0.141421 -0.141421)
            (-0.184615 0.141421 0.141421)
            (-0.184615 0.142639 -0.082353)
            (-0.184615 0.142639 0.082353)
            (-0.184615 0.147730 -0.039584)
            (-0.184615 0.147730 0.039584)
            (-0.184615 0.152828 -0.088235)
            (-0.184615 0.152828 0.088235)
            (-0.184615 0.152941 0.000000)
            (-0.184615 0.159094 -0.042629)
            (-0.184615 0.159094 0.042629)
            (-0.184615 0.163017 -0.094118)
            (-0.184615 0.163017 0.094118)
            (-0.184615 0.164706 0.000000)
            (-0.184615 0.170457 -0.045674)
            (-0.184615 0.170457 0.045674)
            (-0.184615 0.173205 -0.100000)
            (-0.184615 0.173205 0.100000)
            (-0.184615 0.176471 0.000000)
            (-0.184615 0.181821 -0.048719)
            (-0.184615 0.181821 0.048719)
            (-0.184615 0.188235 0.000000)
            (-0.184615 0.193185 -0.051764)
            (-0.184615 0.193185 0.051764)
            (-0.184615 0.200000 0.000000)
            (-0.173077 -0.200000 0.000000)
            (-0.173077 -0.193185 -0.051764)
            (-0.173077 -0.193185 0.051764)
            (-0.173077 -0.188235 0.000000)
            (-0.173077 -0.181821 -0.048719)
            (-0.173077 -0.181821 0.048719)
            (-0.173077 -0.176471 0.000000)
            (-0.173077 -0.173205 -0.100000)
            (-0.173077 -0.173205 0.100000)
            (-0.173077 -0.170457 -0.045674)
            (-0.173077 -0.170457 0.045674)
            (-0.173077 -0.164706 0.000000)
            (-0.173077 -0.163017 -0.094118)
            (-0.173077 -0.163017 0.094118)
            (-0.173077 -0.159094 -0.042629)
            (-0.173077 -0.159094 0.042629)
            (-0.173077 -0.152941 0.000000)
            (-0.173077 -0.152828 -0.088235)
            (-0.173077 -0.152828 0.088235)
            (-0.173077 -0.147730 -0.039584)
            (-0.173077 -0.147730 0.039584)
            (-0.173077 -0.142639 -0.082353)
            (-0.173077 -0.142639 0.082353)
            (-0.173077 -0.141421 -0.141421)
            (-0.173077 -0.141421 0.141421)
            (-0.173077 -0.141176 0.000000)
            (-0.173077 -0.136366 -0.036539)
            (-0.173077 -0.136366 0.036539)
            (-0.173077 -0.133102 -0.133102)
            (-0.173077 -0.133102 0.133102)
            (-0.173077 -0.132451 -0.076471)
            (-0.173077 -0.132451 0.076471)
            (-0.173077 -0.129412 0.000000)
            (-0.173077 -0.125002 -0.033494)
            (-0.173077 -0.125002 0.033494)
            (-0.173077 -0.124784 -0.124784)
            (-0.173077 -0.124784 0.124784)
            (-0.173077 -0.122262 -0.070588)
            (-0.173077 -0.122262 0.070588)
            (-0.173077 -0.117647 0.000000)
            (-0.173077 -0.116465 -0.116465)
            (-0.173077 -0.116465 0.116465)
            (-0.173077 -0.113638 -0.030449)
            (-0.173077 -0.113638 0.030449)
            (-0.173077 -0.112074 -0.064706)
            (-0.173077 -0.112074 0.064706)
            (-0.173077 -0.108146 -0.108146)
            (-0.173077 -0.108146 0.108146)
            (-0.173077 -0.105882 0.000000)
            (-0.173077 -0.102274 -0.027404)
            (-0.173077 -0.102274 0.027404)
            (-0.173077 -0.101885 -0.058824)
            (-0.173077 -0.101885 0.058824)
            (-0.173077 -0.100000 -0.173205)
            (-0.173077 -0.100000 0.173205)
            (-0.173077 -0.099827 -0.099827)
            (-0.173077 -0.099827 0.099827)
            (-0.173077 -0.094118 -0.163017)
            (-0.173077 -0.094118 0.000000)
            (-0.173077 -0.094118 0.163017)
            (-0.173077 -0.091697 -0.052941)
            (-0.173077 -0.091697 0.052941)
            (-0.173077 -0.091508 -0.091508)
            (-0.173077 -0.091508 0.091508)
            (-0.173077 -0.090911 -0.024359)
            (-0.173077 -0.090911 0.024359)
            (-0.173077 -0.088235 -0.152828)
            (-0.173077 -0.088235 0.152828)
            (-0.173077 -0.083189 -0.083189)
            (-0.173077 -0.083189 0.083189)
            (-0.173077 -0.082353 -0.142639)
            (-0.173077 -0.082353 0.000000)
            (-0.173077 -0.082353 0.142639)
            (-0.173077 -0.081508 -0.047059)
            (-0.173077 -0.081508 0.047059)
            (-0.173077 -0.079547 -0.021315)
            (-0.173077 -0.079547 0.021315)
            (-0.173077 -0.076471 -0.132451)
            (-0.173077 -0.076471 0.132451)
            (-0.173077 -0.074870 -0.074870)
            (-0.173077 -0.074870 0.074870)
            (-0.173077 -0.071320 -0.041176)
            (-0.173077 -0.071320 0.041176)
            (-0.173077 -0.070588 -0.122262)
            (-0.173077 -0.070588 0.000000)
            (-0.173077 -0.070588 0.122262)
            (-0.173077 -0.068183 -0.018270)
            (-0.173077 -0.068183 0.018270)
            (-0.173077 -0.066551 -0.066551)
            (-0.173077 -0.066551 0.066551)
            (-0.173077 -0.064706 -0.112074)
            (-0.173077 -0.064706 0.112074)
            (-0.173077 -0.061131 -0.035294)
            (-0.173077 -0.061131 0.035294)
            (-0.173077 -0.058824 -0.101885)
            (-0.173077 -0.058824 0.000000)
            (-0.173077 -0.058824 0.101885)
            (-0.173077 -0.058232 -0.058232)
            (-0.173077 -0.058232 0.058232)
            (-0.173077 -0.056819 -0.015225)
            (-0.173077 -0.056819 0.015225)
            (-0.173077 -0.052941 -0.091697)
            (-0.173077 -0.052941 0.091697)
            (-0.173077 -0.051764 -0.193185)
            (-0.173077 -0.051764 0.193185)
            (-0.173077 -0.050943 -0.029412)
            (-0.173077 -0.050943 0.029412)
            (-0.173077 -0.049913 -0.049913)
            (-0.173077 -0.049913 0.049913)
            (-0.173077 -0.048719 -0.181821)
            (-0.173077 -0.048719 0.181821)
            (-0.173077 -0.047059 -0.081508)
            (-0.173077 -0.047059 0.000000)
            (-0.173077 -0.047059 0.081508)
            (-0.173077 -0.045674 -0.170457)
            (-0.173077 -0.045674 0.170457)
            (-0.173077 -0.045455 -0.012180)
            (-0.173077 -0.045455 0.012180)
            (-0.173077 -0.042629 -0.159094)
            (-0.173077 -0.042629 0.159094)
            (-0.173077 -0.041595 -0.041595)
            (-0.173077 -0.041595 0.041595)
            (-0.173077 -0.041176 -0.071320)
            (-0.173077 -0.041176 0.071320)
            (-0.173077 -0.040754 -0.023529)
            (-0.173077 -0.040754 0.023529)
            (-0.173077 -0.039584 -0.147730)
            (-0.173077 -0.039584 0.147730)
            (-0.173077 -0.036539 -0.136366)
            (-0.173077 -0.036539 0.136366)
            (-0.173077 -0.035294 -0.061131)
            (-0.173077 -0.035294 0.000000)
            (-0.173077 -0.035294 0.061131)
            (-0.173077 -0.034091 -0.009135)
            (-0.173077 -0.034091 0.009135)
            (-0.173077 -0.033494 -0.125002)
            (-0.173077 -0.033494 0.125002)
            (-0.173077 -0.033276 -0.033276)
            (-0.173077 -0.033276 0.033276)
            (-0.173077 -0.030566 -0.017647)
            (-0.173077 -0.030566 0.017647)
            (-0.173077 -0.030449 -0.113638)
            (-0.173077 -0.030449 0.113638)
            (-0.173077 -0.029412 -0.050943)
            (-0.173077 -0.029412 0.050943)
            (-0.173077 -0.027404 -0.102274)
            (-0.173077 -0.027404 0.102274)
            (-0.173077 -0.024957 -0.024957)
            (-0.173077 -0.024957 0.024957)
            (-0.173077 -0.024359 -0.090911)
            (-0.173077 -0.024359 0.090911)
            (-0.173077 -0.023529 -0.040754)
            (-0.173077 -0.023529 0.000000)
            (-0.173077 -0.023529 0.040754)
            (-0.173077 -0.022728 -0.006090)
            (-0.173077 -0.022728 0.006090)
            (-0.173077 -0.021315 -0.079547)
            (-0.173077 -0.021315 0.079547)
            (-0.173077 -0.020377 -0.011765)
            (-0.173077 -0.020377 0.011765)
            (-0.173077 -0.018270 -0.068183)
            (-0.173077 -0.018270 0.068183)
            (-0.173077 -0.017647 -0.030566)
            (-0.173077 -0.017647 0.030566)
            (-0.173077 -0.016638 -0.016638)
            (-0.173077 -0.016638 0.016638)
            (-0.173077 -0.015225 -0.056819)
            (-0.173077 -0.015225 0.056819)
            (-0.173077 -0.012180 -0.045455)
            (-0.173077 -0.012180 0.045455)
            (-0.173077 -0.011765 -0.020377)
            (-0.173077 -0.011765 0.000000)
            (-0.173077 -0.011765 0.020377)
            (-0.173077 -0.011364 -0.003045)
            (-0.173077 -0.011364 0.003045)
            (-0.173077 -0.010189 -0.005882)
            (-0.173077 -0.010189 0.005882)
            (-0.173077 -0.009135 -0.034091)
            (-0.173077 -0.009135 0.034091)
            (-0.173077 -0.008319 -0.008319)
            (-0.173077 -0.008319 0.008319)
            (-0.173077 -0.006090 -0.022728)
            (-0.173077 -0.006090 0.022728)
            (-0.173077 -0.005882 -0.010189)
            (-0.173077 -0.005882 0.010189)
            (-0.173077 -0.003045 -0.011364)
            (-0.173077 -0.003045 0.011364)
            (-0.173077 -0.000000 -0.200000)
            (-0.173077 -0.000000 -0.188235)
            (-0.173077 -0.000000 -0.176471)
            (-0.173077 -0.000000 -0.164706)
            (-0.173077 -0.000000 -0.152941)
            (-0.173077 -0.000000 -0.141176)
            (-0.173077 -0.000000 -0.129412)
            (-0.173077 -0.000000 -0.117647)
            (-0.173077 -0.000000 -0.105882)
            (-0.173077 -0.000000 -0.094118)
            (-0.173077 -0.000000 -0.082353)
            (-0.173077 -0.000000 -0.070588)
            (-0.173077 -0.000000 -0.058824)
            (-0.173077 -0.000000 -0.047059)
            (-0.173077 -0.000000 -0.035294)
            (-0.173077 -0.000000 -0.023529)
            (-0.173077 -0.000000 -0.011765)
            (-0.173077 0.000000 0.000000)
            (-0.173077 0.000000 0.011765)
            (-0.173077 0.000000 0.023529)
            (-0.173077 0.000000 0.035294)
            (-0.173077 0.000000 0.047059)
            (-0.173077 0.000000 0.058824)
            (-0.173077 0.000000 0.070588)
            (-0.173077 0.000000 0.082353)
            (-0.173077 0.000000 0.094118)
            (-0.173077 0.000000 0.105882)
            (-0.173077 0.000000 0.117647)
            (-0.173077 0.000000 0.129412)
            (-0.173077 0.000000 0.141176)
            (-0.173077 0.000000 0.152941)
            (-0.173077 0.000000 0.164706)
            (-0.173077 0.000000 0.176471)
            (-0.173077 0.000000 0.188235)
            (-0.173077 0.000000 0.200000)
            (-0.173077 0.003045 -0.011364)
            (-0.173077 0.003045 0.011364)
            (-0.173077 0.005882 -0.010189)
            (-0.173077 0.005882 0.010189)
            (-0.173077 0.006090 -0.022728)
            (-0.173077 0.006090 0.022728)
            (-0.173077 0.008319 -0.008319)
            (-0.173077 0.008319 0.008319)
            (-0.173077 0.009135 -0.034091)
            (-0.173077 0.009135 0.034091)
            (-0.173077 0.010189 -0.005882)
            (-0.173077 0.010189 0.005882)
            (-0.173077 0.011364 -0.003045)
            (-0.173077 0.011364 0.003045)
            (-0.173077 0.011765 -0.020377)
            (-0.173077 0.011765 0.000000)
            (-0.173077 0.011765 0.020377)
            (-0.173077 0.012180 -0.045455)
            (-0.173077 0.012180 0.045455)
            (-0.173077 0.015225 -0.056819)
            (-0.173077 0.015225 0.056819)
            (-0.173077 0.016638 -0.016638)
            (-0.173077 0.016638 0.016638)
            (-0.173077 0.017647 -0.030566)
            (-0.173077 0.017647 0.030566)
            (-0.173077 0.018270 -0.068183)
            (-0.173077 0.018270 0.068183)
            (-0.173077 0.020377 -0.011765)
            (-0.173077 0.020377 0.011765)
            (-0.173077 0.021315 -0.079547)
            (-0.173077 0.021315 0.079547)
            (-0.173077 0.022728 -0.006090)
            (-0.173077 0.022728 0.006090)
            (-0.173077 0.023529 -0.040754)
            (-0.173077 0.023529 0.000000)
            (-0.173077 0.023529 0.040754)
            (-0.173077 0.024359 -0.090911)
            (-0.173077 0.024359 0.090911)
            (-0.173077 0.024957 -0.024957)
            (-0.173077 0.024957 0.024957)
            (-0.173077 0.027404 -0.102274)
            (-0.173077 0.027404 0.102274)
            (-0.173077 0.029412 -0.050943)
            (-0.173077 0.029412 0.050943)
            (-0.173077 0.030449 -0.113638)
            (-0.173077 0.030449 0.113638)
            (-0.173077 0.030566 -0.017647)
            (-0.173077 0.030566 0.017647)
            (-0.173077 0.033276 -0.033276)
            (-0.173077 0.033276 0.033276)
            (-0.173077 0.033494 -0.125002)
            (-0.173077 0.033494 0.125002)
            (-0.173077 0.034091 -0.009135)
            (-0.173077 0.034091 0.009135)
            (-0.173077 0.035294 -0.061131)
            (-0.173077 0.035294 0.000000)
            (-0.173077 0.035294 0.061131)
            (-0.173077 0.036539 -0.136366)
            (-0.173077 0.036539 0.136366)
            (-0.173077 0.039584 -0.147730)
            (-0.173077 0.039584 0.147730)
            (-0.173077 0.040754 -0.023529)
            (-0.173077 0.040754 0.023529)
            (-0.173077 0.041176 -0.071320)
            (-0.173077 0.041176 0.071320)
            (-0.173077 0.041595 -0.041595)
            (-0.173077 0.041595 0.041595)
            (-0.173077 0.042629 -0.159094)
            (-0.173077 0.042629 0.159094)
            (-0.173077 0.045455 -0.012180)
            (-0.173077 0.045455 0.012180)
            (-0.173077 0.045674 -0.170457)
            (-0.173077 0.045674 0.170457)
            (-0.173077 0.047059 -0.081508)
            (-0.173077 0.047059 0.000000)
            (-0.173077 0.047059 0.081508)
            (-0.173077 0.048719 -0.181821)
            (-0.173077 0.048719 0.181821)
            (-0.173077 0.049913 -0.049913)
            (-0.173077 0.049913 0.049913)
            (-0.173077 0.050943 -0.029412)
            (-0.173077 0.050943 0.029412)
            (-0.173077 0.051764 -0.193185)
            (-0.173077 0.051764 0.193185)
            (-0.173077 0.052941 -0.091697)
            (-0.173077 0.052941 0.091697)
            (-0.173077 0.056819 -0.015225)
            (-0.173077 0.056819 0.015225)
            (-0.173077 0.058232 -0.058232)
            (-0.173077 0.058232 0.058232)
            (-0.173077 0.058824 -0.101885)
            (-0.173077 0.058824 0.000000)
            (-0.173077 0.058824 0.101885)
            (-0.173077 0.061131 -0.035294)
            (-0.173077 0.061131 0.035294)
            (-0.173077 0.064706 -0.112074)
            (-0.173077 0.064706 0.112074)
            (-0.173077 0.066551 -0.066551)
            (-0.173077 0.066551 0.066551)
            (-0.173077 0.068183 -0.018270)
            (-0.173077 0.068183 0.018270)
            (-0.173077 0.070588 -0.122262)
            (-0.173077 0.070588 0.000000)
            (-0.173077 0.070588 0.122262)
            (-0.173077 0.071320 -0.041176)
            (-0.173077 0.071320 0.041176)
            (-0.173077 0.074870 -0.074870)
            (-0.173077 0.074870 0.074870)
            (-0.173077 0.076471 -0.132451)
            (-0.173077 0.076471 0.132451)
            (-0.173077 0.079547 -0.021315)
            (-0.173077 0.079547 0.021315)
            (-0.173077 0.081508 -0.047059)
            (-0.173077 0.081508 0.047059)
            (-0.173077 0.082353 -0.142639)
            (-0.173077 0.082353 0.000000)
            (-0.173077 0.082353 0.142639)
            (-0.173077 0.083189 -0.083189)
            (-0.173077 0.083189 0.083189)
            (-0.173077 0.088235 -0.152828)
            (-0.173077 0.088235 0.152828)
            (-0.173077 0.090911 -0.024359)
            (-0.173077 0.090911 0.024359)
            (-0.173077 0.091508 -0.091508)
            (-0.173077 0.091508 0.091508)
            (-0.173077 0.091697 -0.052941)
            (-0.173077 0.091697 0.052941)
            (-0.173077 0.094118 -0.163017)
            (-0.173077 0.094118 0.000000)
            (-0.173077 0.094118 0.163017)
            (-0.173077 0.099827 -0.099827)
            (-0.173077 0.099827 0.099827)
            (-0.173077 0.100000 -0.173205)
            (-0.173077 0.100000 0.173205)
            (-0.173077 0.101885 -0.058824)
            (-0.173077 0.101885 0.058824)
            (-0.173077 0.102274 -0.027404)
            (-0.173077 0.102274 0.027404)
            (-0.173077 0.105882 0.000000)
            (-0.173077 0.108146 -0.108146)
            (-0.173077 0.108146 0.108146)
            (-0.173077 0.112074 -0.064706)
            (-0.173077 0.112074 0.064706)
            (-0.173077 0.113638 -0.030449)
            (-0.173077 0.113638 0.030449)
            (-0.173077 0.116465 -0.116465)
            (-0.173077 0.116465 0.116465)
            (-0.173077 0.117647 0.000000)
            (-0.173077 0.122262 -0.070588)
            (-0.173077 0.122262 0.070588)
            (-0.173077 0.124784 -0.124784)
            (-0.173077 0.124784 0.124784)
            (-0.173077 0.125002 -0.033494)
            (-0.173077 0.125002 0.033494)
            (-0.173077 0.129412 0.000000)
            (-0.173077 0.132451 -0.076471)
            (-0.173077 0.132451 0.076471)
            (-0.173077 0.133102 -0.133102)
            (-0.173077 0.133102 0.133102)
            (-0.173077 0.136366 -0.036539)
            (-0.173077 0.136366 0.036539)
            (-0.173077 0.141176 0.000000)
            (-0.173077 0.141421 -0.141421)
            (-0.173077 0.141421 0.141421)
            (-0.173077 0.142639 -0.082353)
            (-0.173077 0.142639 0.082353)
            (-0.173077 0.147730 -0.039584)
            (-0.173077 0.147730 0.039584)
            (-0.173077 0.152828 -0.088235)
            (-0.173077 0.152828 0.088235)
            (-0.173077 0.152941 0.000000)
            (-0.173077 0.159094 -0.042629)
            (-0.173077 0.159094 0.042629)
            (-0.173077 0.163017 -0.094118)
            (-0.173077 0.163017 0.094118)
            (-0.173077 0.164706 0.000000)
            (-0.173077 0.170457 -0.045674)
            (-0.173077 0.170457 0.045674)
            (-0.173077 0.173205 -0.100000)
            (-0.173077 0.173205 0.100000)
            (-0.173077 0.176471 0.000000)
            (-0.173077 0.181821 -0.048719)
            (-0.173077 0.181821 0.048719)
            (-0.173077 0.188235 0.000000)
            (-0.173077 0.193185 -0.051764)
            (-0.173077 0.193185 0.051764)
            (-0.173077 0.200000 0.000000)
            (-0.161538 -0.200000 0.000000)
            (-0.161538 -0.193185 -0.051764)
            (-0.161538 -0.193185 0.051764)
            (-0.161538 -0.188235 0.000000)
            (-0.161538 -0.181821 -0.048719)
            (-0.161538 -0.181821 0.048719)
            (-0.161538 -0.176471 0.000000)
            (-0.161538 -0.173205 -0.100000)
            (-0.161538 -0.173205 0.100000)
            (-0.161538 -0.170457 -0.045674)
            (-0.161538 -0.170457 0.045674)
            (-0.161538 -0.164706 0.000000)
            (-0.161538 -0.163017 -0.094118)
            (-0.161538 -0.163017 0.094118)
            (-0.161538 -0.159094 -0.042629)
            (-0.161538 -0.159094 0.042629)
            (-0.161538 -0.152941 0.000000)
            (-0.161538 -0.152828 -0.088235)
            (-0.161538 -0.152828 0.088235)
            (-0.161538 -0.147730 -0.039584)
            (-0.161538 -0.147730 0.039584)
            (-0.161538 -0.142639 -0.082353)
            (-0.161538 -0.142639 0.082353)
            (-0.161538 -0.141421 -0.141421)
            (-0.161538 -0.141421 0.141421)
            (-0.161538 -0.141176 0.000000)
            (-0.161538 -0.136366 -0.036539)
            (-0.161538 -0.136366 0.036539)
            (-0.161538 -0.133102 -0.133102)
            (-0.161538 -0.133102 0.133102)
            (-0.161538 -0.132451 -0.076471)
            (-0.161538 -0.132451 0.076471)
            (-0.161538 -0.129412 0.000000)
            (-0.161538 -0.125002 -0.033494)
            (-0.161538 -0.125002 0.033494)
            (-0.161538 -0.124784 -0.124784)
            (-0.161538 -0.124784 0.124784)
            (-0.161538 -0.122262 -0.070588)
            (-0.161538 -0.122262 0.070588)
            (-0.161538 -0.117647 0.000000)
            (-0.161538 -0.116465 -0.116465)
            (-0.161538 -0.116465 0.116465)
            (-0.161538 -0.113638 -0.030449)
            (-0.161538 -0.113638 0.030449)
            (-0.161538 -0.112074 -0.064706)
            (-0.161538 -0.112074 0.064706)
            (-0.161538 -0.108146 -0.108146)
            (-0.161538 -0.108146 0.108146)
            (-0.161538 -0.105882 0.000000)
            (-0.161538 -0.102274 -0.027404)
            (-0.161538 -0.102274 0.027404)
            (-0.161538 -0.101885 -0.058824)
            (-0.161538 -0.101885 0.058824)
            (-0.161538 -0.100000 -0.173205)
            (-0.161538 -0.100000 0.173205)
            (-0.161538 -0.099827 -0.099827)
            (-0.161538 -0.099827 0.099827)
            (-0.161538 -0.094118 -0.163017)
            (-0.161538 -0.094118 0.000000)
            (-0.161538 -0.094118 0.163017)
            (-0.161538 -0.091697 -0.052941)
            (-0.161538 -0.091697 0.052941)
            (-0.161538 -0.091508 -0.091508)
            (-0.161538 -0.091508 0.091508)
            (-0.161538 -0.090911 -0.024359)
            (-0.161538 -0.090911 0.024359)
            (-0.161538 -0.088235 -0.152828)
            (-0.161538 -0.088235 0.152828)
            (-0.161538 -0.083189 -0.083189)
            (-0.161538 -0.083189 0.083189)
            (-0.161538 -0.082353 -0.142639)
            (-0.161538 -0.082353 0.000000)
            (-0.161538 -0.082353 0.142639)
            (-0.161538 -0.081508 -0.047059)
            (-0.161538 -0.081508 0.047059)
            (-0.161538 -0.079547 -0.021315)
            (-0.161538 -0.079547 0.021315)
            (-0.161538 -0.076471 -0.132451)
            (-0.161538 -0.076471 0.132451)
            (-0.161538 -0.074870 -0.074870)
            (-0.161538 -0.074870 0.074870)
            (-0.161538 -0.071320 -0.041176)
            (-0.161538 -0.071320 0.041176)
            (-0.161538 -0.070588 -0.122262)
            (-0.161538 -0.070588 0.000000)
            (-0.161538 -0.070588 0.122262)
            (-0.161538 -0.068183 -0.018270)
            (-0.161538 -0.068183 0.018270)
            (-0.161538 -0.066551 -0.066551)
            (-0.161538 -0.066551 0.066551)
            (-0.161538 -0.064706 -0.112074)
            (-0.161538 -0.064706 0.112074)
            (-0.161538 -0.061131 -0.035294)
            (-0.161538 -0.061131 0.035294)
            (-0.161538 -0.058824 -0.101885)
            (-0.161538 -0.058824 0.000000)
            (-0.161538 -0.058824 0.101885)
            (-0.161538 -0.058232 -0.058232)
            (-0.161538 -0.058232 0.058232)
            (-0.161538 -0.056819 -0.015225)
            (-0.161538 -0.056819 0.015225)
            (-0.161538 -0.052941 -0.091697)
            (-0.161538 -0.052941 0.091697)
            (-0.161538 -0.051764 -0.193185)
            (-0.161538 -0.051764 0.193185)
            (-0.161538 -0.050943 -0.029412)
            (-0.161538 -0.050943 0.029412)
            (-0.161538 -0.049913 -0.049913)
            (-0.161538 -0.049913 0.049913)
            (-0.161538 -0.048719 -0.181821)
            (-0.161538 -0.048719 0.181821)
            (-0.161538 -0.047059 -0.081508)
            (-0.161538 -0.047059 0.000000)
            (-0.161538 -0.047059 0.081508)
            (-0.161538 -0.045674 -0.170457)
            (-0.161538 -0.045674 0.170457)
            (-0.161538 -0.045455 -0.012180)
            (-0.161538 -0.045455 0.012180)
            (-0.161538 -0.042629 -0.159094)
            (-0.161538 -0.042629 0.159094)
            (-0.161538 -0.041595 -0.041595)
            (-0.161538 -0.041595 0.041595)
            (-0.161538 -0.041176 -0.071320)
            (-0.161538 -0.041176 0.071320)
            (-0.161538 -0.040754 -0.023529)
            (-0.161538 -0.040754 0.023529)
            (-0.161538 -0.039584 -0.147730)
            (-0.161538 -0.039584 0.147730)
            (-0.161538 -0.036539 -0.136366)
            (-0.161538 -0.036539 0.136366)
            (-0.161538 -0.035294 -0.061131)
            (-0.161538 -0.035294 0.000000)
            (-0.161538 -0.035294 0.061131)
            (-0.161538 -0.034091 -0.009135)
            (-0.161538 -0.034091 0.009135)
            (-0.161538 -0.033494 -0.125002)
            (-0.161538 -0.033494 0.125002)
            (-0.161538 -0.033276 -0.033276)
            (-0.161538 -0.033276 0.033276)
            (-0.161538 -0.030566 -0.017647)
            (-0.161538 -0.030566 0.017647)
            (-0.161538 -0.030449 -0.113638)
            (-0.161538 -0.030449 0.113638)
            (-0.161538 -0.029412 -0.050943)
            (-0.161538 -0.029412 0.050943)
            (-0.161538 -0.027404 -0.102274)
            (-0.161538 -0.027404 0.102274)
            (-0.161538 -0.024957 -0.024957)
            (-0.161538 -0.024957 0.024957)
            (-0.161538 -0.024359 -0.090911)
            (-0.161538 -0.024359 0.090911)
            (-0.161538 -0.023529 -0.040754)
            (-0.161538 -0.023529 0.000000)
            (-0.161538 -0.023529 0.040754)
            (-0.161538 -0.022728 -0.006090)
            (-0.161538 -0.022728 0.006090)
            (-0.161538 -0.021315 -0.079547)
            (-0.161538 -0.021315 0.079547)
            (-0.161538 -0.020377 -0.011765)
            (-0.161538 -0.020377 0.011765)
            (-0.161538 -0.018270 -0.068183)
            (-0.161538 -0.018270 0.068183)
            (-0.161538 -0.017647 -0.030566)
            (-0.161538 -0.017647 0.030566)
            (-0.161538 -0.016638 -0.016638)
            (-0.161538 -0.016638 0.016638)
            (-0.161538 -0.015225 -0.056819)
            (-0.161538 -0.015225 0.056819)
            (-0.161538 -0.012180 -0.045455)
            (-0.161538 -0.012180 0.045455)
            (-0.161538 -0.011765 -0.020377)
            (-0.161538 -0.011765 0.000000)
            (-0.161538 -0.011765 0.020377)
            (-0.161538 -0.011364 -0.003045)
            (-0.161538 -0.011364 0.003045)
            (-0.161538 -0.010189 -0.005882)
            (-0.161538 -0.010189 0.005882)
            (-0.161538 -0.009135 -0.034091)
            (-0.161538 -0.009135 0.034091)
            (-0.161538 -0.008319 -0.008319)
            (-0.161538 -0.008319 0.008319)
            (-0.161538 -0.006090 -0.022728)
            (-0.161538 -0.006090 0.022728)
            (-0.161538 -0.005882 -0.010189)
            (-0.161538 -0.005882 0.010189)
            (-0.161538 -0.003045 -0.011364)
            (-0.161538 -0.003045 0.011364)
            (-0.161538 -0.000000 -0.200000)
            (-0.161538 -0.000000 -0.188235)
            (-0.161538 -0.000000 -0.176471)
            (-0.161538 -0.000000 -0.164706)
            (-0.161538 -0.000000 -0.152941)
            (-0.161538 -0.000000 -0.141176)
            (-0.161538 -0.000000 -0.129412)
            (-0.161538 -0.000000 -0.117647)
            (-0.161538 -0.000000 -0.105882)
            (-0.161538 -0.000000 -0.094118)
            (-0.161538 -0.000000 -0.082353)
            (-0.161538 -0.000000 -0.070588)
            (-0.161538 -0.000000 -0.058824)
            (-0.161538 -0.000000 -0.047059)
            (-0.161538 -0.000000 -0.035294)
            (-0.161538 -0.000000 -0.023529)
            (-0.161538 -0.000000 -0.011765)
            (-0.161538 -0.000000 -0.000000)
            (-0.161538 0.000000 0.011765)
            (-0.161538 0.000000 0.023529)
            (-0.161538 0.000000 0.035294)
            (-0.161538 0.000000 0.047059)
            (-0.161538 0.000000 0.058824)
            (-0.161538 0.000000 0.070588)
            (-0.161538 0.000000 0.082353)
            (-0.161538 0.000000 0.094118)
            (-0.161538 0.000000 0.105882)
            (-0.161538 0.000000 0.117647)
            (-0.161538 0.000000 0.129412)
            (-0.161538 0.000000 0.141176)
            (-0.161538 0.000000 0.152941)
            (-0.161538 0.000000 0.164706)
            (-0.161538 0.000000 0.176471)
            (-0.161538 0.000000 0.188235)
            (-0.161538 0.000000 0.200000)
            (-0.161538 0.003045 -0.011364)
            (-0.161538 0.003045 0.011364)
            (-0.161538 0.005882 -0.010189)
            (-0.161538 0.005882 0.010189)
            (-0.161538 0.006090 -0.022728)
            (-0.161538 0.006090 0.022728)
            (-0.161538 0.008319 -0.008319)
            (-0.161538 0.008319 0.008319)
            (-0.161538 0.009135 -0.034091)
            (-0.161538 0.009135 0.034091)
            (-0.161538 0.010189 -0.005882)
            (-0.161538 0.010189 0.005882)
            (-0.161538 0.011364 -0.003045)
            (-0.161538 0.011364 0.003045)
            (-0.161538 0.011765 -0.020377)
            (-0.161538 0.011765 0.000000)
            (-0.161538 0.011765 0.020377)
            (-0.161538 0.012180 -0.045455)
            (-0.161538 0.012180 0.045455)
            (-0.161538 0.015225 -0.056819)
            (-0.161538 0.015225 0.056819)
            (-0.161538 0.016638 -0.016638)
            (-0.161538 0.016638 0.016638)
            (-0.161538 0.017647 -0.030566)
            (-0.161538 0.017647 0.030566)
            (-0.161538 0.018270 -0.068183)
            (-0.161538 0.018270 0.068183)
            (-0.161538 0.020377 -0.011765)
            (-0.161538 0.020377 0.011765)
            (-0.161538 0.021315 -0.079547)
            (-0.161538 0.021315 0.079547)
            (-0.161538 0.022728 -0.006090)
            (-0.161538 0.022728 0.006090)
            (-0.161538 0.023529 -0.040754)
            (-0.161538 0.023529 0.000000)
            (-0.161538 0.023529 0.040754)
            (-0.161538 0.024359 -0.090911)
            (-0.161538 0.024359 0.090911)
            (-0.161538 0.024957 -0.024957)
            (-0.161538 0.024957 0.024957)
            (-0.161538 0.027404 -0.102274)
            (-0.161538 0.027404 0.102274)
            (-0.161538 0.029412 -0.050943)
            (-0.161538 0.029412 0.050943)
            (-0.161538 0.030449 -0.113638)
            (-0.161538 0.030449 0.113638)
            (-0.161538 0.030566 -0.017647)
            (-0.161538 0.030566 0.017647)
            (-0.161538 0.033276 -0.033276)
            (-0.161538 0.033276 0.033276)
            (-0.161538 0.033494 -0.125002)
            (-0.161538 0.033494 0.125002)
            (-0.161538 0.034091 -0.009135)
            (-0.161538 0.034091 0.009135)
            (-0.161538 0.035294 -0.061131)
            (-0.161538 0.035294 0.000000)
            (-0.161538 0.035294 0.061131)
            (-0.161538 0.036539 -0.136366)
            (-0.161538 0.036539 0.136366)
            (-0.161538 0.039584 -0.147730)
            (-0.161538 0.039584 0.147730)
            (-0.161538 0.040754 -0.023529)
            (-0.161538 0.040754 0.023529)
            (-0.161538 0.041176 -0.071320)
            (-0.161538 0.041176 0.071320)
            (-0.161538 0.041595 -0.041595)
            (-0.161538 0.041595 0.041595)
            (-0.161538 0.042629 -0.159094)
            (-0.161538 0.042629 0.159094)
            (-0.161538 0.045455 -0.012180)
            (-0.161538 0.045455 0.012180)
            (-0.161538 0.045674 -0.170457)
            (-0.161538 0.045674 0.170457)
            (-0.161538 0.047059 -0.081508)
            (-0.161538 0.047059 0.000000)
            (-0.161538 0.047059 0.081508)
            (-0.161538 0.048719 -0.181821)
            (-0.161538 0.048719 0.181821)
            (-0.161538 0.049913 -0.049913)
            (-0.161538 0.049913 0.049913)
            (-0.161538 0.050943 -0.029412)
            (-0.161538 0.050943 0.029412)
            (-0.161538 0.051764 -0.193185)
            (-0.161538 0.051764 0.193185)
            (-0.161538 0.052941 -0.091697)
            (-0.161538 0.052941 0.091697)
            (-0.161538 0.056819 -0.015225)
            (-0.161538 0.056819 0.015225)
            (-0.161538 0.058232 -0.058232)
            (-0.161538 0.058232 0.058232)
            (-0.161538 0.058824 -0.101885)
            (-0.161538 0.058824 0.000000)
            (-0.161538 0.058824 0.101885)
            (-0.161538 0.061131 -0.035294)
            (-0.161538 0.061131 0.035294)
            (-0.161538 0.064706 -0.112074)
            (-0.161538 0.064706 0.112074)
            (-0.161538 0.066551 -0.066551)
            (-0.161538 0.066551 0.066551)
            (-0.161538 0.068183 -0.018270)
            (-0.161538 0.068183 0.018270)
            (-0.161538 0.070588 -0.122262)
            (-0.161538 0.070588 0.000000)
            (-0.161538 0.070588 0.122262)
            (-0.161538 0.071320 -0.041176)
            (-0.161538 0.071320 0.041176)
            (-0.161538 0.074870 -0.074870)
            (-0.161538 0.074870 0.074870)
            (-0.161538 0.076471 -0.132451)
            (-0.161538 0.076471 0.132451)
            (-0.161538 0.079547 -0.021315)
            (-0.161538 0.079547 0.021315)
            (-0.161538 0.081508 -0.047059)
            (-0.161538 0.081508 0.047059)
            (-0.161538 0.082353 -0.142639)
            (-0.161538 0.082353 0.000000)
            (-0.161538 0.082353 0.142639)
            (-0.161538 0.083189 -0.083189)
            (-0.161538 0.083189 0.083189)
            (-0.161538 0.088235 -0.152828)
            (-0.161538 0.088235 0.152828)
            (-0.161538 0.090911 -0.024359)
            (-0.161538 0.090911 0.024359)
            (-0.161538 0.091508 -0.091508)
            (-0.161538 0.091508 0.091508)
            (-0.161538 0.091697 -0.052941)
            (-0.161538 0.091697 0.052941)
            (-0.161538 0.094118 -0.163017)
            (-0.161538 0.094118 0.000000)
            (-0.161538 0.094118 0.163017)
            (-0.161538 0.099827 -0.099827)
            (-0.161538 0.099827 0.099827)
            (-0.161538 0.100000 -0.173205)
            (-0.161538 0.100000 0.173205)
            (-0.161538 0.101885 -0.058824)
            (-0.161538 0.101885 0.058824)
            (-0.161538 0.102274 -0.027404)
            (-0.161538 0.102274 0.027404)
            (-0.161538 0.105882 0.000000)
            (-0.161538 0.108146 -0.108146)
            (-0.161538 0.108146 0.108146)
            (-0.161538 0.112074 -0.064706)
            (-0.161538 0.112074 0.064706)
            (-0.161538 0.113638 -0.030449)
            (-0.161538 0.113638 0.030449)
            (-0.161538 0.116465 -0.116465)
            (-0.161538 0.116465 0.116465)
            (-0.161538 0.117647 0.000000)
            (-0.161538 0.122262 -0.070588)
            (-0.161538 0.122262 0.070588)
            (-0.161538 0.124784 -0.124784)
            (-0.161538 0.124784 0.124784)
            (-0.161538 0.125002 -0.033494)
            (-0.161538 0.125002 0.033494)
            (-0.161538 0.129412 0.000000)
            (-0.161538 0.132451 -0.076471)
            (-0.161538 0.132451 0.076471)
            (-0.161538 0.133102 -0.133102)
            (-0.161538 0.133102 0.133102)
            (-0.161538 0.136366 -0.036539)
            (-0.161538 0.136366 0.036539)
            (-0.161538 0.141176 0.000000)
            (-0.161538 0.141421 -0.141421)
            (-0.161538 0.141421 0.141421)
            (-0.161538 0.142639 -0.082353)
            (-0.161538 0.142639 0.082353)
            (-0.161538 0.147730 -0.039584)
            (-0.161538 0.147730 0.039584)
            (-0.161538 0.152828 -0.088235)
            (-0.161538 0.152828 0.088235)
            (-0.161538 0.152941 0.000000)
            (-0.161538 0.159094 -0.042629)
            (-0.161538 0.159094 0.042629)
            (-0.161538 0.163017 -0.094118)
            (-0.161538 0.163017 0.094118)
            (-0.161538 0.164706 0.000000)
            (-0.161538 0.170457 -0.045674)
            (-0.161538 0.170457 0.045674)
            (-0.161538 0.173205 -0.100000)
            (-0.161538 0.173205 0.100000)
            (-0.161538 0.176471 0.000000)
            (-0.161538 0.181821 -0.048719)
            (-0.161538 0.181821 0.048719)
            (-0.161538 0.188235 0.000000)
            (-0.161538 0.193185 -0.051764)
            (-0.161538 0.193185 0.051764)
            (-0.161538 0.200000 0.000000)
            (-0.150000 -0.200000 0.000000)
            (-0.150000 -0.193185 -0.051764)
            (-0.150000 -0.193185 0.051764)
            (-0.150000 -0.188235 0.000000)
            (-0.150000 -0.181821 -0.048719)
            (-0.150000 -0.181821 0.048719)
            (-0.150000 -0.176471 0.000000)
            (-0.150000 -0.173205 -0.100000)
            (-0.150000 -0.173205 0.100000)
            (-0.150000 -0.170457 -0.045674)
            (-0.150000 -0.170457 0.045674)
            (-0.150000 -0.164706 0.000000)
            (-0.150000 -0.163017 -0.094118)
            (-0.150000 -0.163017 0.094118)
            (-0.150000 -0.159094 -0.042629)
            (-0.150000 -0.159094 0.042629)
            (-0.150000 -0.152941 0.000000)
            (-0.150000 -0.152828 -0.088235)
            (-0.150000 -0.152828 0.088235)
            (-0.150000 -0.147730 -0.039584)
            (-0.150000 -0.147730 0.039584)
            (-0.150000 -0.142639 -0.082353)
            (-0.150000 -0.142639 0.082353)
            (-0.150000 -0.141421 -0.141421)
            (-0.150000 -0.141421 0.141421)
            (-0.150000 -0.141176 0.000000)
            (-0.150000 -0.136366 -0.036539)
            (-0.150000 -0.136366 0.036539)
            (-0.150000 -0.133102 -0.133102)
            (-0.150000 -0.133102 0.133102)
            (-0.150000 -0.132451 -0.076471)
            (-0.150000 -0.132451 0.076471)
            (-0.150000 -0.129412 0.000000)
            (-0.150000 -0.125002 -0.033494)
            (-0.150000 -0.125002 0.033494)
            (-0.150000 -0.124784 -0.124784)
            (-0.150000 -0.124784 0.124784)
            (-0.150000 -0.122262 -0.070588)
            (-0.150000 -0.122262 0.070588)
            (-0.150000 -0.117647 0.000000)
            (-0.150000 -0.116465 -0.116465)
            (-0.150000 -0.116465 0.116465)
            (-0.150000 -0.113638 -0.030449)
            (-0.150000 -0.113638 0.030449)
            (-0.150000 -0.112074 -0.064706)
            (-0.150000 -0.112074 0.064706)
            (-0.150000 -0.108146 -0.108146)
            (-0.150000 -0.108146 0.108146)
            (-0.150000 -0.105882 0.000000)
            (-0.150000 -0.102274 -0.027404)
            (-0.150000 -0.102274 0.027404)
            (-0.150000 -0.101885 -0.058824)
            (-0.150000 -0.101885 0.058824)
            (-0.150000 -0.100000 -0.173205)
            (-0.150000 -0.100000 0.173205)
            (-0.150000 -0.099827 -0.099827)
            (-0.150000 -0.099827 0.099827)
            (-0.150000 -0.094118 -0.163017)
            (-0.150000 -0.094118 0.000000)
            (-0.150000 -0.094118 0.163017)
            (-0.150000 -0.091697 -0.052941)
            (-0.150000 -0.091697 0.052941)
            (-0.150000 -0.091508 -0.091508)
            (-0.150000 -0.091508 0.091508)
            (-0.150000 -0.090911 -0.024359)
            (-0.150000 -0.090911 0.024359)
            (-0.150000 -0.088235 -0.152828)
            (-0.150000 -0.088235 0.152828)
            (-0.150000 -0.083189 -0.083189)
            (-0.150000 -0.083189 0.083189)
            (-0.150000 -0.082353 -0.142639)
            (-0.150000 -0.082353 0.000000)
            (-0.150000 -0.082353 0.142639)
            (-0.150000 -0.081508 -0.047059)
            (-0.150000 -0.081508 0.047059)
            (-0.150000 -0.079547 -0.021315)
            (-0.150000 -0.079547 0.021315)
            (-0.150000 -0.076471 -0.132451)
            (-0.150000 -0.076471 0.132451)
            (-0.150000 -0.074870 -0.074870)
            (-0.150000 -0.074870 0.074870)
            (-0.150000 -0.071320 -0.041176)
            (-0.150000 -0.071320 0.041176)
            (-0.150000 -0.070588 -0.122262)
            (-0.150000 -0.070588 0.000000)
            (-0.150000 -0.070588 0.122262)
            (-0.150000 -0.068183 -0.018270)
            (-0.150000 -0.068183 0.018270)
            (-0.150000 -0.066551 -0.066551)
            (-0.150000 -0.066551 0.066551)
            (-0.150000 -0.064706 -0.112074)
            (-0.150000 -0.064706 0.112074)
            (-0.150000 -0.061131 -0.035294)
            (-0.150000 -0.061131 0.035294)
            (-0.150000 -0.058824 -0.101885)
            (-0.150000 -0.058824 0.000000)
            (-0.150000 -0.058824 0.101885)
            (-0.150000 -0.058232 -0.058232)
            (-0.150000 -0.058232 0.058232)
            (-0.150000 -0.056819 -0.015225)
            (-0.150000 -0.056819 0.015225)
            (-0.150000 -0.052941 -0.091697)
            (-0.150000 -0.052941 0.091697)
            (-0.150000 -0.051764 -0.193185)
            (-0.150000 -0.051764 0.193185)
            (-0.150000 -0.050943 -0.029412)
            (-0.150000 -0.050943 0.029412)
            (-0.150000 -0.049913 -0.049913)
            (-0.150000 -0.049913 0.049913)
            (-0.150000 -0.048719 -0.181821)
            (-0.150000 -0.048719 0.181821)
            (-0.150000 -0.047059 -0.081508)
            (-0.150000 -0.047059 0.000000)
            (-0.150000 -0.047059 0.081508)
            (-0.150000 -0.045674 -0.170457)
            (-0.150000 -0.045674 0.170457)
            (-0.150000 -0.045455 -0.012180)
            (-0.150000 -0.045455 0.012180)
            (-0.150000 -0.042629 -0.159094)
            (-0.150000 -0.042629 0.159094)
            (-0.150000 -0.041595 -0.041595)
            (-0.150000 -0.041595 0.041595)
            (-0.150000 -0.041176 -0.071320)
            (-0.150000 -0.041176 0.071320)
            (-0.150000 -0.040754 -0.023529)
            (-0.150000 -0.040754 0.023529)
            (-0.150000 -0.039584 -0.147730)
            (-0.150000 -0.039584 0.147730)
            (-0.150000 -0.036539 -0.136366)
            (-0.150000 -0.036539 0.136366)
            (-0.150000 -0.035294 -0.061131)
            (-0.150000 -0.035294 0.000000)
            (-0.150000 -0.035294 0.061131)
            (-0.150000 -0.034091 -0.009135)
            (-0.150000 -0.034091 0.009135)
            (-0.150000 -0.033494 -0.125002)
            (-0.150000 -0.033494 0.125002)
            (-0.150000 -0.033276 -0.033276)
            (-0.150000 -0.033276 0.033276)
            (-0.150000 -0.030566 -0.017647)
            (-0.150000 -0.030566 0.017647)
            (-0.150000 -0.030449 -0.113638)
            (-0.150000 -0.030449 0.113638)
            (-0.150000 -0.029412 -0.050943)
            (-0.150000 -0.029412 0.050943)
            (-0.150000 -0.027404 -0.102274)
            (-0.150000 -0.027404 0.102274)
            (-0.150000 -0.024957 -0.024957)
            (-0.150000 -0.024957 0.024957)
            (-0.150000 -0.024359 -0.090911)
            (-0.150000 -0.024359 0.090911)
            (-0.150000 -0.023529 -0.040754)
            (-0.150000 -0.023529 0.000000)
            (-0.150000 -0.023529 0.040754)
            (-0.150000 -0.022728 -0.006090)
            (-0.150000 -0.022728 0.006090)
            (-0.150000 -0.021315 -0.079547)
            (-0.150000 -0.021315 0.079547)
            (-0.150000 -0.020377 -0.011765)
            (-0.150000 -0.020377 0.011765)
            (-0.150000 -0.018270 -0.068183)
            (-0.150000 -0.018270 0.068183)
            (-0.150000 -0.017647 -0.030566)
            (-0.150000 -0.017647 0.030566)
            (-0.150000 -0.016638 -0.016638)
            (-0.150000 -0.016638 0.016638)
            (-0.150000 -0.015225 -0.056819)
            (-0.150000 -0.015225 0.056819)
            (-0.150000 -0.012180 -0.045455)
            (-0.150000 -0.012180 0.045455)
            (-0.150000 -0.011765 -0.020377)
            (-0.150000 -0.011765 0.000000)
            (-0.150000 -0.011765 0.020377)
            (-0.150000 -0.011364 -0.003045)
            (-0.150000 -0.011364 0.003045)
            (-0.150000 -0.010189 -0.005882)
            (-0.150000 -0.010189 0.005882)
            (-0.150000 -0.009135 -0.034091)
            (-0.150000 -0.009135 0.034091)
            (-0.150000 -0.008319 -0.008319)
            (-0.150000 -0.008319 0.008319)
            (-0.150000 -0.006090 -0.022728)
            (-0.150000 -0.006090 0.022728)
            (-0.150000 -0.005882 -0.010189)
            (-0.150000 -0.005882 0.010189)
            (-0.150000 -0.003045 -0.011364)
            (-0.150000 -0.003045 0.011364)
            (-0.150000 -0.000000 -0.200000)
            (-0.150000 -0.000000 -0.188235)
            (-0.150000 -0.000000 -0.176471)
            (-0.150000 -0.000000 -0.164706)
            (-0.150000 -0.000000 -0.152941)
            (-0.150000 -0.000000 -0.141176)
            (-0.150000 -0.000000 -0.129412)
            (-0.150000 -0.000000 -0.117647)
            (-0.150000 -0.000000 -0.105882)
            (-0.150000 -0.000000 -0.094118)
            (-0.150000 -0.000000 -0.082353)
            (-0.150000 -0.000000 -0.070588)
            (-0.150000 -0.000000 -0.058824)
            (-0.150000 -0.000000 -0.047059)
            (-0.150000 -0.000000 -0.035294)
            (-0.150000 -0.000000 -0.023529)
            (-0.150000 -0.000000 -0.011765)
            (-0.150000 0.000000 -0.000000)
            (-0.150000 0.000000 0.011765)
            (-0.150000 0.000000 0.023529)
            (-0.150000 0.000000 0.035294)
            (-0.150000 0.000000 0.047059)
            (-0.150000 0.000000 0.058824)
            (-0.150000 0.000000 0.070588)
            (-0.150000 0.000000 0.082353)
            (-0.150000 0.000000 0.094118)
            (-0.150000 0.000000 0.105882)
            (-0.150000 0.000000 0.117647)
            (-0.150000 0.000000 0.129412)
            (-0.150000 0.000000 0.141176)
            (-0.150000 0.000000 0.152941)
            (-0.150000 0.000000 0.164706)
            (-0.150000 0.000000 0.176471)
            (-0.150000 0.000000 0.188235)
            (-0.150000 0.000000 0.200000)
            (-0.150000 0.003045 -0.011364)
            (-0.150000 0.003045 0.011364)
            (-0.150000 0.005882 -0.010189)
            (-0.150000 0.005882 0.010189)
            (-0.150000 0.006090 -0.022728)
            (-0.150000 0.006090 0.022728)
            (-0.150000 0.008319 -0.008319)
            (-0.150000 0.008319 0.008319)
            (-0.150000 0.009135 -0.034091)
            (-0.150000 0.009135 0.034091)
            (-0.150000 0.010189 -0.005882)
            (-0.150000 0.010189 0.005882)
            (-0.150000 0.011364 -0.003045)
            (-0.150000 0.011364 0.003045)
            (-0.150000 0.011765 -0.020377)
            (-0.150000 0.011765 0.000000)
            (-0.150000 0.011765 0.020377)
            (-0.150000 0.012180 -0.045455)
            (-0.150000 0.012180 0.045455)
            (-0.150000 0.015225 -0.056819)
            (-0.150000 0.015225 0.056819)
            (-0.150000 0.016638 -0.016638)
            (-0.150000 0.016638 0.016638)
            (-0.150000 0.017647 -0.030566)
            (-0.150000 0.017647 0.030566)
            (-0.150000 0.018270 -0.068183)
            (-0.150000 0.018270 0.068183)
            (-0.150000 0.020377 -0.011765)
            (-0.150000 0.020377 0.011765)
            (-0.150000 0.021315 -0.079547)
            (-0.150000 0.021315 0.079547)
            (-0.150000 0.022728 -0.006090)
            (-0.150000 0.022728 0.006090)
            (-0.150000 0.023529 -0.040754)
            (-0.150000 0.023529 0.000000)
            (-0.150000 0.023529 0.040754)
            (-0.150000 0.024359 -0.090911)
            (-0.150000 0.024359 0.090911)
            (-0.150000 0.024957 -0.024957)
            (-0.150000 0.024957 0.024957)
            (-0.150000 0.027404 -0.102274)
            (-0.150000 0.027404 0.102274)
            (-0.150000 0.029412 -0.050943)
            (-0.150000 0.029412 0.050943)
            (-0.150000 0.030449 -0.113638)
            (-0.150000 0.030449 0.113638)
            (-0.150000 0.030566 -0.017647)
            (-0.150000 0.030566 0.017647)
            (-0.150000 0.033276 -0.033276)
            (-0.150000 0.033276 0.033276)
            (-0.150000 0.033494 -0.125002)
            (-0.150000 0.033494 0.125002)
            (-0.150000 0.034091 -0.009135)
            (-0.150000 0.034091 0.009135)
            (-0.150000 0.035294 -0.061131)
            (-0.150000 0.035294 0.000000)
            (-0.150000 0.035294 0.061131)
            (-0.150000 0.036539 -0.136366)
            (-0.150000 0.036539 0.136366)
            (-0.150000 0.039584 -0.147730)
            (-0.150000 0.039584 0.147730)
            (-0.150000 0.040754 -0.023529)
            (-0.150000 0.040754 0.023529)
            (-0.150000 0.041176 -0.071320)
            (-0.150000 0.041176 0.071320)
            (-0.150000 0.041595 -0.041595)
            (-0.150000 0.041595 0.041595)
            (-0.150000 0.042629 -0.159094)
            (-0.150000 0.042629 0.159094)
            (-0.150000 0.045455 -0.012180)
            (-0.150000 0.045455 0.012180)
            (-0.150000 0.045674 -0.170457)
            (-0.150000 0.045674 0.170457)
            (-0.150000 0.047059 -0.081508)
            (-0.150000 0.047059 0.000000)
            (-0.150000 0.047059 0.081508)
            (-0.150000 0.048719 -0.181821)
            (-0.150000 0.048719 0.181821)
            (-0.150000 0.049913 -0.049913)
            (-0.150000 0.049913 0.049913)
            (-0.150000 0.050943 -0.029412)
            (-0.150000 0.050943 0.029412)
            (-0.150000 0.051764 -0.193185)
            (-0.150000 0.051764 0.193185)
            (-0.150000 0.052941 -0.091697)
            (-0.150000 0.052941 0.091697)
            (-0.150000 0.056819 -0.015225)
            (-0.150000 0.056819 0.015225)
            (-0.150000 0.058232 -0.058232)
            (-0.150000 0.058232 0.058232)
            (-0.150000 0.058824 -0.101885)
            (-0.150000 0.058824 0.000000)
            (-0.150000 0.058824 0.101885)
            (-0.150000 0.061131 -0.035294)
            (-0.150000 0.061131 0.035294)
            (-0.150000 0.064706 -0.112074)
            (-0.150000 0.064706 0.112074)
            (-0.150000 0.066551 -0.066551)
            (-0.150000 0.066551 0.066551)
            (-0.150000 0.068183 -0.018270)
            (-0.150000 0.068183 0.018270)
            (-0.150000 0.070588 -0.122262)
            (-0.150000 0.070588 0.000000)
            (-0.150000 0.070588 0.122262)
            (-0.150000 0.071320 -0.041176)
            (-0.150000 0.071320 0.041176)
            (-0.150000 0.074870 -0.074870)
            (-0.150000 0.074870 0.074870)
            (-0.150000 0.076471 -0.132451)
            (-0.150000 0.076471 0.132451)
            (-0.150000 0.079547 -0.021315)
            (-0.150000 0.079547 0.021315)
            (-0.150000 0.081508 -0.047059)
            (-0.150000 0.081508 0.047059)
            (-0.150000 0.082353 -0.142639)
            (-0.150000 0.082353 0.000000)
            (-0.150000 0.082353 0.142639)
            (-0.150000 0.083189 -0.083189)
            (-0.150000 0.083189 0.083189)
            (-0.150000 0.088235 -0.152828)
            (-0.150000 0.088235 0.152828)
            (-0.150000 0.090911 -0.024359)
            (-0.150000 0.090911 0.024359)
            (-0.150000 0.091508 -0.091508)
            (-0.150000 0.091508 0.091508)
            (-0.150000 0.091697 -0.052941)
            (-0.150000 0.091697 0.052941)
            (-0.150000 0.094118 -0.163017)
            (-0.150000 0.094118 0.000000)
            (-0.150000 0.094118 0.163017)
            (-0.150000 0.099827 -0.099827)
            (-0.150000 0.099827 0.099827)
            (-0.150000 0.100000 -0.173205)
            (-0.150000 0.100000 0.173205)
            (-0.150000 0.101885 -0.058824)
            (-0.150000 0.101885 0.058824)
            (-0.150000 0.102274 -0.027404)
            (-0.150000 0.102274 0.027404)
            (-0.150000 0.105882 0.000000)
            (-0.150000 0.108146 -0.108146)
            (-0.150000 0.108146 0.108146)
            (-0.150000 0.112074 -0.064706)
            (-0.150000 0.112074 0.064706)
            (-0.150000 0.113638 -0.030449)
            (-0.150000 0.113638 0.030449)
            (-0.150000 0.116465 -0.116465)
            (-0.150000 0.116465 0.116465)
            (-0.150000 0.117647 0.000000)
            (-0.150000 0.122262 -0.070588)
            (-0.150000 0.122262 0.070588)
            (-0.150000 0.124784 -0.124784)
            (-0.150000 0.124784 0.124784)
            (-0.150000 0.125002 -0.033494)
            (-0.150000 0.125002 0.033494)
            (-0.150000 0.129412 0.000000)
            (-0.150000 0.132451 -0.076471)
            (-0.150000 0.132451 0.076471)
            (-0.150000 0.133102 -0.133102)
            (-0.150000 0.133102 0.133102)
            (-0.150000 0.136366 -0.036539)
            (-0.150000 0.136366 0.036539)
            (-0.150000 0.141176 0.000000)
            (-0.150000 0.141421 -0.141421)
            (-0.150000 0.141421 0.141421)
            (-0.150000 0.142639 -0.082353)
            (-0.150000 0.142639 0.082353)
            (-0.150000 0.147730 -0.039584)
            (-0.150000 0.147730 0.039584)
            (-0.150000 0.152828 -0.088235)
            (-0.150000 0.152828 0.088235)
            (-0.150000 0.152941 0.000000)
            (-0.150000 0.159094 -0.042629)
            (-0.150000 0.159094 0.042629)
            (-0.150000 0.163017 -0.094118)
            (-0.150000 0.163017 0.094118)
            (-0.150000 0.164706 0.000000)
            (-0.150000 0.170457 -0.045674)
            (-0.150000 0.170457 0.045674)
            (-0.150000 0.173205 -0.100000)
            (-0.150000 0.173205 0.100000)
            (-0.150000 0.176471 0.000000)
            (-0.150000 0.181821 -0.048719)
            (-0.150000 0.181821 0.048719)
            (-0.150000 0.188235 0.000000)
            (-0.150000 0.193185 -0.051764)
            (-0.150000 0.193185 0.051764)
            (-0.150000 0.200000 0.000000)
            (-0.138462 -0.200000 0.000000)
            (-0.138462 -0.193185 -0.051764)
            (-0.138462 -0.193185 0.051764)
            (-0.138462 -0.188235 0.000000)
            (-0.138462 -0.181821 -0.048719)
            (-0.138462 -0.181821 0.048719)
            (-0.138462 -0.176471 0.000000)
            (-0.138462 -0.173205 -0.100000)
            (-0.138462 -0.173205 0.100000)
            (-0.138462 -0.170457 -0.045674)
            (-0.138462 -0.170457 0.045674)
            (-0.138462 -0.164706 0.000000)
            (-0.138462 -0.163017 -0.094118)
            (-0.138462 -0.163017 0.094118)
            (-0.138462 -0.159094 -0.042629)
            (-0.138462 -0.159094 0.042629)
            (-0.138462 -0.152941 0.000000)
            (-0.138462 -0.152828 -0.088235)
            (-0.138462 -0.152828 0.088235)
            (-0.138462 -0.147730 -0.039584)
            (-0.138462 -0.147730 0.039584)
            (-0.138462 -0.142639 -0.082353)
            (-0.138462 -0.142639 0.082353)
            (-0.138462 -0.141421 -0.141421)
            (-0.138462 -0.141421 0.141421)
            (-0.138462 -0.141176 0.000000)
            (-0.138462 -0.136366 -0.036539)
            (-0.138462 -0.136366 0.036539)
            (-0.138462 -0.133102 -0.133102)
            (-0.138462 -0.133102 0.133102)
            (-0.138462 -0.132451 -0.076471)
            (-0.138462 -0.132451 0.076471)
            (-0.138462 -0.129412 0.000000)
            (-0.138462 -0.125002 -0.033494)
            (-0.138462 -0.125002 0.033494)
            (-0.138462 -0.124784 -0.124784)
            (-0.138462 -0.124784 0.124784)
            (-0.138462 -0.122262 -0.070588)
            (-0.138462 -0.122262 0.070588)
            (-0.138462 -0.117647 0.000000)
            (-0.138462 -0.116465 -0.116465)
            (-0.138462 -0.116465 0.116465)
            (-0.138462 -0.113638 -0.030449)
            (-0.138462 -0.113638 0.030449)
            (-0.138462 -0.112074 -0.064706)
            (-0.138462 -0.112074 0.064706)
            (-0.138462 -0.108146 -0.108146)
            (-0.138462 -0.108146 0.108146)
            (-0.138462 -0.105882 0.000000)
            (-0.138462 -0.102274 -0.027404)
            (-0.138462 -0.102274 0.027404)
            (-0.138462 -0.101885 -0.058824)
            (-0.138462 -0.101885 0.058824)
            (-0.138462 -0.100000 -0.173205)
            (-0.138462 -0.100000 0.173205)
            (-0.138462 -0.099827 -0.099827)
            (-0.138462 -0.099827 0.099827)
            (-0.138462 -0.094118 -0.163017)
            (-0.138462 -0.094118 0.000000)
            (-0.138462 -0.094118 0.163017)
            (-0.138462 -0.091697 -0.052941)
            (-0.138462 -0.091697 0.052941)
            (-0.138462 -0.091508 -0.091508)
            (-0.138462 -0.091508 0.091508)
            (-0.138462 -0.090911 -0.024359)
            (-0.138462 -0.090911 0.024359)
            (-0.138462 -0.088235 -0.152828)
            (-0.138462 -0.088235 0.152828)
            (-0.138462 -0.083189 -0.083189)
            (-0.138462 -0.083189 0.083189)
            (-0.138462 -0.082353 -0.142639)
            (-0.138462 -0.082353 0.000000)
            (-0.138462 -0.082353 0.142639)
            (-0.138462 -0.081508 -0.047059)
            (-0.138462 -0.081508 0.047059)
            (-0.138462 -0.079547 -0.021315)
            (-0.138462 -0.079547 0.021315)
            (-0.138462 -0.076471 -0.132451)
            (-0.138462 -0.076471 0.132451)
            (-0.138462 -0.074870 -0.074870)
            (-0.138462 -0.074870 0.074870)
            (-0.138462 -0.071320 -0.041176)
            (-0.138462 -0.071320 0.041176)
            (-0.138462 -0.070588 -0.122262)
            (-0.138462 -0.070588 0.000000)
            (-0.138462 -0.070588 0.122262)
            (-0.138462 -0.068183 -0.018270)
            (-0.138462 -0.068183 0.018270)
            (-0.138462 -0.066551 -0.066551)
            (-0.138462 -0.066551 0.066551)
            (-0.138462 -0.064706 -0.112074)
            (-0.138462 -0.064706 0.112074)
            (-0.138462 -0.061131 -0.035294)
            (-0.138462 -0.061131 0.035294)
            (-0.138462 -0.058824 -0.101885)
            (-0.138462 -0.058824 0.000000)
            (-0.138462 -0.058824 0.101885)
            (-0.138462 -0.058232 -0.058232)
            (-0.138462 -0.058232 0.058232)
            (-0.138462 -0.056819 -0.015225)
            (-0.138462 -0.056819 0.015225)
            (-0.138462 -0.052941 -0.091697)
            (-0.138462 -0.052941 0.091697)
            (-0.138462 -0.051764 -0.193185)
            (-0.138462 -0.051764 0.193185)
            (-0.138462 -0.050943 -0.029412)
            (-0.138462 -0.050943 0.029412)
            (-0.138462 -0.049913 -0.049913)
            (-0.138462 -0.049913 0.049913)
            (-0.138462 -0.048719 -0.181821)
            (-0.138462 -0.048719 0.181821)
            (-0.138462 -0.047059 -0.081508)
            (-0.138462 -0.047059 0.000000)
            (-0.138462 -0.047059 0.081508)
            (-0.138462 -0.045674 -0.170457)
            (-0.138462 -0.045674 0.170457)
            (-0.138462 -0.045455 -0.012180)
            (-0.138462 -0.045455 0.012180)
            (-0.138462 -0.042629 -0.159094)
            (-0.138462 -0.042629 0.159094)
            (-0.138462 -0.041595 -0.041595)
            (-0.138462 -0.041595 0.041595)
            (-0.138462 -0.041176 -0.071320)
            (-0.138462 -0.041176 0.071320)
            (-0.138462 -0.040754 -0.023529)
            (-0.138462 -0.040754 0.023529)
            (-0.138462 -0.039584 -0.147730)
            (-0.138462 -0.039584 0.147730)
            (-0.138462 -0.036539 -0.136366)
            (-0.138462 -0.036539 0.136366)
            (-0.138462 -0.035294 -0.061131)
            (-0.138462 -0.035294 0.000000)
            (-0.138462 -0.035294 0.061131)
            (-0.138462 -0.034091 -0.009135)
            (-0.138462 -0.034091 0.009135)
            (-0.138462 -0.033494 -0.125002)
            (-0.138462 -0.033494 0.125002)
            (-0.138462 -0.033276 -0.033276)
            (-0.138462 -0.033276 0.033276)
            (-0.138462 -0.030566 -0.017647)
            (-0.138462 -0.030566 0.017647)
            (-0.138462 -0.030449 -0.113638)
            (-0.138462 -0.030449 0.113638)
            (-0.138462 -0.029412 -0.050943)
            (-0.138462 -0.029412 0.050943)
            (-0.138462 -0.027404 -0.102274)
            (-0.138462 -0.027404 0.102274)
            (-0.138462 -0.024957 -0.024957)
            (-0.138462 -0.024957 0.024957)
            (-0.138462 -0.024359 -0.090911)
            (-0.138462 -0.024359 0.090911)
            (-0.138462 -0.023529 -0.040754)
            (-0.138462 -0.023529 0.000000)
            (-0.138462 -0.023529 0.040754)
            (-0.138462 -0.022728 -0.006090)
            (-0.138462 -0.022728 0.006090)
            (-0.138462 -0.021315 -0.079547)
            (-0.138462 -0.021315 0.079547)
            (-0.138462 -0.020377 -0.011765)
            (-0.138462 -0.020377 0.011765)
            (-0.138462 -0.018270 -0.068183)
            (-0.138462 -0.018270 0.068183)
            (-0.138462 -0.017647 -0.030566)
            (-0.138462 -0.017647 0.030566)
            (-0.138462 -0.016638 -0.016638)
            (-0.138462 -0.016638 0.016638)
            (-0.138462 -0.015225 -0.056819)
            (-0.138462 -0.015225 0.056819)
            (-0.138462 -0.012180 -0.045455)
            (-0.138462 -0.012180 0.045455)
            (-0.138462 -0.011765 -0.020377)
            (-0.138462 -0.011765 0.000000)
            (-0.138462 -0.011765 0.020377)
            (-0.138462 -0.011364 -0.003045)
            (-0.138462 -0.011364 0.003045)
            (-0.138462 -0.010189 -0.005882)
            (-0.138462 -0.010189 0.005882)
            (-0.138462 -0.009135 -0.034091)
            (-0.138462 -0.009135 0.034091)
            (-0.138462 -0.008319 -0.008319)
            (-0.138462 -0.008319 0.008319)
            (-0.138462 -0.006090 -0.022728)
            (-0.138462 -0.006090 0.022728)
            (-0.138462 -0.005882 -0.010189)
            (-0.138462 -0.005882 0.010189)
            (-0.138462 -0.003045 -0.011364)
            (-0.138462 -0.003045 0.011364)
            (-0.138462 -0.000000 -0.200000)
            (-0.138462 -0.000000 -0.188235)
            (-0.138462 -0.000000 -0.176471)
            (-0.138462 -0.000000 -0.164706)
            (-0.138462 -0.000000 -0.152941)
            (-0.138462 -0.000000 -0.141176)
            (-0.138462 -0.000000 -0.129412)
            (-0.138462 -0.000000 -0.117647)
            (-0.138462 -0.000000 -0.105882)
            (-0.138462 -0.000000 -0.094118)
            (-0.138462 -0.000000 -0.082353)
            (-0.138462 -0.000000 -0.070588)
            (-0.138462 -0.000000 -0.058824)
            (-0.138462 -0.000000 -0.047059)
            (-0.138462 -0.000000 -0.035294)
            (-0.138462 -0.000000 -0.023529)
            (-0.138462 -0.000000 -0.011765)
            (-0.138462 0.000000 0.000000)
            (-0.138462 0.000000 0.011765)
            (-0.138462 0.000000 0.023529)
            (-0.138462 0.000000 0.035294)
            (-0.138462 0.000000 0.047059)
            (-0.138462 0.000000 0.058824)
            (-0.138462 0.000000 0.070588)
            (-0.138462 0.000000 0.082353)
            (-0.138462 0.000000 0.094118)
            (-0.138462 0.000000 0.105882)
            (-0.138462 0.000000 0.117647)
            (-0.138462 0.000000 0.129412)
            (-0.138462 0.000000 0.141176)
            (-0.138462 0.000000 0.152941)
            (-0.138462 0.000000 0.164706)
            (-0.138462 0.000000 0.176471)
            (-0.138462 0.000000 0.188235)
            (-0.138462 0.000000 0.200000)
            (-0.138462 0.003045 -0.011364)
            (-0.138462 0.003045 0.011364)
            (-0.138462 0.005882 -0.010189)
            (-0.138462 0.005882 0.010189)
            (-0.138462 0.006090 -0.022728)
            (-0.138462 0.006090 0.022728)
            (-0.138462 0.008319 -0.008319)
            (-0.138462 0.008319 0.008319)
            (-0.138462 0.009135 -0.034091)
            (-0.138462 0.009135 0.034091)
            (-0.138462 0.010189 -0.005882)
            (-0.138462 0.010189 0.005882)
            (-0.138462 0.011364 -0.003045)
            (-0.138462 0.011364 0.003045)
            (-0.138462 0.011765 -0.020377)
            (-0.138462 0.011765 0.000000)
            (-0.138462 0.011765 0.020377)
            (-0.138462 0.012180 -0.045455)
            (-0.138462 0.012180 0.045455)
            (-0.138462 0.015225 -0.056819)
            (-0.138462 0.015225 0.056819)
            (-0.138462 0.016638 -0.016638)
            (-0.138462 0.016638 0.016638)
            (-0.138462 0.017647 -0.030566)
            (-0.138462 0.017647 0.030566)
            (-0.138462 0.018270 -0.068183)
            (-0.138462 0.018270 0.068183)
            (-0.138462 0.020377 -0.011765)
            (-0.138462 0.020377 0.011765)
            (-0.138462 0.021315 -0.079547)
            (-0.138462 0.021315 0.079547)
            (-0.138462 0.022728 -0.006090)
            (-0.138462 0.022728 0.006090)
            (-0.138462 0.023529 -0.040754)
            (-0.138462 0.023529 0.000000)
            (-0.138462 0.023529 0.040754)
            (-0.138462 0.024359 -0.090911)
            (-0.138462 0.024359 0.090911)
            (-0.138462 0.024957 -0.024957)
            (-0.138462 0.024957 0.024957)
            (-0.138462 0.027404 -0.102274)
            (-0.138462 0.027404 0.102274)
            (-0.138462 0.029412 -0.050943)
            (-0.138462 0.029412 0.050943)
            (-0.138462 0.030449 -0.113638)
            (-0.138462 0.030449 0.113638)
            (-0.138462 0.030566 -0.017647)
            (-0.138462 0.030566 0.017647)
            (-0.138462 0.033276 -0.033276)
            (-0.138462 0.033276 0.033276)
            (-0.138462 0.033494 -0.125002)
            (-0.138462 0.033494 0.125002)
            (-0.138462 0.034091 -0.009135)
            (-0.138462 0.034091 0.009135)
            (-0.138462 0.035294 -0.061131)
            (-0.138462 0.035294 0.000000)
            (-0.138462 0.035294 0.061131)
            (-0.138462 0.036539 -0.136366)
            (-0.138462 0.036539 0.136366)
            (-0.138462 0.039584 -0.147730)
            (-0.138462 0.039584 0.147730)
            (-0.138462 0.040754 -0.023529)
            (-0.138462 0.040754 0.023529)
            (-0.138462 0.041176 -0.071320)
            (-0.138462 0.041176 0.071320)
            (-0.138462 0.041595 -0.041595)
            (-0.138462 0.041595 0.041595)
            (-0.138462 0.042629 -0.159094)
            (-0.138462 0.042629 0.159094)
            (-0.138462 0.045455 -0.012180)
            (-0.138462 0.045455 0.012180)
            (-0.138462 0.045674 -0.170457)
            (-0.138462 0.045674 0.170457)
            (-0.138462 0.047059 -0.081508)
            (-0.138462 0.047059 0.000000)
            (-0.138462 0.047059 0.081508)
            (-0.138462 0.048719 -0.181821)
            (-0.138462 0.048719 0.181821)
            (-0.138462 0.049913 -0.049913)
            (-0.138462 0.049913 0.049913)
            (-0.138462 0.050943 -0.029412)
            (-0.138462 0.050943 0.029412)
            (-0.138462 0.051764 -0.193185)
            (-0.138462 0.051764 0.193185)
            (-0.138462 0.052941 -0.091697)
            (-0.138462 0.052941 0.091697)
            (-0.138462 0.056819 -0.015225)
            (-0.138462 0.056819 0.015225)
            (-0.138462 0.058232 -0.058232)
            (-0.138462 0.058232 0.058232)
            (-0.138462 0.058824 -0.101885)
            (-0.138462 0.058824 0.000000)
            (-0.138462 0.058824 0.101885)
            (-0.138462 0.061131 -0.035294)
            (-0.138462 0.061131 0.035294)
            (-0.138462 0.064706 -0.112074)
            (-0.138462 0.064706 0.112074)
            (-0.138462 0.066551 -0.066551)
            (-0.138462 0.066551 0.066551)
            (-0.138462 0.068183 -0.018270)
            (-0.138462 0.068183 0.018270)
            (-0.138462 0.070588 -0.122262)
            (-0.138462 0.070588 0.000000)
            (-0.138462 0.070588 0.122262)
            (-0.138462 0.071320 -0.041176)
            (-0.138462 0.071320 0.041176)
            (-0.138462 0.074870 -0.074870)
            (-0.138462 0.074870 0.074870)
            (-0.138462 0.076471 -0.132451)
            (-0.138462 0.076471 0.132451)
            (-0.138462 0.079547 -0.021315)
            (-0.138462 0.079547 0.021315)
            (-0.138462 0.081508 -0.047059)
            (-0.138462 0.081508 0.047059)
            (-0.138462 0.082353 -0.142639)
            (-0.138462 0.082353 0.000000)
            (-0.138462 0.082353 0.142639)
            (-0.138462 0.083189 -0.083189)
            (-0.138462 0.083189 0.083189)
            (-0.138462 0.088235 -0.152828)
            (-0.138462 0.088235 0.152828)
            (-0.138462 0.090911 -0.024359)
            (-0.138462 0.090911 0.024359)
            (-0.138462 0.091508 -0.091508)
            (-0.138462 0.091508 0.091508)
            (-0.138462 0.091697 -0.052941)
            (-0.138462 0.091697 0.052941)
            (-0.138462 0.094118 -0.163017)
            (-0.138462 0.094118 0.000000)
            (-0.138462 0.094118 0.163017)
            (-0.138462 0.099827 -0.099827)
            (-0.138462 0.099827 0.099827)
            (-0.138462 0.100000 -0.173205)
            (-0.138462 0.100000 0.173205)
            (-0.138462 0.101885 -0.058824)
            (-0.138462 0.101885 0.058824)
            (-0.138462 0.102274 -0.027404)
            (-0.138462 0.102274 0.027404)
            (-0.138462 0.105882 0.000000)
            (-0.138462 0.108146 -0.108146)
            (-0.138462 0.108146 0.108146)
            (-0.138462 0.112074 -0.064706)
            (-0.138462 0.112074 0.064706)
            (-0.138462 0.113638 -0.030449)
            (-0.138462 0.113638 0.030449)
            (-0.138462 0.116465 -0.116465)
            (-0.138462 0.116465 0.116465)
            (-0.138462 0.117647 0.000000)
            (-0.138462 0.122262 -0.070588)
            (-0.138462 0.122262 0.070588)
            (-0.138462 0.124784 -0.124784)
            (-0.138462 0.124784 0.124784)
            (-0.138462 0.125002 -0.033494)
            (-0.138462 0.125002 0.033494)
            (-0.138462 0.129412 0.000000)
            (-0.138462 0.132451 -0.076471)
            (-0.138462 0.132451 0.076471)
            (-0.138462 0.133102 -0.133102)
            (-0.138462 0.133102 0.133102)
            (-0.138462 0.136366 -0.036539)
            (-0.138462 0.136366 0.036539)
            (-0.138462 0.141176 0.000000)
            (-0.138462 0.141421 -0.141421)
            (-0.138462 0.141421 0.141421)
            (-0.138462 0.142639 -0.082353)
            (-0.138462 0.142639 0.082353)
            (-0.138462 0.147730 -0.039584)
            (-0.138462 0.147730 0.039584)
            (-0.138462 0.152828 -0.088235)
            (-0.138462 0.152828 0.088235)
            (-0.138462 0.152941 0.000000)
            (-0.138462 0.159094 -0.042629)
            (-0.138462 0.159094 0.042629)
            (-0.138462 0.163017 -0.094118)
            (-0.138462 0.163017 0.094118)
            (-0.138462 0.164706 0.000000)
            (-0.138462 0.170457 -0.045674)
            (-0.138462 0.170457 0.045674)
            (-0.138462 0.173205 -0.100000)
            (-0.138462 0.173205 0.100000)
            (-0.138462 0.176471 0.000000)
            (-0.138462 0.181821 -0.048719)
            (-0.138462 0.181821 0.048719)
            (-0.138462 0.188235 0.000000)
            (-0.138462 0.193185 -0.051764)
            (-0.138462 0.193185 0.051764)
            (-0.138462 0.200000 0.000000)
            (-0.126923 -0.200000 0.000000)
            (-0.126923 -0.193185 -0.051764)
            (-0.126923 -0.193185 0.051764)
            (-0.126923 -0.188235 0.000000)
            (-0.126923 -0.181821 -0.048719)
            (-0.126923 -0.181821 0.048719)
            (-0.126923 -0.176471 0.000000)
            (-0.126923 -0.173205 -0.100000)
            (-0.126923 -0.173205 0.100000)
            (-0.126923 -0.170457 -0.045674)
            (-0.126923 -0.170457 0.045674)
            (-0.126923 -0.164706 0.000000)
            (-0.126923 -0.163017 -0.094118)
            (-0.126923 -0.163017 0.094118)
            (-0.126923 -0.159094 -0.042629)
            (-0.126923 -0.159094 0.042629)
            (-0.126923 -0.152941 0.000000)
            (-0.126923 -0.152828 -0.088235)
            (-0.126923 -0.152828 0.088235)
            (-0.126923 -0.147730 -0.039584)
            (-0.126923 -0.147730 0.039584)
            (-0.126923 -0.142639 -0.082353)
            (-0.126923 -0.142639 0.082353)
            (-0.126923 -0.141421 -0.141421)
            (-0.126923 -0.141421 0.141421)
            (-0.126923 -0.141176 0.000000)
            (-0.126923 -0.136366 -0.036539)
            (-0.126923 -0.136366 0.036539)
            (-0.126923 -0.133102 -0.133102)
            (-0.126923 -0.133102 0.133102)
            (-0.126923 -0.132451 -0.076471)
            (-0.126923 -0.132451 0.076471)
            (-0.126923 -0.129412 0.000000)
            (-0.126923 -0.125002 -0.033494)
            (-0.126923 -0.125002 0.033494)
            (-0.126923 -0.124784 -0.124784)
            (-0.126923 -0.124784 0.124784)
            (-0.126923 -0.122262 -0.070588)
            (-0.126923 -0.122262 0.070588)
            (-0.126923 -0.117647 0.000000)
            (-0.126923 -0.116465 -0.116465)
            (-0.126923 -0.116465 0.116465)
            (-0.126923 -0.113638 -0.030449)
            (-0.126923 -0.113638 0.030449)
            (-0.126923 -0.112074 -0.064706)
            (-0.126923 -0.112074 0.064706)
            (-0.126923 -0.108146 -0.108146)
            (-0.126923 -0.108146 0.108146)
            (-0.126923 -0.105882 0.000000)
            (-0.126923 -0.102274 -0.027404)
            (-0.126923 -0.102274 0.027404)
            (-0.126923 -0.101885 -0.058824)
            (-0.126923 -0.101885 0.058824)
            (-0.126923 -0.100000 -0.173205)
            (-0.126923 -0.100000 0.173205)
            (-0.126923 -0.099827 -0.099827)
            (-0.126923 -0.099827 0.099827)
            (-0.126923 -0.094118 -0.163017)
            (-0.126923 -0.094118 0.000000)
            (-0.126923 -0.094118 0.163017)
            (-0.126923 -0.091697 -0.052941)
            (-0.126923 -0.091697 0.052941)
            (-0.126923 -0.091508 -0.091508)
            (-0.126923 -0.091508 0.091508)
            (-0.126923 -0.090911 -0.024359)
            (-0.126923 -0.090911 0.024359)
            (-0.126923 -0.088235 -0.152828)
            (-0.126923 -0.088235 0.152828)
            (-0.126923 -0.083189 -0.083189)
            (-0.126923 -0.083189 0.083189)
            (-0.126923 -0.082353 -0.142639)
            (-0.126923 -0.082353 0.000000)
            (-0.126923 -0.082353 0.142639)
            (-0.126923 -0.081508 -0.047059)
            (-0.126923 -0.081508 0.047059)
            (-0.126923 -0.079547 -0.021315)
            (-0.126923 -0.079547 0.021315)
            (-0.126923 -0.076471 -0.132451)
            (-0.126923 -0.076471 0.132451)
            (-0.126923 -0.074870 -0.074870)
            (-0.126923 -0.074870 0.074870)
            (-0.126923 -0.071320 -0.041176)
            (-0.126923 -0.071320 0.041176)
            (-0.126923 -0.070588 -0.122262)
            (-0.126923 -0.070588 0.000000)
            (-0.126923 -0.070588 0.122262)
            (-0.126923 -0.068183 -0.018270)
            (-0.126923 -0.068183 0.018270)
            (-0.126923 -0.066551 -0.066551)
            (-0.126923 -0.066551 0.066551)
            (-0.126923 -0.064706 -0.112074)
            (-0.126923 -0.064706 0.112074)
            (-0.126923 -0.061131 -0.035294)
            (-0.126923 -0.061131 0.035294)
            (-0.126923 -0.058824 -0.101885)
            (-0.126923 -0.058824 0.000000)
            (-0.126923 -0.058824 0.101885)
            (-0.126923 -0.058232 -0.058232)
            (-0.126923 -0.058232 0.058232)
            (-0.126923 -0.056819 -0.015225)
            (-0.126923 -0.056819 0.015225)
            (-0.126923 -0.052941 -0.091697)
            (-0.126923 -0.052941 0.091697)
            (-0.126923 -0.051764 -0.193185)
            (-0.126923 -0.051764 0.193185)
            (-0.126923 -0.050943 -0.029412)
            (-0.126923 -0.050943 0.029412)
            (-0.126923 -0.049913 -0.049913)
            (-0.126923 -0.049913 0.049913)
            (-0.126923 -0.048719 -0.181821)
            (-0.126923 -0.048719 0.181821)
            (-0.126923 -0.047059 -0.081508)
            (-0.126923 -0.047059 0.000000)
            (-0.126923 -0.047059 0.081508)
            (-0.126923 -0.045674 -0.170457)
            (-0.126923 -0.045674 0.170457)
            (-0.126923 -0.045455 -0.012180)
            (-0.126923 -0.045455 0.012180)
            (-0.126923 -0.042629 -0.159094)
            (-0.126923 -0.042629 0.159094)
            (-0.126923 -0.041595 -0.041595)
            (-0.126923 -0.041595 0.041595)
            (-0.126923 -0.041176 -0.071320)
            (-0.126923 -0.041176 0.071320)
            (-0.126923 -0.040754 -0.023529)
            (-0.126923 -0.040754 0.023529)
            (-0.126923 -0.039584 -0.147730)
            (-0.126923 -0.039584 0.147730)
            (-0.126923 -0.036539 -0.136366)
            (-0.126923 -0.036539 0.136366)
            (-0.126923 -0.035294 -0.061131)
            (-0.126923 -0.035294 0.000000)
            (-0.126923 -0.035294 0.061131)
            (-0.126923 -0.034091 -0.009135)
            (-0.126923 -0.034091 0.009135)
            (-0.126923 -0.033494 -0.125002)
            (-0.126923 -0.033494 0.125002)
            (-0.126923 -0.033276 -0.033276)
            (-0.126923 -0.033276 0.033276)
            (-0.126923 -0.030566 -0.017647)
            (-0.126923 -0.030566 0.017647)
            (-0.126923 -0.030449 -0.113638)
            (-0.126923 -0.030449 0.113638)
            (-0.126923 -0.029412 -0.050943)
            (-0.126923 -0.029412 0.050943)
            (-0.126923 -0.027404 -0.102274)
            (-0.126923 -0.027404 0.102274)
            (-0.126923 -0.024957 -0.024957)
            (-0.126923 -0.024957 0.024957)
            (-0.126923 -0.024359 -0.090911)
            (-0.126923 -0.024359 0.090911)
            (-0.126923 -0.023529 -0.040754)
            (-0.126923 -0.023529 0.000000)
            (-0.126923 -0.023529 0.040754)
            (-0.126923 -0.022728 -0.006090)
            (-0.126923 -0.022728 0.006090)
            (-0.126923 -0.021315 -0.079547)
            (-0.126923 -0.021315 0.079547)
            (-0.126923 -0.020377 -0.011765)
            (-0.126923 -0.020377 0.011765)
            (-0.126923 -0.018270 -0.068183)
            (-0.126923 -0.018270 0.068183)
            (-0.126923 -0.017647 -0.030566)
            (-0.126923 -0.017647 0.030566)
            (-0.126923 -0.016638 -0.016638)
            (-0.126923 -0.016638 0.016638)
            (-0.126923 -0.015225 -0.056819)
            (-0.126923 -0.015225 0.056819)
            (-0.126923 -0.012180 -0.045455)
            (-0.126923 -0.012180 0.045455)
            (-0.126923 -0.011765 -0.020377)
            (-0.126923 -0.011765 0.000000)
            (-0.126923 -0.011765 0.020377)
            (-0.126923 -0.011364 -0.003045)
            (-0.126923 -0.011364 0.003045)
            (-0.126923 -0.010189 -0.005882)
            (-0.126923 -0.010189 0.005882)
            (-0.126923 -0.009135 -0.034091)
            (-0.126923 -0.009135 0.034091)
            (-0.126923 -0.008319 -0.008319)
            (-0.126923 -0.008319 0.008319)
            (-0.126923 -0.006090 -0.022728)
            (-0.126923 -0.006090 0.022728)
            (-0.126923 -0.005882 -0.010189)
            (-0.126923 -0.005882 0.010189)
            (-0.126923 -0.003045 -0.011364)
            (-0.126923 -0.003045 0.011364)
            (-0.126923 -0.000000 -0.200000)
            (-0.126923 -0.000000 -0.188235)
            (-0.126923 -0.000000 -0.176471)
            (-0.126923 -0.000000 -0.164706)
            (-0.126923 -0.000000 -0.152941)
            (-0.126923 -0.000000 -0.141176)
            (-0.126923 -0.000000 -0.129412)
            (-0.126923 -0.000000 -0.117647)
            (-0.126923 -0.000000 -0.105882)
            (-0.126923 -0.000000 -0.094118)
            (-0.126923 -0.000000 -0.082353)
            (-0.126923 -0.000000 -0.070588)
            (-0.126923 -0.000000 -0.058824)
            (-0.126923 -0.000000 -0.047059)
            (-0.126923 -0.000000 -0.035294)
            (-0.126923 -0.000000 -0.023529)
            (-0.126923 -0.000000 -0.011765)
            (-0.126923 0.000000 0.000000)
            (-0.126923 0.000000 0.011765)
            (-0.126923 0.000000 0.023529)
            (-0.126923 0.000000 0.035294)
            (-0.126923 0.000000 0.047059)
            (-0.126923 0.000000 0.058824)
            (-0.126923 0.000000 0.070588)
            (-0.126923 0.000000 0.082353)
            (-0.126923 0.000000 0.094118)
            (-0.126923 0.000000 0.105882)
            (-0.126923 0.000000 0.117647)
            (-0.126923 0.000000 0.129412)
            (-0.126923 0.000000 0.141176)
            (-0.126923 0.000000 0.152941)
            (-0.126923 0.000000 0.164706)
            (-0.126923 0.000000 0.176471)
            (-0.126923 0.000000 0.188235)
            (-0.126923 0.000000 0.200000)
            (-0.126923 0.003045 -0.011364)
            (-0.126923 0.003045 0.011364)
            (-0.126923 0.005882 -0.010189)
            (-0.126923 0.005882 0.010189)
            (-0.126923 0.006090 -0.022728)
            (-0.126923 0.006090 0.022728)
            (-0.126923 0.008319 -0.008319)
            (-0.126923 0.008319 0.008319)
            (-0.126923 0.009135 -0.034091)
            (-0.126923 0.009135 0.034091)
            (-0.126923 0.010189 -0.005882)
            (-0.126923 0.010189 0.005882)
            (-0.126923 0.011364 -0.003045)
            (-0.126923 0.011364 0.003045)
            (-0.126923 0.011765 -0.020377)
            (-0.126923 0.011765 0.000000)
            (-0.126923 0.011765 0.020377)
            (-0.126923 0.012180 -0.045455)
            (-0.126923 0.012180 0.045455)
            (-0.126923 0.015225 -0.056819)
            (-0.126923 0.015225 0.056819)
            (-0.126923 0.016638 -0.016638)
            (-0.126923 0.016638 0.016638)
            (-0.126923 0.017647 -0.030566)
            (-0.126923 0.017647 0.030566)
            (-0.126923 0.018270 -0.068183)
            (-0.126923 0.018270 0.068183)
            (-0.126923 0.020377 -0.011765)
            (-0.126923 0.020377 0.011765)
            (-0.126923 0.021315 -0.079547)
            (-0.126923 0.021315 0.079547)
            (-0.126923 0.022728 -0.006090)
            (-0.126923 0.022728 0.006090)
            (-0.126923 0.023529 -0.040754)
            (-0.126923 0.023529 0.000000)
            (-0.126923 0.023529 0.040754)
            (-0.126923 0.024359 -0.090911)
            (-0.126923 0.024359 0.090911)
            (-0.126923 0.024957 -0.024957)
            (-0.126923 0.024957 0.024957)
            (-0.126923 0.027404 -0.102274)
            (-0.126923 0.027404 0.102274)
            (-0.126923 0.029412 -0.050943)
            (-0.126923 0.029412 0.050943)
            (-0.126923 0.030449 -0.113638)
            (-0.126923 0.030449 0.113638)
            (-0.126923 0.030566 -0.017647)
            (-0.126923 0.030566 0.017647)
            (-0.126923 0.033276 -0.033276)
            (-0.126923 0.033276 0.033276)
            (-0.126923 0.033494 -0.125002)
            (-0.126923 0.033494 0.125002)
            (-0.126923 0.034091 -0.009135)
            (-0.126923 0.034091 0.009135)
            (-0.126923 0.035294 -0.061131)
            (-0.126923 0.035294 0.000000)
            (-0.126923 0.035294 0.061131)
            (-0.126923 0.036539 -0.136366)
            (-0.126923 0.036539 0.136366)
            (-0.126923 0.039584 -0.147730)
            (-0.126923 0.039584 0.147730)
            (-0.126923 0.040754 -0.023529)
            (-0.126923 0.040754 0.023529)
            (-0.126923 0.041176 -0.071320)
            (-0.126923 0.041176 0.071320)
            (-0.126923 0.041595 -0.041595)
            (-0.126923 0.041595 0.041595)
            (-0.126923 0.042629 -0.159094)
            (-0.126923 0.042629 0.159094)
            (-0.126923 0.045455 -0.012180)
            (-0.126923 0.045455 0.012180)
            (-0.126923 0.045674 -0.170457)
            (-0.126923 0.045674 0.170457)
            (-0.126923 0.047059 -0.081508)
            (-0.126923 0.047059 0.000000)
            (-0.126923 0.047059 0.081508)
            (-0.126923 0.048719 -0.181821)
            (-0.126923 0.048719 0.181821)
            (-0.126923 0.049913 -0.049913)
            (-0.126923 0.049913 0.049913)
            (-0.126923 0.050943 -0.029412)
            (-0.126923 0.050943 0.029412)
            (-0.126923 0.051764 -0.193185)
            (-0.126923 0.051764 0.193185)
            (-0.126923 0.052941 -0.091697)
            (-0.126923 0.052941 0.091697)
            (-0.126923 0.056819 -0.015225)
            (-0.126923 0.056819 0.015225)
            (-0.126923 0.058232 -0.058232)
            (-0.126923 0.058232 0.058232)
            (-0.126923 0.058824 -0.101885)
            (-0.126923 0.058824 0.000000)
            (-0.126923 0.058824 0.101885)
            (-0.126923 0.061131 -0.035294)
            (-0.126923 0.061131 0.035294)
            (-0.126923 0.064706 -0.112074)
            (-0.126923 0.064706 0.112074)
            (-0.126923 0.066551 -0.066551)
            (-0.126923 0.066551 0.066551)
            (-0.126923 0.068183 -0.018270)
            (-0.126923 0.068183 0.018270)
            (-0.126923 0.070588 -0.122262)
            (-0.126923 0.070588 0.000000)
            (-0.126923 0.070588 0.122262)
            (-0.126923 0.071320 -0.041176)
            (-0.126923 0.071320 0.041176)
            (-0.126923 0.074870 -0.074870)
            (-0.126923 0.074870 0.074870)
            (-0.126923 0.076471 -0.132451)
            (-0.126923 0.076471 0.132451)
            (-0.126923 0.079547 -0.021315)
            (-0.126923 0.079547 0.021315)
            (-0.126923 0.081508 -0.047059)
            (-0.126923 0.081508 0.047059)
            (-0.126923 0.082353 -0.142639)
            (-0.126923 0.082353 0.000000)
            (-0.126923 0.082353 0.142639)
            (-0.126923 0.083189 -0.083189)
            (-0.126923 0.083189 0.083189)
            (-0.126923 0.088235 -0.152828)
            (-0.126923 0.088235 0.152828)
            (-0.126923 0.090911 -0.024359)
            (-0.126923 0.090911 0.024359)
            (-0.126923 0.091508 -0.091508)
            (-0.126923 0.091508 0.091508)
            (-0.126923 0.091697 -0.052941)
            (-0.126923 0.091697 0.052941)
            (-0.126923 0.094118 -0.163017)
            (-0.126923 0.094118 0.000000)
            (-0.126923 0.094118 0.163017)
            (-0.126923 0.099827 -0.099827)
            (-0.126923 0.099827 0.099827)
            (-0.126923 0.100000 -0.173205)
            (-0.126923 0.100000 0.173205)
            (-0.126923 0.101885 -0.058824)
            (-0.126923 0.101885 0.058824)
            (-0.126923 0.102274 -0.027404)
            (-0.126923 0.102274 0.027404)
            (-0.126923 0.105882 0.000000)
            (-0.126923 0.108146 -0.108146)
            (-0.126923 0.108146 0.108146)
            (-0.126923 0.112074 -0.064706)
            (-0.126923 0.112074 0.064706)
            (-0.126923 0.113638 -0.030449)
            (-0.126923 0.113638 0.030449)
            (-0.126923 0.116465 -0.116465)
            (-0.126923 0.116465 0.116465)
            (-0.126923 0.117647 0.000000)
            (-0.126923 0.122262 -0.070588)
            (-0.126923 0.122262 0.070588)
            (-0.126923 0.124784 -0.124784)
            (-0.126923 0.124784 0.124784)
            (-0.126923 0.125002 -0.033494)
            (-0.126923 0.125002 0.033494)
            (-0.126923 0.129412 0.000000)
            (-0.126923 0.132451 -0.076471)
            (-0.126923 0.132451 0.076471)
            (-0.126923 0.133102 -0.133102)
            (-0.126923 0.133102 0.133102)
            (-0.126923 0.136366 -0.036539)
            (-0.126923 0.136366 0.036539)
            (-0.126923 0.141176 0.000000)
            (-0.126923 0.141421 -0.141421)
            (-0.126923 0.141421 0.141421)
            (-0.126923 0.142639 -0.082353)
            (-0.126923 0.142639 0.082353)
            (-0.126923 0.147730 -0.039584)
            (-0.126923 0.147730 0.039584)
            (-0.126923 0.152828 -0.088235)
            (-0.126923 0.152828 0.088235)
            (-0.126923 0.152941 0.000000)
            (-0.126923 0.159094 -0.042629)
            (-0.126923 0.159094 0.042629)
            (-0.126923 0.163017 -0.094118)
            (-0.126923 0.163017 0.094118)
            (-0.126923 0.164706 0.000000)
            (-0.126923 0.170457 -0.045674)
            (-0.126923 0.170457 0.045674)
            (-0.126923 0.173205 -0.100000)
            (-0.126923 0.173205 0.100000)
            (-0.126923 0.176471 0.000000)
            (-0.126923 0.181821 -0.048719)
            (-0.126923 0.181821 0.048719)
            (-0.126923 0.188235 0.000000)
            (-0.126923 0.193185 -0.051764)
            (-0.126923 0.193185 0.051764)
            (-0.126923 0.200000 0.000000)
            (-0.115385 -0.200000 0.000000)
            (-0.115385 -0.193185 -0.051764)
            (-0.115385 -0.193185 0.051764)
            (-0.115385 -0.188235 0.000000)
            (-0.115385 -0.181821 -0.048719)
            (-0.115385 -0.181821 0.048719)
            (-0.115385 -0.176471 0.000000)
            (-0.115385 -0.173205 -0.100000)
            (-0.115385 -0.173205 0.100000)
            (-0.115385 -0.170457 -0.045674)
            (-0.115385 -0.170457 0.045674)
            (-0.115385 -0.164706 0.000000)
            (-0.115385 -0.163017 -0.094118)
            (-0.115385 -0.163017 0.094118)
            (-0.115385 -0.159094 -0.042629)
            (-0.115385 -0.159094 0.042629)
            (-0.115385 -0.152941 0.000000)
            (-0.115385 -0.152828 -0.088235)
            (-0.115385 -0.152828 0.088235)
            (-0.115385 -0.147730 -0.039584)
            (-0.115385 -0.147730 0.039584)
            (-0.115385 -0.142639 -0.082353)
            (-0.115385 -0.142639 0.082353)
            (-0.115385 -0.141421 -0.141421)
            (-0.115385 -0.141421 0.141421)
            (-0.115385 -0.141176 0.000000)
            (-0.115385 -0.136366 -0.036539)
            (-0.115385 -0.136366 0.036539)
            (-0.115385 -0.133102 -0.133102)
            (-0.115385 -0.133102 0.133102)
            (-0.115385 -0.132451 -0.076471)
            (-0.115385 -0.132451 0.076471)
            (-0.115385 -0.129412 0.000000)
            (-0.115385 -0.125002 -0.033494)
            (-0.115385 -0.125002 0.033494)
            (-0.115385 -0.124784 -0.124784)
            (-0.115385 -0.124784 0.124784)
            (-0.115385 -0.122262 -0.070588)
            (-0.115385 -0.122262 0.070588)
            (-0.115385 -0.117647 0.000000)
            (-0.115385 -0.116465 -0.116465)
            (-0.115385 -0.116465 0.116465)
            (-0.115385 -0.113638 -0.030449)
            (-0.115385 -0.113638 0.030449)
            (-0.115385 -0.112074 -0.064706)
            (-0.115385 -0.112074 0.064706)
            (-0.115385 -0.108146 -0.108146)
            (-0.115385 -0.108146 0.108146)
            (-0.115385 -0.105882 0.000000)
            (-0.115385 -0.102274 -0.027404)
            (-0.115385 -0.102274 0.027404)
            (-0.115385 -0.101885 -0.058824)
            (-0.115385 -0.101885 0.058824)
            (-0.115385 -0.100000 -0.173205)
            (-0.115385 -0.100000 0.173205)
            (-0.115385 -0.099827 -0.099827)
            (-0.115385 -0.099827 0.099827)
            (-0.115385 -0.094118 -0.163017)
            (-0.115385 -0.094118 0.000000)
            (-0.115385 -0.094118 0.163017)
            (-0.115385 -0.091697 -0.052941)
            (-0.115385 -0.091697 0.052941)
            (-0.115385 -0.091508 -0.091508)
            (-0.115385 -0.091508 0.091508)
            (-0.115385 -0.090911 -0.024359)
            (-0.115385 -0.090911 0.024359)
            (-0.115385 -0.088235 -0.152828)
            (-0.115385 -0.088235 0.152828)
            (-0.115385 -0.083189 -0.083189)
            (-0.115385 -0.083189 0.083189)
            (-0.115385 -0.082353 -0.142639)
            (-0.115385 -0.082353 0.000000)
            (-0.115385 -0.082353 0.142639)
            (-0.115385 -0.081508 -0.047059)
            (-0.115385 -0.081508 0.047059)
            (-0.115385 -0.079547 -0.021315)
            (-0.115385 -0.079547 0.021315)
            (-0.115385 -0.076471 -0.132451)
            (-0.115385 -0.076471 0.132451)
            (-0.115385 -0.074870 -0.074870)
            (-0.115385 -0.074870 0.074870)
            (-0.115385 -0.071320 -0.041176)
            (-0.115385 -0.071320 0.041176)
            (-0.115385 -0.070588 -0.122262)
            (-0.115385 -0.070588 0.000000)
            (-0.115385 -0.070588 0.122262)
            (-0.115385 -0.068183 -0.018270)
            (-0.115385 -0.068183 0.018270)
            (-0.115385 -0.066551 -0.066551)
            (-0.115385 -0.066551 0.066551)
            (-0.115385 -0.064706 -0.112074)
            (-0.115385 -0.064706 0.112074)
            (-0.115385 -0.061131 -0.035294)
            (-0.115385 -0.061131 0.035294)
            (-0.115385 -0.058824 -0.101885)
            (-0.115385 -0.058824 0.000000)
            (-0.115385 -0.058824 0.101885)
            (-0.115385 -0.058232 -0.058232)
            (-0.115385 -0.058232 0.058232)
            (-0.115385 -0.056819 -0.015225)
            (-0.115385 -0.056819 0.015225)
            (-0.115385 -0.052941 -0.091697)
            (-0.115385 -0.052941 0.091697)
            (-0.115385 -0.051764 -0.193185)
            (-0.115385 -0.051764 0.193185)
            (-0.115385 -0.050943 -0.029412)
            (-0.115385 -0.050943 0.029412)
            (-0.115385 -0.049913 -0.049913)
            (-0.115385 -0.049913 0.049913)
            (-0.115385 -0.048719 -0.181821)
            (-0.115385 -0.048719 0.181821)
            (-0.115385 -0.047059 -0.081508)
            (-0.115385 -0.047059 0.000000)
            (-0.115385 -0.047059 0.081508)
            (-0.115385 -0.045674 -0.170457)
            (-0.115385 -0.045674 0.170457)
            (-0.115385 -0.045455 -0.012180)
            (-0.115385 -0.045455 0.012180)
            (-0.115385 -0.042629 -0.159094)
            (-0.115385 -0.042629 0.159094)
            (-0.115385 -0.041595 -0.041595)
            (-0.115385 -0.041595 0.041595)
            (-0.115385 -0.041176 -0.071320)
            (-0.115385 -0.041176 0.071320)
            (-0.115385 -0.040754 -0.023529)
            (-0.115385 -0.040754 0.023529)
            (-0.115385 -0.039584 -0.147730)
            (-0.115385 -0.039584 0.147730)
            (-0.115385 -0.036539 -0.136366)
            (-0.115385 -0.036539 0.136366)
            (-0.115385 -0.035294 -0.061131)
            (-0.115385 -0.035294 0.000000)
            (-0.115385 -0.035294 0.061131)
            (-0.115385 -0.034091 -0.009135)
            (-0.115385 -0.034091 0.009135)
            (-0.115385 -0.033494 -0.125002)
            (-0.115385 -0.033494 0.125002)
            (-0.115385 -0.033276 -0.033276)
            (-0.115385 -0.033276 0.033276)
            (-0.115385 -0.030566 -0.017647)
            (-0.115385 -0.030566 0.017647)
            (-0.115385 -0.030449 -0.113638)
            (-0.115385 -0.030449 0.113638)
            (-0.115385 -0.029412 -0.050943)
            (-0.115385 -0.029412 0.050943)
            (-0.115385 -0.027404 -0.102274)
            (-0.115385 -0.027404 0.102274)
            (-0.115385 -0.024957 -0.024957)
            (-0.115385 -0.024957 0.024957)
            (-0.115385 -0.024359 -0.090911)
            (-0.115385 -0.024359 0.090911)
            (-0.115385 -0.023529 -0.040754)
            (-0.115385 -0.023529 0.000000)
            (-0.115385 -0.023529 0.040754)
            (-0.115385 -0.022728 -0.006090)
            (-0.115385 -0.022728 0.006090)
            (-0.115385 -0.021315 -0.079547)
            (-0.115385 -0.021315 0.079547)
            (-0.115385 -0.020377 -0.011765)
            (-0.115385 -0.020377 0.011765)
            (-0.115385 -0.018270 -0.068183)
            (-0.115385 -0.018270 0.068183)
            (-0.115385 -0.017647 -0.030566)
            (-0.115385 -0.017647 0.030566)
            (-0.115385 -0.016638 -0.016638)
            (-0.115385 -0.016638 0.016638)
            (-0.115385 -0.015225 -0.056819)
            (-0.115385 -0.015225 0.056819)
            (-0.115385 -0.012180 -0.045455)
            (-0.115385 -0.012180 0.045455)
            (-0.115385 -0.011765 -0.020377)
            (-0.115385 -0.011765 0.000000)
            (-0.115385 -0.011765 0.020377)
            (-0.115385 -0.011364 -0.003045)
            (-0.115385 -0.011364 0.003045)
            (-0.115385 -0.010189 -0.005882)
            (-0.115385 -0.010189 0.005882)
            (-0.115385 -0.009135 -0.034091)
            (-0.115385 -0.009135 0.034091)
            (-0.115385 -0.008319 -0.008319)
            (-0.115385 -0.008319 0.008319)
            (-0.115385 -0.006090 -0.022728)
            (-0.115385 -0.006090 0.022728)
            (-0.115385 -0.005882 -0.010189)
            (-0.115385 -0.005882 0.010189)
            (-0.115385 -0.003045 -0.011364)
            (-0.115385 -0.003045 0.011364)
            (-0.115385 -0.000000 -0.200000)
            (-0.115385 -0.000000 -0.188235)
            (-0.115385 -0.000000 -0.176471)
            (-0.115385 -0.000000 -0.164706)
            (-0.115385 -0.000000 -0.152941)
            (-0.115385 -0.000000 -0.141176)
            (-0.115385 -0.000000 -0.129412)
            (-0.115385 -0.000000 -0.117647)
            (-0.115385 -0.000000 -0.105882)
            (-0.115385 -0.000000 -0.094118)
            (-0.115385 -0.000000 -0.082353)
            (-0.115385 -0.000000 -0.070588)
            (-0.115385 -0.000000 -0.058824)
            (-0.115385 -0.000000 -0.047059)
            (-0.115385 -0.000000 -0.035294)
            (-0.115385 -0.000000 -0.023529)
            (-0.115385 -0.000000 -0.011765)
            (-0.115385 -0.000000 0.000000)
            (-0.115385 0.000000 0.011765)
            (-0.115385 0.000000 0.023529)
            (-0.115385 0.000000 0.035294)
            (-0.115385 0.000000 0.047059)
            (-0.115385 0.000000 0.058824)
            (-0.115385 0.000000 0.070588)
            (-0.115385 0.000000 0.082353)
            (-0.115385 0.000000 0.094118)
            (-0.115385 0.000000 0.105882)
            (-0.115385 0.000000 0.117647)
            (-0.115385 0.000000 0.129412)
            (-0.115385 0.000000 0.141176)
            (-0.115385 0.000000 0.152941)
            (-0.115385 0.000000 0.164706)
            (-0.115385 0.000000 0.176471)
            (-0.115385 0.000000 0.188235)
            (-0.115385 0.000000 0.200000)
            (-0.115385 0.003045 -0.011364)
            (-0.115385 0.003045 0.011364)
            (-0.115385 0.005882 -0.010189)
            (-0.115385 0.005882 0.010189)
            (-0.115385 0.006090 -0.022728)
            (-0.115385 0.006090 0.022728)
            (-0.115385 0.008319 -0.008319)
            (-0.115385 0.008319 0.008319)
            (-0.115385 0.009135 -0.034091)
            (-0.115385 0.009135 0.034091)
            (-0.115385 0.010189 -0.005882)
            (-0.115385 0.010189 0.005882)
            (-0.115385 0.011364 -0.003045)
            (-0.115385 0.011364 0.003045)
            (-0.115385 0.011765 -0.020377)
            (-0.115385 0.011765 0.000000)
            (-0.115385 0.011765 0.020377)
            (-0.115385 0.012180 -0.045455)
            (-0.115385 0.012180 0.045455)
            (-0.115385 0.015225 -0.056819)
            (-0.115385 0.015225 0.056819)
            (-0.115385 0.016638 -0.016638)
            (-0.115385 0.016638 0.016638)
            (-0.115385 0.017647 -0.030566)
            (-0.115385 0.017647 0.030566)
            (-0.115385 0.018270 -0.068183)
            (-0.115385 0.018270 0.068183)
            (-0.115385 0.020377 -0.011765)
            (-0.115385 0.020377 0.011765)
            (-0.115385 0.021315 -0.079547)
            (-0.115385 0.021315 0.079547)
            (-0.115385 0.022728 -0.006090)
            (-0.115385 0.022728 0.006090)
            (-0.115385 0.023529 -0.040754)
            (-0.115385 0.023529 0.000000)
            (-0.115385 0.023529 0.040754)
            (-0.115385 0.024359 -0.090911)
            (-0.115385 0.024359 0.090911)
            (-0.115385 0.024957 -0.024957)
            (-0.115385 0.024957 0.024957)
            (-0.115385 0.027404 -0.102274)
            (-0.115385 0.027404 0.102274)
            (-0.115385 0.029412 -0.050943)
            (-0.115385 0.029412 0.050943)
            (-0.115385 0.030449 -0.113638)
            (-0.115385 0.030449 0.113638)
            (-0.115385 0.030566 -0.017647)
            (-0.115385 0.030566 0.017647)
            (-0.115385 0.033276 -0.033276)
            (-0.115385 0.033276 0.033276)
            (-0.115385 0.033494 -0.125002)
            (-0.115385 0.033494 0.125002)
            (-0.115385 0.034091 -0.009135)
            (-0.115385 0.034091 0.009135)
            (-0.115385 0.035294 -0.061131)
            (-0.115385 0.035294 0.000000)
            (-0.115385 0.035294 0.061131)
            (-0.115385 0.036539 -0.136366)
            (-0.115385 0.036539 0.136366)
            (-0.115385 0.039584 -0.147730)
            (-0.115385 0.039584 0.147730)
            (-0.115385 0.040754 -0.023529)
            (-0.115385 0.040754 0.023529)
            (-0.115385 0.041176 -0.071320)
            (-0.115385 0.041176 0.071320)
            (-0.115385 0.041595 -0.041595)
            (-0.115385 0.041595 0.041595)
            (-0.115385 0.042629 -0.159094)
            (-0.115385 0.042629 0.159094)
            (-0.115385 0.045455 -0.012180)
            (-0.115385 0.045455 0.012180)
            (-0.115385 0.045674 -0.170457)
            (-0.115385 0.045674 0.170457)
            (-0.115385 0.047059 -0.081508)
            (-0.115385 0.047059 0.000000)
            (-0.115385 0.047059 0.081508)
            (-0.115385 0.048719 -0.181821)
            (-0.115385 0.048719 0.181821)
            (-0.115385 0.049913 -0.049913)
            (-0.115385 0.049913 0.049913)
            (-0.115385 0.050943 -0.029412)
            (-0.115385 0.050943 0.029412)
            (-0.115385 0.051764 -0.193185)
            (-0.115385 0.051764 0.193185)
            (-0.115385 0.052941 -0.091697)
            (-0.115385 0.052941 0.091697)
            (-0.115385 0.056819 -0.015225)
            (-0.115385 0.056819 0.015225)
            (-0.115385 0.058232 -0.058232)
            (-0.115385 0.058232 0.058232)
            (-0.115385 0.058824 -0.101885)
            (-0.115385 0.058824 0.000000)
            (-0.115385 0.058824 0.101885)
            (-0.115385 0.061131 -0.035294)
            (-0.115385 0.061131 0.035294)
            (-0.115385 0.064706 -0.112074)
            (-0.115385 0.064706 0.112074)
            (-0.115385 0.066551 -0.066551)
            (-0.115385 0.066551 0.066551)
            (-0.115385 0.068183 -0.018270)
            (-0.115385 0.068183 0.018270)
            (-0.115385 0.070588 -0.122262)
            (-0.115385 0.070588 0.000000)
            (-0.115385 0.070588 0.122262)
            (-0.115385 0.071320 -0.041176)
            (-0.115385 0.071320 0.041176)
            (-0.115385 0.074870 -0.074870)
            (-0.115385 0.074870 0.074870)
            (-0.115385 0.076471 -0.132451)
            (-0.115385 0.076471 0.132451)
            (-0.115385 0.079547 -0.021315)
            (-0.115385 0.079547 0.021315)
            (-0.115385 0.081508 -0.047059)
            (-0.115385 0.081508 0.047059)
            (-0.115385 0.082353 -0.142639)
            (-0.115385 0.082353 0.000000)
            (-0.115385 0.082353 0.142639)
            (-0.115385 0.083189 -0.083189)
            (-0.115385 0.083189 0.083189)
            (-0.115385 0.088235 -0.152828)
            (-0.115385 0.088235 0.152828)
            (-0.115385 0.090911 -0.024359)
            (-0.115385 0.090911 0.024359)
            (-0.115385 0.091508 -0.091508)
            (-0.115385 0.091508 0.091508)
            (-0.115385 0.091697 -0.052941)
            (-0.115385 0.091697 0.052941)
            (-0.115385 0.094118 -0.163017)
            (-0.115385 0.094118 0.000000)
            (-0.115385 0.094118 0.163017)
            (-0.115385 0.099827 -0.099827)
            (-0.115385 0.099827 0.099827)
            (-0.115385 0.100000 -0.173205)
            (-0.115385 0.100000 0.173205)
            (-0.115385 0.101885 -0.058824)
            (-0.115385 0.101885 0.058824)
            (-0.115385 0.102274 -0.027404)
            (-0.115385 0.102274 0.027404)
            (-0.115385 0.105882 0.000000)
            (-0.115385 0.108146 -0.108146)
            (-0.115385 0.108146 0.108146)
            (-0.115385 0.112074 -0.064706)
            (-0.115385 0.112074 0.064706)
            (-0.115385 0.113638 -0.030449)
            (-0.115385 0.113638 0.030449)
            (-0.115385 0.116465 -0.116465)
            (-0.115385 0.116465 0.116465)
            (-0.115385 0.117647 0.000000)
            (-0.115385 0.122262 -0.070588)
            (-0.115385 0.122262 0.070588)
            (-0.115385 0.124784 -0.124784)
            (-0.115385 0.124784 0.124784)
            (-0.115385 0.125002 -0.033494)
            (-0.115385 0.125002 0.033494)
            (-0.115385 0.129412 0.000000)
            (-0.115385 0.132451 -0.076471)
            (-0.115385 0.132451 0.076471)
            (-0.115385 0.133102 -0.133102)
            (-0.115385 0.133102 0.133102)
            (-0.115385 0.136366 -0.036539)
            (-0.115385 0.136366 0.036539)
            (-0.115385 0.141176 0.000000)
            (-0.115385 0.141421 -0.141421)
            (-0.115385 0.141421 0.141421)
            (-0.115385 0.142639 -0.082353)
            (-0.115385 0.142639 0.082353)
            (-0.115385 0.147730 -0.039584)
            (-0.115385 0.147730 0.039584)
            (-0.115385 0.152828 -0.088235)
            (-0.115385 0.152828 0.088235)
            (-0.115385 0.152941 0.000000)
            (-0.115385 0.159094 -0.042629)
            (-0.115385 0.159094 0.042629)
            (-0.115385 0.163017 -0.094118)
            (-0.115385 0.163017 0.094118)
            (-0.115385 0.164706 0.000000)
            (-0.115385 0.170457 -0.045674)
            (-0.115385 0.170457 0.045674)
            (-0.115385 0.173205 -0.100000)
            (-0.115385 0.173205 0.100000)
            (-0.115385 0.176471 0.000000)
            (-0.115385 0.181821 -0.048719)
            (-0.115385 0.181821 0.048719)
            (-0.115385 0.188235 0.000000)
            (-0.115385 0.193185 -0.051764)
            (-0.115385 0.193185 0.051764)
            (-0.115385 0.200000 0.000000)
            (-0.103846 -0.200000 0.000000)
            (-0.103846 -0.193185 -0.051764)
            (-0.103846 -0.193185 0.051764)
            (-0.103846 -0.188235 0.000000)
            (-0.103846 -0.181821 -0.048719)
            (-0.103846 -0.181821 0.048719)
            (-0.103846 -0.176471 0.000000)
            (-0.103846 -0.173205 -0.100000)
            (-0.103846 -0.173205 0.100000)
            (-0.103846 -0.170457 -0.045674)
            (-0.103846 -0.170457 0.045674)
            (-0.103846 -0.164706 0.000000)
            (-0.103846 -0.163017 -0.094118)
            (-0.103846 -0.163017 0.094118)
            (-0.103846 -0.159094 -0.042629)
            (-0.103846 -0.159094 0.042629)
            (-0.103846 -0.152941 0.000000)
            (-0.103846 -0.152828 -0.088235)
            (-0.103846 -0.152828 0.088235)
            (-0.103846 -0.147730 -0.039584)
            (-0.103846 -0.147730 0.039584)
            (-0.103846 -0.142639 -0.082353)
            (-0.103846 -0.142639 0.082353)
            (-0.103846 -0.141421 -0.141421)
            (-0.103846 -0.141421 0.141421)
            (-0.103846 -0.141176 0.000000)
            (-0.103846 -0.136366 -0.036539)
            (-0.103846 -0.136366 0.036539)
            (-0.103846 -0.133102 -0.133102)
            (-0.103846 -0.133102 0.133102)
            (-0.103846 -0.132451 -0.076471)
            (-0.103846 -0.132451 0.076471)
            (-0.103846 -0.129412 0.000000)
            (-0.103846 -0.125002 -0.033494)
            (-0.103846 -0.125002 0.033494)
            (-0.103846 -0.124784 -0.124784)
            (-0.103846 -0.124784 0.124784)
            (-0.103846 -0.122262 -0.070588)
            (-0.103846 -0.122262 0.070588)
            (-0.103846 -0.117647 0.000000)
            (-0.103846 -0.116465 -0.116465)
            (-0.103846 -0.116465 0.116465)
            (-0.103846 -0.113638 -0.030449)
            (-0.103846 -0.113638 0.030449)
            (-0.103846 -0.112074 -0.064706)
            (-0.103846 -0.112074 0.064706)
            (-0.103846 -0.108146 -0.108146)
            (-0.103846 -0.108146 0.108146)
            (-0.103846 -0.105882 0.000000)
            (-0.103846 -0.102274 -0.027404)
            (-0.103846 -0.102274 0.027404)
            (-0.103846 -0.101885 -0.058824)
            (-0.103846 -0.101885 0.058824)
            (-0.103846 -0.100000 -0.173205)
            (-0.103846 -0.100000 0.173205)
            (-0.103846 -0.099827 -0.099827)
            (-0.103846 -0.099827 0.099827)
            (-0.103846 -0.094118 -0.163017)
            (-0.103846 -0.094118 0.000000)
            (-0.103846 -0.094118 0.163017)
            (-0.103846 -0.091697 -0.052941)
            (-0.103846 -0.091697 0.052941)
            (-0.103846 -0.091508 -0.091508)
            (-0.103846 -0.091508 0.091508)
            (-0.103846 -0.090911 -0.024359)
            (-0.103846 -0.090911 0.024359)
            (-0.103846 -0.088235 -0.152828)
            (-0.103846 -0.088235 0.152828)
            (-0.103846 -0.083189 -0.083189)
            (-0.103846 -0.083189 0.083189)
            (-0.103846 -0.082353 -0.142639)
            (-0.103846 -0.082353 0.000000)
            (-0.103846 -0.082353 0.142639)
            (-0.103846 -0.081508 -0.047059)
            (-0.103846 -0.081508 0.047059)
            (-0.103846 -0.079547 -0.021315)
            (-0.103846 -0.079547 0.021315)
            (-0.103846 -0.076471 -0.132451)
            (-0.103846 -0.076471 0.132451)
            (-0.103846 -0.074870 -0.074870)
            (-0.103846 -0.074870 0.074870)
            (-0.103846 -0.071320 -0.041176)
            (-0.103846 -0.071320 0.041176)
            (-0.103846 -0.070588 -0.122262)
            (-0.103846 -0.070588 0.000000)
            (-0.103846 -0.070588 0.122262)
            (-0.103846 -0.068183 -0.018270)
            (-0.103846 -0.068183 0.018270)
            (-0.103846 -0.066551 -0.066551)
            (-0.103846 -0.066551 0.066551)
            (-0.103846 -0.064706 -0.112074)
            (-0.103846 -0.064706 0.112074)
            (-0.103846 -0.061131 -0.035294)
            (-0.103846 -0.061131 0.035294)
            (-0.103846 -0.058824 -0.101885)
            (-0.103846 -0.058824 0.000000)
            (-0.103846 -0.058824 0.101885)
            (-0.103846 -0.058232 -0.058232)
            (-0.103846 -0.058232 0.058232)
            (-0.103846 -0.056819 -0.015225)
            (-0.103846 -0.056819 0.015225)
            (-0.103846 -0.052941 -0.091697)
            (-0.103846 -0.052941 0.091697)
            (-0.103846 -0.051764 -0.193185)
            (-0.103846 -0.051764 0.193185)
            (-0.103846 -0.050943 -0.029412)
            (-0.103846 -0.050943 0.029412)
            (-0.103846 -0.049913 -0.049913)
            (-0.103846 -0.049913 0.049913)
            (-0.103846 -0.048719 -0.181821)
            (-0.103846 -0.048719 0.181821)
            (-0.103846 -0.047059 -0.081508)
            (-0.103846 -0.047059 0.000000)
            (-0.103846 -0.047059 0.081508)
            (-0.103846 -0.045674 -0.170457)
            (-0.103846 -0.045674 0.170457)
            (-0.103846 -0.045455 -0.012180)
            (-0.103846 -0.045455 0.012180)
            (-0.103846 -0.042629 -0.159094)
            (-0.103846 -0.042629 0.159094)
            (-0.103846 -0.041595 -0.041595)
            (-0.103846 -0.041595 0.041595)
            (-0.103846 -0.041176 -0.071320)
            (-0.103846 -0.041176 0.071320)
            (-0.103846 -0.040754 -0.023529)
            (-0.103846 -0.040754 0.023529)
            (-0.103846 -0.039584 -0.147730)
            (-0.103846 -0.039584 0.147730)
            (-0.103846 -0.036539 -0.136366)
            (-0.103846 -0.036539 0.136366)
            (-0.103846 -0.035294 -0.061131)
            (-0.103846 -0.035294 0.000000)
            (-0.103846 -0.035294 0.061131)
            (-0.103846 -0.034091 -0.009135)
            (-0.103846 -0.034091 0.009135)
            (-0.103846 -0.033494 -0.125002)
            (-0.103846 -0.033494 0.125002)
            (-0.103846 -0.033276 -0.033276)
            (-0.103846 -0.033276 0.033276)
            (-0.103846 -0.030566 -0.017647)
            (-0.103846 -0.030566 0.017647)
            (-0.103846 -0.030449 -0.113638)
            (-0.103846 -0.030449 0.113638)
            (-0.103846 -0.029412 -0.050943)
            (-0.103846 -0.029412 0.050943)
            (-0.103846 -0.027404 -0.102274)
            (-0.103846 -0.027404 0.102274)
            (-0.103846 -0.024957 -0.024957)
            (-0.103846 -0.024957 0.024957)
            (-0.103846 -0.024359 -0.090911)
            (-0.103846 -0.024359 0.090911)
            (-0.103846 -0.023529 -0.040754)
            (-0.103846 -0.023529 0.000000)
            (-0.103846 -0.023529 0.040754)
            (-0.103846 -0.022728 -0.006090)
            (-0.103846 -0.022728 0.006090)
            (-0.103846 -0.021315 -0.079547)
            (-0.103846 -0.021315 0.079547)
            (-0.103846 -0.020377 -0.011765)
            (-0.103846 -0.020377 0.011765)
            (-0.103846 -0.018270 -0.068183)
            (-0.103846 -0.018270 0.068183)
            (-0.103846 -0.017647 -0.030566)
            (-0.103846 -0.017647 0.030566)
            (-0.103846 -0.016638 -0.016638)
            (-0.103846 -0.016638 0.016638)
            (-0.103846 -0.015225 -0.056819)
            (-0.103846 -0.015225 0.056819)
            (-0.103846 -0.012180 -0.045455)
            (-0.103846 -0.012180 0.045455)
            (-0.103846 -0.011765 -0.020377)
            (-0.103846 -0.011765 0.000000)
            (-0.103846 -0.011765 0.020377)
            (-0.103846 -0.011364 -0.003045)
            (-0.103846 -0.011364 0.003045)
            (-0.103846 -0.010189 -0.005882)
            (-0.103846 -0.010189 0.005882)
            (-0.103846 -0.009135 -0.034091)
            (-0.103846 -0.009135 0.034091)
            (-0.103846 -0.008319 -0.008319)
            (-0.103846 -0.008319 0.008319)
            (-0.103846 -0.006090 -0.022728)
            (-0.103846 -0.006090 0.022728)
            (-0.103846 -0.005882 -0.010189)
            (-0.103846 -0.005882 0.010189)
            (-0.103846 -0.003045 -0.011364)
            (-0.103846 -0.003045 0.011364)
            (-0.103846 -0.000000 -0.200000)
            (-0.103846 -0.000000 -0.188235)
            (-0.103846 -0.000000 -0.176471)
            (-0.103846 -0.000000 -0.164706)
            (-0.103846 -0.000000 -0.152941)
            (-0.103846 -0.000000 -0.141176)
            (-0.103846 -0.000000 -0.129412)
            (-0.103846 -0.000000 -0.117647)
            (-0.103846 -0.000000 -0.105882)
            (-0.103846 -0.000000 -0.094118)
            (-0.103846 -0.000000 -0.082353)
            (-0.103846 -0.000000 -0.070588)
            (-0.103846 -0.000000 -0.058824)
            (-0.103846 -0.000000 -0.047059)
            (-0.103846 -0.000000 -0.035294)
            (-0.103846 -0.000000 -0.023529)
            (-0.103846 -0.000000 -0.011765)
            (-0.103846 0.000000 -0.000000)
            (-0.103846 0.000000 0.011765)
            (-0.103846 0.000000 0.023529)
            (-0.103846 0.000000 0.035294)
            (-0.103846 0.000000 0.047059)
            (-0.103846 0.000000 0.058824)
            (-0.103846 0.000000 0.070588)
            (-0.103846 0.000000 0.082353)
            (-0.103846 0.000000 0.094118)
            (-0.103846 0.000000 0.105882)
            (-0.103846 0.000000 0.117647)
            (-0.103846 0.000000 0.129412)
            (-0.103846 0.000000 0.141176)
            (-0.103846 0.000000 0.152941)
            (-0.103846 0.000000 0.164706)
            (-0.103846 0.000000 0.176471)
            (-0.103846 0.000000 0.188235)
            (-0.103846 0.000000 0.200000)
            (-0.103846 0.003045 -0.011364)
            (-0.103846 0.003045 0.011364)
            (-0.103846 0.005882 -0.010189)
            (-0.103846 0.005882 0.010189)
            (-0.103846 0.006090 -0.022728)
            (-0.103846 0.006090 0.022728)
            (-0.103846 0.008319 -0.008319)
            (-0.103846 0.008319 0.008319)
            (-0.103846 0.009135 -0.034091)
            (-0.103846 0.009135 0.034091)
            (-0.103846 0.010189 -0.005882)
            (-0.103846 0.010189 0.005882)
            (-0.103846 0.011364 -0.003045)
            (-0.103846 0.011364 0.003045)
            (-0.103846 0.011765 -0.020377)
            (-0.103846 0.011765 0.000000)
            (-0.103846 0.011765 0.020377)
            (-0.103846 0.012180 -0.045455)
            (-0.103846 0.012180 0.045455)
            (-0.103846 0.015225 -0.056819)
            (-0.103846 0.015225 0.056819)
            (-0.103846 0.016638 -0.016638)
            (-0.103846 0.016638 0.016638)
            (-0.103846 0.017647 -0.030566)
            (-0.103846 0.017647 0.030566)
            (-0.103846 0.018270 -0.068183)
            (-0.103846 0.018270 0.068183)
            (-0.103846 0.020377 -0.011765)
            (-0.103846 0.020377 0.011765)
            (-0.103846 0.021315 -0.079547)
            (-0.103846 0.021315 0.079547)
            (-0.103846 0.022728 -0.006090)
            (-0.103846 0.022728 0.006090)
            (-0.103846 0.023529 -0.040754)
            (-0.103846 0.023529 0.000000)
            (-0.103846 0.023529 0.040754)
            (-0.103846 0.024359 -0.090911)
            (-0.103846 0.024359 0.090911)
            (-0.103846 0.024957 -0.024957)
            (-0.103846 0.024957 0.024957)
            (-0.103846 0.027404 -0.102274)
            (-0.103846 0.027404 0.102274)
            (-0.103846 0.029412 -0.050943)
            (-0.103846 0.029412 0.050943)
            (-0.103846 0.030449 -0.113638)
            (-0.103846 0.030449 0.113638)
            (-0.103846 0.030566 -0.017647)
            (-0.103846 0.030566 0.017647)
            (-0.103846 0.033276 -0.033276)
            (-0.103846 0.033276 0.033276)
            (-0.103846 0.033494 -0.125002)
            (-0.103846 0.033494 0.125002)
            (-0.103846 0.034091 -0.009135)
            (-0.103846 0.034091 0.009135)
            (-0.103846 0.035294 -0.061131)
            (-0.103846 0.035294 0.000000)
            (-0.103846 0.035294 0.061131)
            (-0.103846 0.036539 -0.136366)
            (-0.103846 0.036539 0.136366)
            (-0.103846 0.039584 -0.147730)
            (-0.103846 0.039584 0.147730)
            (-0.103846 0.040754 -0.023529)
            (-0.103846 0.040754 0.023529)
            (-0.103846 0.041176 -0.071320)
            (-0.103846 0.041176 0.071320)
            (-0.103846 0.041595 -0.041595)
            (-0.103846 0.041595 0.041595)
            (-0.103846 0.042629 -0.159094)
            (-0.103846 0.042629 0.159094)
            (-0.103846 0.045455 -0.012180)
            (-0.103846 0.045455 0.012180)
            (-0.103846 0.045674 -0.170457)
            (-0.103846 0.045674 0.170457)
            (-0.103846 0.047059 -0.081508)
            (-0.103846 0.047059 0.000000)
            (-0.103846 0.047059 0.081508)
            (-0.103846 0.048719 -0.181821)
            (-0.103846 0.048719 0.181821)
            (-0.103846 0.049913 -0.049913)
            (-0.103846 0.049913 0.049913)
            (-0.103846 0.050943 -0.029412)
            (-0.103846 0.050943 0.029412)
            (-0.103846 0.051764 -0.193185)
            (-0.103846 0.051764 0.193185)
            (-0.103846 0.052941 -0.091697)
            (-0.103846 0.052941 0.091697)
            (-0.103846 0.056819 -0.015225)
            (-0.103846 0.056819 0.015225)
            (-0.103846 0.058232 -0.058232)
            (-0.103846 0.058232 0.058232)
            (-0.103846 0.058824 -0.101885)
            (-0.103846 0.058824 0.000000)
            (-0.103846 0.058824 0.101885)
            (-0.103846 0.061131 -0.035294)
            (-0.103846 0.061131 0.035294)
            (-0.103846 0.064706 -0.112074)
            (-0.103846 0.064706 0.112074)
            (-0.103846 0.066551 -0.066551)
            (-0.103846 0.066551 0.066551)
            (-0.103846 0.068183 -0.018270)
            (-0.103846 0.068183 0.018270)
            (-0.103846 0.070588 -0.122262)
            (-0.103846 0.070588 0.000000)
            (-0.103846 0.070588 0.122262)
            (-0.103846 0.071320 -0.041176)
            (-0.103846 0.071320 0.041176)
            (-0.103846 0.074870 -0.074870)
            (-0.103846 0.074870 0.074870)
            (-0.103846 0.076471 -0.132451)
            (-0.103846 0.076471 0.132451)
            (-0.103846 0.079547 -0.021315)
            (-0.103846 0.079547 0.021315)
            (-0.103846 0.081508 -0.047059)
            (-0.103846 0.081508 0.047059)
            (-0.103846 0.082353 -0.142639)
            (-0.103846 0.082353 0.000000)
            (-0.103846 0.082353 0.142639)
            (-0.103846 0.083189 -0.083189)
            (-0.103846 0.083189 0.083189)
            (-0.103846 0.088235 -0.152828)
            (-0.103846 0.088235 0.152828)
            (-0.103846 0.090911 -0.024359)
            (-0.103846 0.090911 0.024359)
            (-0.103846 0.091508 -0.091508)
            (-0.103846 0.091508 0.091508)
            (-0.103846 0.091697 -0.052941)
            (-0.103846 0.091697 0.052941)
            (-0.103846 0.094118 -0.163017)
            (-0.103846 0.094118 0.000000)
            (-0.103846 0.094118 0.163017)
            (-0.103846 0.099827 -0.099827)
            (-0.103846 0.099827 0.099827)
            (-0.103846 0.100000 -0.173205)
            (-0.103846 0.100000 0.173205)
            (-0.103846 0.101885 -0.058824)
            (-0.103846 0.101885 0.058824)
            (-0.103846 0.102274 -0.027404)
            (-0.103846 0.102274 0.027404)
            (-0.103846 0.105882 0.000000)
            (-0.103846 0.108146 -0.108146)
            (-0.103846 0.108146 0.108146)
            (-0.103846 0.112074 -0.064706)
            (-0.103846 0.112074 0.064706)
            (-0.103846 0.113638 -0.030449)
            (-0.103846 0.113638 0.030449)
            (-0.103846 0.116465 -0.116465)
            (-0.103846 0.116465 0.116465)
            (-0.103846 0.117647 0.000000)
            (-0.103846 0.122262 -0.070588)
            (-0.103846 0.122262 0.070588)
            (-0.103846 0.124784 -0.124784)
            (-0.103846 0.124784 0.124784)
            (-0.103846 0.125002 -0.033494)
            (-0.103846 0.125002 0.033494)
            (-0.103846 0.129412 0.000000)
            (-0.103846 0.132451 -0.076471)
            (-0.103846 0.132451 0.076471)
            (-0.103846 0.133102 -0.133102)
            (-0.103846 0.133102 0.133102)
            (-0.103846 0.136366 -0.036539)
            (-0.103846 0.136366 0.036539)
            (-0.103846 0.141176 0.000000)
            (-0.103846 0.141421 -0.141421)
            (-0.103846 0.141421 0.141421)
            (-0.103846 0.142639 -0.082353)
            (-0.103846 0.142639 0.082353)
            (-0.103846 0.147730 -0.039584)
            (-0.103846 0.147730 0.039584)
            (-0.103846 0.152828 -0.088235)
            (-0.103846 0.152828 0.088235)
            (-0.103846 0.152941 0.000000)
            (-0.103846 0.159094 -0.042629)
            (-0.103846 0.159094 0.042629)
            (-0.103846 0.163017 -0.094118)
            (-0.103846 0.163017 0.094118)
            (-0.103846 0.164706 0.000000)
            (-0.103846 0.170457 -0.045674)
            (-0.103846 0.170457 0.045674)
            (-0.103846 0.173205 -0.100000)
            (-0.103846 0.173205 0.100000)
            (-0.103846 0.176471 0.000000)
            (-0.103846 0.181821 -0.048719)
            (-0.103846 0.181821 0.048719)
            (-0.103846 0.188235 0.000000)
            (-0.103846 0.193185 -0.051764)
            (-0.103846 0.193185 0.051764)
            (-0.103846 0.200000 0.000000)
            (-0.092308 -0.200000 0.000000)
            (-0.092308 -0.193185 -0.051764)
            (-0.092308 -0.193185 0.051764)
            (-0.092308 -0.188235 0.000000)
            (-0.092308 -0.181821 -0.048719)
            (-0.092308 -0.181821 0.048719)
            (-0.092308 -0.176471 0.000000)
            (-0.092308 -0.173205 -0.100000)
            (-0.092308 -0.173205 0.100000)
            (-0.092308 -0.170457 -0.045674)
            (-0.092308 -0.170457 0.045674)
            (-0.092308 -0.164706 0.000000)
            (-0.092308 -0.163017 -0.094118)
            (-0.092308 -0.163017 0.094118)
            (-0.092308 -0.159094 -0.042629)
            (-0.092308 -0.159094 0.042629)
            (-0.092308 -0.152941 0.000000)
            (-0.092308 -0.152828 -0.088235)
            (-0.092308 -0.152828 0.088235)
            (-0.092308 -0.147730 -0.039584)
            (-0.092308 -0.147730 0.039584)
            (-0.092308 -0.142639 -0.082353)
            (-0.092308 -0.142639 0.082353)
            (-0.092308 -0.141421 -0.141421)
            (-0.092308 -0.141421 0.141421)
            (-0.092308 -0.141176 0.000000)
            (-0.092308 -0.136366 -0.036539)
            (-0.092308 -0.136366 0.036539)
            (-0.092308 -0.133102 -0.133102)
            (-0.092308 -0.133102 0.133102)
            (-0.092308 -0.132451 -0.076471)
            (-0.092308 -0.132451 0.076471)
            (-0.092308 -0.129412 0.000000)
            (-0.092308 -0.125002 -0.033494)
            (-0.092308 -0.125002 0.033494)
            (-0.092308 -0.124784 -0.124784)
            (-0.092308 -0.124784 0.124784)
            (-0.092308 -0.122262 -0.070588)
            (-0.092308 -0.122262 0.070588)
            (-0.092308 -0.117647 0.000000)
            (-0.092308 -0.116465 -0.116465)
            (-0.092308 -0.116465 0.116465)
            (-0.092308 -0.113638 -0.030449)
            (-0.092308 -0.113638 0.030449)
            (-0.092308 -0.112074 -0.064706)
            (-0.092308 -0.112074 0.064706)
            (-0.092308 -0.108146 -0.108146)
            (-0.092308 -0.108146 0.108146)
            (-0.092308 -0.105882 0.000000)
            (-0.092308 -0.102274 -0.027404)
            (-0.092308 -0.102274 0.027404)
            (-0.092308 -0.101885 -0.058824)
            (-0.092308 -0.101885 0.058824)
            (-0.092308 -0.100000 -0.173205)
            (-0.092308 -0.100000 0.173205)
            (-0.092308 -0.099827 -0.099827)
            (-0.092308 -0.099827 0.099827)
            (-0.092308 -0.094118 -0.163017)
            (-0.092308 -0.094118 0.000000)
            (-0.092308 -0.094118 0.163017)
            (-0.092308 -0.091697 -0.052941)
            (-0.092308 -0.091697 0.052941)
            (-0.092308 -0.091508 -0.091508)
            (-0.092308 -0.091508 0.091508)
            (-0.092308 -0.090911 -0.024359)
            (-0.092308 -0.090911 0.024359)
            (-0.092308 -0.088235 -0.152828)
            (-0.092308 -0.088235 0.152828)
            (-0.092308 -0.083189 -0.083189)
            (-0.092308 -0.083189 0.083189)
            (-0.092308 -0.082353 -0.142639)
            (-0.092308 -0.082353 0.000000)
            (-0.092308 -0.082353 0.142639)
            (-0.092308 -0.081508 -0.047059)
            (-0.092308 -0.081508 0.047059)
            (-0.092308 -0.079547 -0.021315)
            (-0.092308 -0.079547 0.021315)
            (-0.092308 -0.076471 -0.132451)
            (-0.092308 -0.076471 0.132451)
            (-0.092308 -0.074870 -0.074870)
            (-0.092308 -0.074870 0.074870)
            (-0.092308 -0.071320 -0.041176)
            (-0.092308 -0.071320 0.041176)
            (-0.092308 -0.070588 -0.122262)
            (-0.092308 -0.070588 0.000000)
            (-0.092308 -0.070588 0.122262)
            (-0.092308 -0.068183 -0.018270)
            (-0.092308 -0.068183 0.018270)
            (-0.092308 -0.066551 -0.066551)
            (-0.092308 -0.066551 0.066551)
            (-0.092308 -0.064706 -0.112074)
            (-0.092308 -0.064706 0.112074)
            (-0.092308 -0.061131 -0.035294)
            (-0.092308 -0.061131 0.035294)
            (-0.092308 -0.058824 -0.101885)
            (-0.092308 -0.058824 0.000000)
            (-0.092308 -0.058824 0.101885)
            (-0.092308 -0.058232 -0.058232)
            (-0.092308 -0.058232 0.058232)
            (-0.092308 -0.056819 -0.015225)
            (-0.092308 -0.056819 0.015225)
            (-0.092308 -0.052941 -0.091697)
            (-0.092308 -0.052941 0.091697)
            (-0.092308 -0.051764 -0.193185)
            (-0.092308 -0.051764 0.193185)
            (-0.092308 -0.050943 -0.029412)
            (-0.092308 -0.050943 0.029412)
            (-0.092308 -0.049913 -0.049913)
            (-0.092308 -0.049913 0.049913)
            (-0.092308 -0.048719 -0.181821)
            (-0.092308 -0.048719 0.181821)
            (-0.092308 -0.047059 -0.081508)
            (-0.092308 -0.047059 0.000000)
            (-0.092308 -0.047059 0.081508)
            (-0.092308 -0.045674 -0.170457)
            (-0.092308 -0.045674 0.170457)
            (-0.092308 -0.045455 -0.012180)
            (-0.092308 -0.045455 0.012180)
            (-0.092308 -0.042629 -0.159094)
            (-0.092308 -0.042629 0.159094)
            (-0.092308 -0.041595 -0.041595)
            (-0.092308 -0.041595 0.041595)
            (-0.092308 -0.041176 -0.071320)
            (-0.092308 -0.041176 0.071320)
            (-0.092308 -0.040754 -0.023529)
            (-0.092308 -0.040754 0.023529)
            (-0.092308 -0.039584 -0.147730)
            (-0.092308 -0.039584 0.147730)
            (-0.092308 -0.036539 -0.136366)
            (-0.092308 -0.036539 0.136366)
            (-0.092308 -0.035294 -0.061131)
            (-0.092308 -0.035294 0.000000)
            (-0.092308 -0.035294 0.061131)
            (-0.092308 -0.034091 -0.009135)
            (-0.092308 -0.034091 0.009135)
            (-0.092308 -0.033494 -0.125002)
            (-0.092308 -0.033494 0.125002)
            (-0.092308 -0.033276 -0.033276)
            (-0.092308 -0.033276 0.033276)
            (-0.092308 -0.030566 -0.017647)
            (-0.092308 -0.030566 0.017647)
            (-0.092308 -0.030449 -0.113638)
            (-0.092308 -0.030449 0.113638)
            (-0.092308 -0.029412 -0.050943)
            (-0.092308 -0.029412 0.050943)
            (-0.092308 -0.027404 -0.102274)
            (-0.092308 -0.027404 0.102274)
            (-0.092308 -0.024957 -0.024957)
            (-0.092308 -0.024957 0.024957)
            (-0.092308 -0.024359 -0.090911)
            (-0.092308 -0.024359 0.090911)
            (-0.092308 -0.023529 -0.040754)
            (-0.092308 -0.023529 0.000000)
            (-0.092308 -0.023529 0.040754)
            (-0.092308 -0.022728 -0.006090)
            (-0.092308 -0.022728 0.006090)
            (-0.092308 -0.021315 -0.079547)
            (-0.092308 -0.021315 0.079547)
            (-0.092308 -0.020377 -0.011765)
            (-0.092308 -0.020377 0.011765)
            (-0.092308 -0.018270 -0.068183)
            (-0.092308 -0.018270 0.068183)
            (-0.092308 -0.017647 -0.030566)
            (-0.092308 -0.017647 0.030566)
            (-0.092308 -0.016638 -0.016638)
            (-0.092308 -0.016638 0.016638)
            (-0.092308 -0.015225 -0.056819)
            (-0.092308 -0.015225 0.056819)
            (-0.092308 -0.012180 -0.045455)
            (-0.092308 -0.012180 0.045455)
            (-0.092308 -0.011765 -0.020377)
            (-0.092308 -0.011765 0.000000)
            (-0.092308 -0.011765 0.020377)
            (-0.092308 -0.011364 -0.003045)
            (-0.092308 -0.011364 0.003045)
            (-0.092308 -0.010189 -0.005882)
            (-0.092308 -0.010189 0.005882)
            (-0.092308 -0.009135 -0.034091)
            (-0.092308 -0.009135 0.034091)
            (-0.092308 -0.008319 -0.008319)
            (-0.092308 -0.008319 0.008319)
            (-0.092308 -0.006090 -0.022728)
            (-0.092308 -0.006090 0.022728)
            (-0.092308 -0.005882 -0.010189)
            (-0.092308 -0.005882 0.010189)
            (-0.092308 -0.003045 -0.011364)
            (-0.092308 -0.003045 0.011364)
            (-0.092308 -0.000000 -0.200000)
            (-0.092308 -0.000000 -0.188235)
            (-0.092308 -0.000000 -0.176471)
            (-0.092308 -0.000000 -0.164706)
            (-0.092308 -0.000000 -0.152941)
            (-0.092308 -0.000000 -0.141176)
            (-0.092308 -0.000000 -0.129412)
            (-0.092308 -0.000000 -0.117647)
            (-0.092308 -0.000000 -0.105882)
            (-0.092308 -0.000000 -0.094118)
            (-0.092308 -0.000000 -0.082353)
            (-0.092308 -0.000000 -0.070588)
            (-0.092308 -0.000000 -0.058824)
            (-0.092308 -0.000000 -0.047059)
            (-0.092308 -0.000000 -0.035294)
            (-0.092308 -0.000000 -0.023529)
            (-0.092308 -0.000000 -0.011765)
            (-0.092308 0.000000 0.000000)
            (-0.092308 0.000000 0.011765)
            (-0.092308 0.000000 0.023529)
            (-0.092308 0.000000 0.035294)
            (-0.092308 0.000000 0.047059)
            (-0.092308 0.000000 0.058824)
            (-0.092308 0.000000 0.070588)
            (-0.092308 0.000000 0.082353)
            (-0.092308 0.000000 0.094118)
            (-0.092308 0.000000 0.105882)
            (-0.092308 0.000000 0.117647)
            (-0.092308 0.000000 0.129412)
            (-0.092308 0.000000 0.141176)
            (-0.092308 0.000000 0.152941)
            (-0.092308 0.000000 0.164706)
            (-0.092308 0.000000 0.176471)
            (-0.092308 0.000000 0.188235)
            (-0.092308 0.000000 0.200000)
            (-0.092308 0.003045 -0.011364)
            (-0.092308 0.003045 0.011364)
            (-0.092308 0.005882 -0.010189)
            (-0.092308 0.005882 0.010189)
            (-0.092308 0.006090 -0.022728)
            (-0.092308 0.006090 0.022728)
            (-0.092308 0.008319 -0.008319)
            (-0.092308 0.008319 0.008319)
            (-0.092308 0.009135 -0.034091)
            (-0.092308 0.009135 0.034091)
            (-0.092308 0.010189 -0.005882)
            (-0.092308 0.010189 0.005882)
            (-0.092308 0.011364 -0.003045)
            (-0.092308 0.011364 0.003045)
            (-0.092308 0.011765 -0.020377)
            (-0.092308 0.011765 0.000000)
            (-0.092308 0.011765 0.020377)
            (-0.092308 0.012180 -0.045455)
            (-0.092308 0.012180 0.045455)
            (-0.092308 0.015225 -0.056819)
            (-0.092308 0.015225 0.056819)
            (-0.092308 0.016638 -0.016638)
            (-0.092308 0.016638 0.016638)
            (-0.092308 0.017647 -0.030566)
            (-0.092308 0.017647 0.030566)
            (-0.092308 0.018270 -0.068183)
            (-0.092308 0.018270 0.068183)
            (-0.092308 0.020377 -0.011765)
            (-0.092308 0.020377 0.011765)
            (-0.092308 0.021315 -0.079547)
            (-0.092308 0.021315 0.079547)
            (-0.092308 0.022728 -0.006090)
            (-0.092308 0.022728 0.006090)
            (-0.092308 0.023529 -0.040754)
            (-0.092308 0.023529 0.000000)
            (-0.092308 0.023529 0.040754)
            (-0.092308 0.024359 -0.090911)
            (-0.092308 0.024359 0.090911)
            (-0.092308 0.024957 -0.024957)
            (-0.092308 0.024957 0.024957)
            (-0.092308 0.027404 -0.102274)
            (-0.092308 0.027404 0.102274)
            (-0.092308 0.029412 -0.050943)
            (-0.092308 0.029412 0.050943)
            (-0.092308 0.030449 -0.113638)
            (-0.092308 0.030449 0.113638)
            (-0.092308 0.030566 -0.017647)
            (-0.092308 0.030566 0.017647)
            (-0.092308 0.033276 -0.033276)
            (-0.092308 0.033276 0.033276)
            (-0.092308 0.033494 -0.125002)
            (-0.092308 0.033494 0.125002)
            (-0.092308 0.034091 -0.009135)
            (-0.092308 0.034091 0.009135)
            (-0.092308 0.035294 -0.061131)
            (-0.092308 0.035294 0.000000)
            (-0.092308 0.035294 0.061131)
            (-0.092308 0.036539 -0.136366)
            (-0.092308 0.036539 0.136366)
            (-0.092308 0.039584 -0.147730)
            (-0.092308 0.039584 0.147730)
            (-0.092308 0.040754 -0.023529)
            (-0.092308 0.040754 0.023529)
            (-0.092308 0.041176 -0.071320)
            (-0.092308 0.041176 0.071320)
            (-0.092308 0.041595 -0.041595)
            (-0.092308 0.041595 0.041595)
            (-0.092308 0.042629 -0.159094)
            (-0.092308 0.042629 0.159094)
            (-0.092308 0.045455 -0.012180)
            (-0.092308 0.045455 0.012180)
            (-0.092308 0.045674 -0.170457)
            (-0.092308 0.045674 0.170457)
            (-0.092308 0.047059 -0.081508)
            (-0.092308 0.047059 0.000000)
            (-0.092308 0.047059 0.081508)
            (-0.092308 0.048719 -0.181821)
            (-0.092308 0.048719 0.181821)
            (-0.092308 0.049913 -0.049913)
            (-0.092308 0.049913 0.049913)
            (-0.092308 0.050943 -0.029412)
            (-0.092308 0.050943 0.029412)
            (-0.092308 0.051764 -0.193185)
            (-0.092308 0.051764 0.193185)
            (-0.092308 0.052941 -0.091697)
            (-0.092308 0.052941 0.091697)
            (-0.092308 0.056819 -0.015225)
            (-0.092308 0.056819 0.015225)
            (-0.092308 0.058232 -0.058232)
            (-0.092308 0.058232 0.058232)
            (-0.092308 0.058824 -0.101885)
            (-0.092308 0.058824 0.000000)
            (-0.092308 0.058824 0.101885)
            (-0.092308 0.061131 -0.035294)
            (-0.092308 0.061131 0.035294)
            (-0.092308 0.064706 -0.112074)
            (-0.092308 0.064706 0.112074)
            (-0.092308 0.066551 -0.066551)
            (-0.092308 0.066551 0.066551)
            (-0.092308 0.068183 -0.018270)
            (-0.092308 0.068183 0.018270)
            (-0.092308 0.070588 -0.122262)
            (-0.092308 0.070588 0.000000)
            (-0.092308 0.070588 0.122262)
            (-0.092308 0.071320 -0.041176)
            (-0.092308 0.071320 0.041176)
            (-0.092308 0.074870 -0.074870)
            (-0.092308 0.074870 0.074870)
            (-0.092308 0.076471 -0.132451)
            (-0.092308 0.076471 0.132451)
            (-0.092308 0.079547 -0.021315)
            (-0.092308 0.079547 0.021315)
            (-0.092308 0.081508 -0.047059)
            (-0.092308 0.081508 0.047059)
            (-0.092308 0.082353 -0.142639)
            (-0.092308 0.082353 0.000000)
            (-0.092308 0.082353 0.142639)
            (-0.092308 0.083189 -0.083189)
            (-0.092308 0.083189 0.083189)
            (-0.092308 0.088235 -0.152828)
            (-0.092308 0.088235 0.152828)
            (-0.092308 0.090911 -0.024359)
            (-0.092308 0.090911 0.024359)
            (-0.092308 0.091508 -0.091508)
            (-0.092308 0.091508 0.091508)
            (-0.092308 0.091697 -0.052941)
            (-0.092308 0.091697 0.052941)
            (-0.092308 0.094118 -0.163017)
            (-0.092308 0.094118 0.000000)
            (-0.092308 0.094118 0.163017)
            (-0.092308 0.099827 -0.099827)
            (-0.092308 0.099827 0.099827)
            (-0.092308 0.100000 -0.173205)
            (-0.092308 0.100000 0.173205)
            (-0.092308 0.101885 -0.058824)
            (-0.092308 0.101885 0.058824)
            (-0.092308 0.102274 -0.027404)
            (-0.092308 0.102274 0.027404)
            (-0.092308 0.105882 0.000000)
            (-0.092308 0.108146 -0.108146)
            (-0.092308 0.108146 0.108146)
            (-0.092308 0.112074 -0.064706)
            (-0.092308 0.112074 0.064706)
            (-0.092308 0.113638 -0.030449)
            (-0.092308 0.113638 0.030449)
            (-0.092308 0.116465 -0.116465)
            (-0.092308 0.116465 0.116465)
            (-0.092308 0.117647 0.000000)
            (-0.092308 0.122262 -0.070588)
            (-0.092308 0.122262 0.070588)
            (-0.092308 0.124784 -0.124784)
            (-0.092308 0.124784 0.124784)
            (-0.092308 0.125002 -0.033494)
            (-0.092308 0.125002 0.033494)
            (-0.092308 0.129412 0.000000)
            (-0.092308 0.132451 -0.076471)
            (-0.092308 0.132451 0.076471)
            (-0.092308 0.133102 -0.133102)
            (-0.092308 0.133102 0.133102)
            (-0.092308 0.136366 -0.036539)
            (-0.092308 0.136366 0.036539)
            (-0.092308 0.141176 0.000000)
            (-0.092308 0.141421 -0.141421)
            (-0.092308 0.141421 0.141421)
            (-0.092308 0.142639 -0.082353)
            (-0.092308 0.142639 0.082353)
            (-0.092308 0.147730 -0.039584)
            (-0.092308 0.147730 0.039584)
            (-0.092308 0.152828 -0.088235)
            (-0.092308 0.152828 0.088235)
            (-0.092308 0.152941 0.000000)
            (-0.092308 0.159094 -0.042629)
            (-0.092308 0.159094 0.042629)
            (-0.092308 0.163017 -0.094118)
            (-0.092308 0.163017 0.094118)
            (-0.092308 0.164706 0.000000)
            (-0.092308 0.170457 -0.045674)
            (-0.092308 0.170457 0.045674)
            (-0.092308 0.173205 -0.100000)
            (-0.092308 0.173205 0.100000)
            (-0.092308 0.176471 0.000000)
            (-0.092308 0.181821 -0.048719)
            (-0.092308 0.181821 0.048719)
            (-0.092308 0.188235 0.000000)
            (-0.092308 0.193185 -0.051764)
            (-0.092308 0.193185 0.051764)
            (-0.092308 0.200000 0.000000)
            (-0.080769 -0.200000 0.000000)
            (-0.080769 -0.193185 -0.051764)
            (-0.080769 -0.193185 0.051764)
            (-0.080769 -0.188235 0.000000)
            (-0.080769 -0.181821 -0.048719)
            (-0.080769 -0.181821 0.048719)
            (-0.080769 -0.176471 0.000000)
            (-0.080769 -0.173205 -0.100000)
            (-0.080769 -0.173205 0.100000)
            (-0.080769 -0.170457 -0.045674)
            (-0.080769 -0.170457 0.045674)
            (-0.080769 -0.164706 0.000000)
            (-0.080769 -0.163017 -0.094118)
            (-0.080769 -0.163017 0.094118)
            (-0.080769 -0.159094 -0.042629)
            (-0.080769 -0.159094 0.042629)
            (-0.080769 -0.152941 0.000000)
            (-0.080769 -0.152828 -0.088235)
            (-0.080769 -0.152828 0.088235)
            (-0.080769 -0.147730 -0.039584)
            (-0.080769 -0.147730 0.039584)
            (-0.080769 -0.142639 -0.082353)
            (-0.080769 -0.142639 0.082353)
            (-0.080769 -0.141421 -0.141421)
            (-0.080769 -0.141421 0.141421)
            (-0.080769 -0.141176 0.000000)
            (-0.080769 -0.136366 -0.036539)
            (-0.080769 -0.136366 0.036539)
            (-0.080769 -0.133102 -0.133102)
            (-0.080769 -0.133102 0.133102)
            (-0.080769 -0.132451 -0.076471)
            (-0.080769 -0.132451 0.076471)
            (-0.080769 -0.129412 0.000000)
            (-0.080769 -0.125002 -0.033494)
            (-0.080769 -0.125002 0.033494)
            (-0.080769 -0.124784 -0.124784)
            (-0.080769 -0.124784 0.124784)
            (-0.080769 -0.122262 -0.070588)
            (-0.080769 -0.122262 0.070588)
            (-0.080769 -0.117647 0.000000)
            (-0.080769 -0.116465 -0.116465)
            (-0.080769 -0.116465 0.116465)
            (-0.080769 -0.113638 -0.030449)
            (-0.080769 -0.113638 0.030449)
            (-0.080769 -0.112074 -0.064706)
            (-0.080769 -0.112074 0.064706)
            (-0.080769 -0.108146 -0.108146)
            (-0.080769 -0.108146 0.108146)
            (-0.080769 -0.105882 0.000000)
            (-0.080769 -0.102274 -0.027404)
            (-0.080769 -0.102274 0.027404)
            (-0.080769 -0.101885 -0.058824)
            (-0.080769 -0.101885 0.058824)
            (-0.080769 -0.100000 -0.173205)
            (-0.080769 -0.100000 0.173205)
            (-0.080769 -0.099827 -0.099827)
            (-0.080769 -0.099827 0.099827)
            (-0.080769 -0.094118 -0.163017)
            (-0.080769 -0.094118 0.000000)
            (-0.080769 -0.094118 0.163017)
            (-0.080769 -0.091697 -0.052941)
            (-0.080769 -0.091697 0.052941)
            (-0.080769 -0.091508 -0.091508)
            (-0.080769 -0.091508 0.091508)
            (-0.080769 -0.090911 -0.024359)
            (-0.080769 -0.090911 0.024359)
            (-0.080769 -0.088235 -0.152828)
            (-0.080769 -0.088235 0.152828)
            (-0.080769 -0.083189 -0.083189)
            (-0.080769 -0.083189 0.083189)
            (-0.080769 -0.082353 -0.142639)
            (-0.080769 -0.082353 0.000000)
            (-0.080769 -0.082353 0.142639)
            (-0.080769 -0.081508 -0.047059)
            (-0.080769 -0.081508 0.047059)
            (-0.080769 -0.079547 -0.021315)
            (-0.080769 -0.079547 0.021315)
            (-0.080769 -0.076471 -0.132451)
            (-0.080769 -0.076471 0.132451)
            (-0.080769 -0.074870 -0.074870)
            (-0.080769 -0.074870 0.074870)
            (-0.080769 -0.071320 -0.041176)
            (-0.080769 -0.071320 0.041176)
            (-0.080769 -0.070588 -0.122262)
            (-0.080769 -0.070588 0.000000)
            (-0.080769 -0.070588 0.122262)
            (-0.080769 -0.068183 -0.018270)
            (-0.080769 -0.068183 0.018270)
            (-0.080769 -0.066551 -0.066551)
            (-0.080769 -0.066551 0.066551)
            (-0.080769 -0.064706 -0.112074)
            (-0.080769 -0.064706 0.112074)
            (-0.080769 -0.061131 -0.035294)
            (-0.080769 -0.061131 0.035294)
            (-0.080769 -0.058824 -0.101885)
            (-0.080769 -0.058824 0.000000)
            (-0.080769 -0.058824 0.101885)
            (-0.080769 -0.058232 -0.058232)
            (-0.080769 -0.058232 0.058232)
            (-0.080769 -0.056819 -0.015225)
            (-0.080769 -0.056819 0.015225)
            (-0.080769 -0.052941 -0.091697)
            (-0.080769 -0.052941 0.091697)
            (-0.080769 -0.051764 -0.193185)
            (-0.080769 -0.051764 0.193185)
            (-0.080769 -0.050943 -0.029412)
            (-0.080769 -0.050943 0.029412)
            (-0.080769 -0.049913 -0.049913)
            (-0.080769 -0.049913 0.049913)
            (-0.080769 -0.048719 -0.181821)
            (-0.080769 -0.048719 0.181821)
            (-0.080769 -0.047059 -0.081508)
            (-0.080769 -0.047059 0.000000)
            (-0.080769 -0.047059 0.081508)
            (-0.080769 -0.045674 -0.170457)
            (-0.080769 -0.045674 0.170457)
            (-0.080769 -0.045455 -0.012180)
            (-0.080769 -0.045455 0.012180)
            (-0.080769 -0.042629 -0.159094)
            (-0.080769 -0.042629 0.159094)
            (-0.080769 -0.041595 -0.041595)
            (-0.080769 -0.041595 0.041595)
            (-0.080769 -0.041176 -0.071320)
            (-0.080769 -0.041176 0.071320)
            (-0.080769 -0.040754 -0.023529)
            (-0.080769 -0.040754 0.023529)
            (-0.080769 -0.039584 -0.147730)
            (-0.080769 -0.039584 0.147730)
            (-0.080769 -0.036539 -0.136366)
            (-0.080769 -0.036539 0.136366)
            (-0.080769 -0.035294 -0.061131)
            (-0.080769 -0.035294 0.000000)
            (-0.080769 -0.035294 0.061131)
            (-0.080769 -0.034091 -0.009135)
            (-0.080769 -0.034091 0.009135)
            (-0.080769 -0.033494 -0.125002)
            (-0.080769 -0.033494 0.125002)
            (-0.080769 -0.033276 -0.033276)
            (-0.080769 -0.033276 0.033276)
            (-0.080769 -0.030566 -0.017647)
            (-0.080769 -0.030566 0.017647)
            (-0.080769 -0.030449 -0.113638)
            (-0.080769 -0.030449 0.113638)
            (-0.080769 -0.029412 -0.050943)
            (-0.080769 -0.029412 0.050943)
            (-0.080769 -0.027404 -0.102274)
            (-0.080769 -0.027404 0.102274)
            (-0.080769 -0.024957 -0.024957)
            (-0.080769 -0.024957 0.024957)
            (-0.080769 -0.024359 -0.090911)
            (-0.080769 -0.024359 0.090911)
            (-0.080769 -0.023529 -0.040754)
            (-0.080769 -0.023529 0.000000)
            (-0.080769 -0.023529 0.040754)
            (-0.080769 -0.022728 -0.006090)
            (-0.080769 -0.022728 0.006090)
            (-0.080769 -0.021315 -0.079547)
            (-0.080769 -0.021315 0.079547)
            (-0.080769 -0.020377 -0.011765)
            (-0.080769 -0.020377 0.011765)
            (-0.080769 -0.018270 -0.068183)
            (-0.080769 -0.018270 0.068183)
            (-0.080769 -0.017647 -0.030566)
            (-0.080769 -0.017647 0.030566)
            (-0.080769 -0.016638 -0.016638)
            (-0.080769 -0.016638 0.016638)
            (-0.080769 -0.015225 -0.056819)
            (-0.080769 -0.015225 0.056819)
            (-0.080769 -0.012180 -0.045455)
            (-0.080769 -0.012180 0.045455)
            (-0.080769 -0.011765 -0.020377)
            (-0.080769 -0.011765 0.000000)
            (-0.080769 -0.011765 0.020377)
            (-0.080769 -0.011364 -0.003045)
            (-0.080769 -0.011364 0.003045)
            (-0.080769 -0.010189 -0.005882)
            (-0.080769 -0.010189 0.005882)
            (-0.080769 -0.009135 -0.034091)
            (-0.080769 -0.009135 0.034091)
            (-0.080769 -0.008319 -0.008319)
            (-0.080769 -0.008319 0.008319)
            (-0.080769 -0.006090 -0.022728)
            (-0.080769 -0.006090 0.022728)
            (-0.080769 -0.005882 -0.010189)
            (-0.080769 -0.005882 0.010189)
            (-0.080769 -0.003045 -0.011364)
            (-0.080769 -0.003045 0.011364)
            (-0.080769 -0.000000 -0.200000)
            (-0.080769 -0.000000 -0.188235)
            (-0.080769 -0.000000 -0.176471)
            (-0.080769 -0.000000 -0.164706)
            (-0.080769 -0.000000 -0.152941)
            (-0.080769 -0.000000 -0.141176)
            (-0.080769 -0.000000 -0.129412)
            (-0.080769 -0.000000 -0.117647)
            (-0.080769 -0.000000 -0.105882)
            (-0.080769 -0.000000 -0.094118)
            (-0.080769 -0.000000 -0.082353)
            (-0.080769 -0.000000 -0.070588)
            (-0.080769 -0.000000 -0.058824)
            (-0.080769 -0.000000 -0.047059)
            (-0.080769 -0.000000 -0.035294)
            (-0.080769 -0.000000 -0.023529)
            (-0.080769 -0.000000 -0.011765)
            (-0.080769 0.000000 0.000000)
            (-0.080769 0.000000 0.011765)
            (-0.080769 0.000000 0.023529)
            (-0.080769 0.000000 0.035294)
            (-0.080769 0.000000 0.047059)
            (-0.080769 0.000000 0.058824)
            (-0.080769 0.000000 0.070588)
            (-0.080769 0.000000 0.082353)
            (-0.080769 0.000000 0.094118)
            (-0.080769 0.000000 0.105882)
            (-0.080769 0.000000 0.117647)
            (-0.080769 0.000000 0.129412)
            (-0.080769 0.000000 0.141176)
            (-0.080769 0.000000 0.152941)
            (-0.080769 0.000000 0.164706)
            (-0.080769 0.000000 0.176471)
            (-0.080769 0.000000 0.188235)
            (-0.080769 0.000000 0.200000)
            (-0.080769 0.003045 -0.011364)
            (-0.080769 0.003045 0.011364)
            (-0.080769 0.005882 -0.010189)
            (-0.080769 0.005882 0.010189)
            (-0.080769 0.006090 -0.022728)
            (-0.080769 0.006090 0.022728)
            (-0.080769 0.008319 -0.008319)
            (-0.080769 0.008319 0.008319)
            (-0.080769 0.009135 -0.034091)
            (-0.080769 0.009135 0.034091)
            (-0.080769 0.010189 -0.005882)
            (-0.080769 0.010189 0.005882)
            (-0.080769 0.011364 -0.003045)
            (-0.080769 0.011364 0.003045)
            (-0.080769 0.011765 -0.020377)
            (-0.080769 0.011765 0.000000)
            (-0.080769 0.011765 0.020377)
            (-0.080769 0.012180 -0.045455)
            (-0.080769 0.012180 0.045455)
            (-0.080769 0.015225 -0.056819)
            (-0.080769 0.015225 0.056819)
            (-0.080769 0.016638 -0.016638)
            (-0.080769 0.016638 0.016638)
            (-0.080769 0.017647 -0.030566)
            (-0.080769 0.017647 0.030566)
            (-0.080769 0.018270 -0.068183)
            (-0.080769 0.018270 0.068183)
            (-0.080769 0.020377 -0.011765)
            (-0.080769 0.020377 0.011765)
            (-0.080769 0.021315 -0.079547)
            (-0.080769 0.021315 0.079547)
            (-0.080769 0.022728 -0.006090)
            (-0.080769 0.022728 0.006090)
            (-0.080769 0.023529 -0.040754)
            (-0.080769 0.023529 0.000000)
            (-0.080769 0.023529 0.040754)
            (-0.080769 0.024359 -0.090911)
            (-0.080769 0.024359 0.090911)
            (-0.080769 0.024957 -0.024957)
            (-0.080769 0.024957 0.024957)
            (-0.080769 0.027404 -0.102274)
            (-0.080769 0.027404 0.102274)
            (-0.080769 0.029412 -0.050943)
            (-0.080769 0.029412 0.050943)
            (-0.080769 0.030449 -0.113638)
            (-0.080769 0.030449 0.113638)
            (-0.080769 0.030566 -0.017647)
            (-0.080769 0.030566 0.017647)
            (-0.080769 0.033276 -0.033276)
            (-0.080769 0.033276 0.033276)
            (-0.080769 0.033494 -0.125002)
            (-0.080769 0.033494 0.125002)
            (-0.080769 0.034091 -0.009135)
            (-0.080769 0.034091 0.009135)
            (-0.080769 0.035294 -0.061131)
            (-0.080769 0.035294 0.000000)
            (-0.080769 0.035294 0.061131)
            (-0.080769 0.036539 -0.136366)
            (-0.080769 0.036539 0.136366)
            (-0.080769 0.039584 -0.147730)
            (-0.080769 0.039584 0.147730)
            (-0.080769 0.040754 -0.023529)
            (-0.080769 0.040754 0.023529)
            (-0.080769 0.041176 -0.071320)
            (-0.080769 0.041176 0.071320)
            (-0.080769 0.041595 -0.041595)
            (-0.080769 0.041595 0.041595)
            (-0.080769 0.042629 -0.159094)
            (-0.080769 0.042629 0.159094)
            (-0.080769 0.045455 -0.012180)
            (-0.080769 0.045455 0.012180)
            (-0.080769 0.045674 -0.170457)
            (-0.080769 0.045674 0.170457)
            (-0.080769 0.047059 -0.081508)
            (-0.080769 0.047059 0.000000)
            (-0.080769 0.047059 0.081508)
            (-0.080769 0.048719 -0.181821)
            (-0.080769 0.048719 0.181821)
            (-0.080769 0.049913 -0.049913)
            (-0.080769 0.049913 0.049913)
            (-0.080769 0.050943 -0.029412)
            (-0.080769 0.050943 0.029412)
            (-0.080769 0.051764 -0.193185)
            (-0.080769 0.051764 0.193185)
            (-0.080769 0.052941 -0.091697)
            (-0.080769 0.052941 0.091697)
            (-0.080769 0.056819 -0.015225)
            (-0.080769 0.056819 0.015225)
            (-0.080769 0.058232 -0.058232)
            (-0.080769 0.058232 0.058232)
            (-0.080769 0.058824 -0.101885)
            (-0.080769 0.058824 0.000000)
            (-0.080769 0.058824 0.101885)
            (-0.080769 0.061131 -0.035294)
            (-0.080769 0.061131 0.035294)
            (-0.080769 0.064706 -0.112074)
            (-0.080769 0.064706 0.112074)
            (-0.080769 0.066551 -0.066551)
            (-0.080769 0.066551 0.066551)
            (-0.080769 0.068183 -0.018270)
            (-0.080769 0.068183 0.018270)
            (-0.080769 0.070588 -0.122262)
            (-0.080769 0.070588 0.000000)
            (-0.080769 0.070588 0.122262)
            (-0.080769 0.071320 -0.041176)
            (-0.080769 0.071320 0.041176)
            (-0.080769 0.074870 -0.074870)
            (-0.080769 0.074870 0.074870)
            (-0.080769 0.076471 -0.132451)
            (-0.080769 0.076471 0.132451)
            (-0.080769 0.079547 -0.021315)
            (-0.080769 0.079547 0.021315)
            (-0.080769 0.081508 -0.047059)
            (-0.080769 0.081508 0.047059)
            (-0.080769 0.082353 -0.142639)
            (-0.080769 0.082353 0.000000)
            (-0.080769 0.082353 0.142639)
            (-0.080769 0.083189 -0.083189)
            (-0.080769 0.083189 0.083189)
            (-0.080769 0.088235 -0.152828)
            (-0.080769 0.088235 0.152828)
            (-0.080769 0.090911 -0.024359)
            (-0.080769 0.090911 0.024359)
            (-0.080769 0.091508 -0.091508)
            (-0.080769 0.091508 0.091508)
            (-0.080769 0.091697 -0.052941)
            (-0.080769 0.091697 0.052941)
            (-0.080769 0.094118 -0.163017)
            (-0.080769 0.094118 0.000000)
            (-0.080769 0.094118 0.163017)
            (-0.080769 0.099827 -0.099827)
            (-0.080769 0.099827 0.099827)
            (-0.080769 0.100000 -0.173205)
            (-0.080769 0.100000 0.173205)
            (-0.080769 0.101885 -0.058824)
            (-0.080769 0.101885 0.058824)
            (-0.080769 0.102274 -0.027404)
            (-0.080769 0.102274 0.027404)
            (-0.080769 0.105882 0.000000)
            (-0.080769 0.108146 -0.108146)
            (-0.080769 0.108146 0.108146)
            (-0.080769 0.112074 -0.064706)
            (-0.080769 0.112074 0.064706)
            (-0.080769 0.113638 -0.030449)
            (-0.080769 0.113638 0.030449)
            (-0.080769 0.116465 -0.116465)
            (-0.080769 0.116465 0.116465)
            (-0.080769 0.117647 0.000000)
            (-0.080769 0.122262 -0.070588)
            (-0.080769 0.122262 0.070588)
            (-0.080769 0.124784 -0.124784)
            (-0.080769 0.124784 0.124784)
            (-0.080769 0.125002 -0.033494)
            (-0.080769 0.125002 0.033494)
            (-0.080769 0.129412 0.000000)
            (-0.080769 0.132451 -0.076471)
            (-0.080769 0.132451 0.076471)
            (-0.080769 0.133102 -0.133102)
            (-0.080769 0.133102 0.133102)
            (-0.080769 0.136366 -0.036539)
            (-0.080769 0.136366 0.036539)
            (-0.080769 0.141176 0.000000)
            (-0.080769 0.141421 -0.141421)
            (-0.080769 0.141421 0.141421)
            (-0.080769 0.142639 -0.082353)
            (-0.080769 0.142639 0.082353)
            (-0.080769 0.147730 -0.039584)
            (-0.080769 0.147730 0.039584)
            (-0.080769 0.152828 -0.088235)
            (-0.080769 0.152828 0.088235)
            (-0.080769 0.152941 0.000000)
            (-0.080769 0.159094 -0.042629)
            (-0.080769 0.159094 0.042629)
            (-0.080769 0.163017 -0.094118)
            (-0.080769 0.163017 0.094118)
            (-0.080769 0.164706 0.000000)
            (-0.080769 0.170457 -0.045674)
            (-0.080769 0.170457 0.045674)
            (-0.080769 0.173205 -0.100000)
            (-0.080769 0.173205 0.100000)
            (-0.080769 0.176471 0.000000)
            (-0.080769 0.181821 -0.048719)
            (-0.080769 0.181821 0.048719)
            (-0.080769 0.188235 0.000000)
            (-0.080769 0.193185 -0.051764)
            (-0.080769 0.193185 0.051764)
            (-0.080769 0.200000 0.000000)
            (-0.069231 -0.200000 0.000000)
            (-0.069231 -0.193185 -0.051764)
            (-0.069231 -0.193185 0.051764)
            (-0.069231 -0.188235 0.000000)
            (-0.069231 -0.181821 -0.048719)
            (-0.069231 -0.181821 0.048719)
            (-0.069231 -0.176471 0.000000)
            (-0.069231 -0.173205 -0.100000)
            (-0.069231 -0.173205 0.100000)
            (-0.069231 -0.170457 -0.045674)
            (-0.069231 -0.170457 0.045674)
            (-0.069231 -0.164706 0.000000)
            (-0.069231 -0.163017 -0.094118)
            (-0.069231 -0.163017 0.094118)
            (-0.069231 -0.159094 -0.042629)
            (-0.069231 -0.159094 0.042629)
            (-0.069231 -0.152941 0.000000)
            (-0.069231 -0.152828 -0.088235)
            (-0.069231 -0.152828 0.088235)
            (-0.069231 -0.147730 -0.039584)
            (-0.069231 -0.147730 0.039584)
            (-0.069231 -0.142639 -0.082353)
            (-0.069231 -0.142639 0.082353)
            (-0.069231 -0.141421 -0.141421)
            (-0.069231 -0.141421 0.141421)
            (-0.069231 -0.141176 0.000000)
            (-0.069231 -0.136366 -0.036539)
            (-0.069231 -0.136366 0.036539)
            (-0.069231 -0.133102 -0.133102)
            (-0.069231 -0.133102 0.133102)
            (-0.069231 -0.132451 -0.076471)
            (-0.069231 -0.132451 0.076471)
            (-0.069231 -0.129412 0.000000)
            (-0.069231 -0.125002 -0.033494)
            (-0.069231 -0.125002 0.033494)
            (-0.069231 -0.124784 -0.124784)
            (-0.069231 -0.124784 0.124784)
            (-0.069231 -0.122262 -0.070588)
            (-0.069231 -0.122262 0.070588)
            (-0.069231 -0.117647 0.000000)
            (-0.069231 -0.116465 -0.116465)
            (-0.069231 -0.116465 0.116465)
            (-0.069231 -0.113638 -0.030449)
            (-0.069231 -0.113638 0.030449)
            (-0.069231 -0.112074 -0.064706)
            (-0.069231 -0.112074 0.064706)
            (-0.069231 -0.108146 -0.108146)
            (-0.069231 -0.108146 0.108146)
            (-0.069231 -0.105882 0.000000)
            (-0.069231 -0.102274 -0.027404)
            (-0.069231 -0.102274 0.027404)
            (-0.069231 -0.101885 -0.058824)
            (-0.069231 -0.101885 0.058824)
            (-0.069231 -0.100000 -0.173205)
            (-0.069231 -0.100000 0.173205)
            (-0.069231 -0.099827 -0.099827)
            (-0.069231 -0.099827 0.099827)
            (-0.069231 -0.094118 -0.163017)
            (-0.069231 -0.094118 0.000000)
            (-0.069231 -0.094118 0.163017)
            (-0.069231 -0.091697 -0.052941)
            (-0.069231 -0.091697 0.052941)
            (-0.069231 -0.091508 -0.091508)
            (-0.069231 -0.091508 0.091508)
            (-0.069231 -0.090911 -0.024359)
            (-0.069231 -0.090911 0.024359)
            (-0.069231 -0.088235 -0.152828)
            (-0.069231 -0.088235 0.152828)
            (-0.069231 -0.083189 -0.083189)
            (-0.069231 -0.083189 0.083189)
            (-0.069231 -0.082353 -0.142639)
            (-0.069231 -0.082353 0.000000)
            (-0.069231 -0.082353 0.142639)
            (-0.069231 -0.081508 -0.047059)
            (-0.069231 -0.081508 0.047059)
            (-0.069231 -0.079547 -0.021315)
            (-0.069231 -0.079547 0.021315)
            (-0.069231 -0.076471 -0.132451)
            (-0.069231 -0.076471 0.132451)
            (-0.069231 -0.074870 -0.074870)
            (-0.069231 -0.074870 0.074870)
            (-0.069231 -0.071320 -0.041176)
            (-0.069231 -0.071320 0.041176)
            (-0.069231 -0.070588 -0.122262)
            (-0.069231 -0.070588 0.000000)
            (-0.069231 -0.070588 0.122262)
            (-0.069231 -0.068183 -0.018270)
            (-0.069231 -0.068183 0.018270)
            (-0.069231 -0.066551 -0.066551)
            (-0.069231 -0.066551 0.066551)
            (-0.069231 -0.064706 -0.112074)
            (-0.069231 -0.064706 0.112074)
            (-0.069231 -0.061131 -0.035294)
            (-0.069231 -0.061131 0.035294)
            (-0.069231 -0.058824 -0.101885)
            (-0.069231 -0.058824 0.000000)
            (-0.069231 -0.058824 0.101885)
            (-0.069231 -0.058232 -0.058232)
            (-0.069231 -0.058232 0.058232)
            (-0.069231 -0.056819 -0.015225)
            (-0.069231 -0.056819 0.015225)
            (-0.069231 -0.052941 -0.091697)
            (-0.069231 -0.052941 0.091697)
            (-0.069231 -0.051764 -0.193185)
            (-0.069231 -0.051764 0.193185)
            (-0.069231 -0.050943 -0.029412)
            (-0.069231 -0.050943 0.029412)
            (-0.069231 -0.049913 -0.049913)
            (-0.069231 -0.049913 0.049913)
            (-0.069231 -0.048719 -0.181821)
            (-0.069231 -0.048719 0.181821)
            (-0.069231 -0.047059 -0.081508)
            (-0.069231 -0.047059 0.000000)
            (-0.069231 -0.047059 0.081508)
            (-0.069231 -0.045674 -0.170457)
            (-0.069231 -0.045674 0.170457)
            (-0.069231 -0.045455 -0.012180)
            (-0.069231 -0.045455 0.012180)
            (-0.069231 -0.042629 -0.159094)
            (-0.069231 -0.042629 0.159094)
            (-0.069231 -0.041595 -0.041595)
            (-0.069231 -0.041595 0.041595)
            (-0.069231 -0.041176 -0.071320)
            (-0.069231 -0.041176 0.071320)
            (-0.069231 -0.040754 -0.023529)
            (-0.069231 -0.040754 0.023529)
            (-0.069231 -0.039584 -0.147730)
            (-0.069231 -0.039584 0.147730)
            (-0.069231 -0.036539 -0.136366)
            (-0.069231 -0.036539 0.136366)
            (-0.069231 -0.035294 -0.061131)
            (-0.069231 -0.035294 0.000000)
            (-0.069231 -0.035294 0.061131)
            (-0.069231 -0.034091 -0.009135)
            (-0.069231 -0.034091 0.009135)
            (-0.069231 -0.033494 -0.125002)
            (-0.069231 -0.033494 0.125002)
            (-0.069231 -0.033276 -0.033276)
            (-0.069231 -0.033276 0.033276)
            (-0.069231 -0.030566 -0.017647)
            (-0.069231 -0.030566 0.017647)
            (-0.069231 -0.030449 -0.113638)
            (-0.069231 -0.030449 0.113638)
            (-0.069231 -0.029412 -0.050943)
            (-0.069231 -0.029412 0.050943)
            (-0.069231 -0.027404 -0.102274)
            (-0.069231 -0.027404 0.102274)
            (-0.069231 -0.024957 -0.024957)
            (-0.069231 -0.024957 0.024957)
            (-0.069231 -0.024359 -0.090911)
            (-0.069231 -0.024359 0.090911)
            (-0.069231 -0.023529 -0.040754)
            (-0.069231 -0.023529 0.000000)
            (-0.069231 -0.023529 0.040754)
            (-0.069231 -0.022728 -0.006090)
            (-0.069231 -0.022728 0.006090)
            (-0.069231 -0.021315 -0.079547)
            (-0.069231 -0.021315 0.079547)
            (-0.069231 -0.020377 -0.011765)
            (-0.069231 -0.020377 0.011765)
            (-0.069231 -0.018270 -0.068183)
            (-0.069231 -0.018270 0.068183)
            (-0.069231 -0.017647 -0.030566)
            (-0.069231 -0.017647 0.030566)
            (-0.069231 -0.016638 -0.016638)
            (-0.069231 -0.016638 0.016638)
            (-0.069231 -0.015225 -0.056819)
            (-0.069231 -0.015225 0.056819)
            (-0.069231 -0.012180 -0.045455)
            (-0.069231 -0.012180 0.045455)
            (-0.069231 -0.011765 -0.020377)
            (-0.069231 -0.011765 0.000000)
            (-0.069231 -0.011765 0.020377)
            (-0.069231 -0.011364 -0.003045)
            (-0.069231 -0.011364 0.003045)
            (-0.069231 -0.010189 -0.005882)
            (-0.069231 -0.010189 0.005882)
            (-0.069231 -0.009135 -0.034091)
            (-0.069231 -0.009135 0.034091)
            (-0.069231 -0.008319 -0.008319)
            (-0.069231 -0.008319 0.008319)
            (-0.069231 -0.006090 -0.022728)
            (-0.069231 -0.006090 0.022728)
            (-0.069231 -0.005882 -0.010189)
            (-0.069231 -0.005882 0.010189)
            (-0.069231 -0.003045 -0.011364)
            (-0.069231 -0.003045 0.011364)
            (-0.069231 -0.000000 -0.200000)
            (-0.069231 -0.000000 -0.188235)
            (-0.069231 -0.000000 -0.176471)
            (-0.069231 -0.000000 -0.164706)
            (-0.069231 -0.000000 -0.152941)
            (-0.069231 -0.000000 -0.141176)
            (-0.069231 -0.000000 -0.129412)
            (-0.069231 -0.000000 -0.117647)
            (-0.069231 -0.000000 -0.105882)
            (-0.069231 -0.000000 -0.094118)
            (-0.069231 -0.000000 -0.082353)
            (-0.069231 -0.000000 -0.070588)
            (-0.069231 -0.000000 -0.058824)
            (-0.069231 -0.000000 -0.047059)
            (-0.069231 -0.000000 -0.035294)
            (-0.069231 -0.000000 -0.023529)
            (-0.069231 -0.000000 -0.011765)
            (-0.069231 -0.000000 0.000000)
            (-0.069231 0.000000 0.011765)
            (-0.069231 0.000000 0.023529)
            (-0.069231 0.000000 0.035294)
            (-0.069231 0.000000 0.047059)
            (-0.069231 0.000000 0.058824)
            (-0.069231 0.000000 0.070588)
            (-0.069231 0.000000 0.082353)
            (-0.069231 0.000000 0.094118)
            (-0.069231 0.000000 0.105882)
            (-0.069231 0.000000 0.117647)
            (-0.069231 0.000000 0.129412)
            (-0.069231 0.000000 0.141176)
            (-0.069231 0.000000 0.152941)
            (-0.069231 0.000000 0.164706)
            (-0.069231 0.000000 0.176471)
            (-0.069231 0.000000 0.188235)
            (-0.069231 0.000000 0.200000)
            (-0.069231 0.003045 -0.011364)
            (-0.069231 0.003045 0.011364)
            (-0.069231 0.005882 -0.010189)
            (-0.069231 0.005882 0.010189)
            (-0.069231 0.006090 -0.022728)
            (-0.069231 0.006090 0.022728)
            (-0.069231 0.008319 -0.008319)
            (-0.069231 0.008319 0.008319)
            (-0.069231 0.009135 -0.034091)
            (-0.069231 0.009135 0.034091)
            (-0.069231 0.010189 -0.005882)
            (-0.069231 0.010189 0.005882)
            (-0.069231 0.011364 -0.003045)
            (-0.069231 0.011364 0.003045)
            (-0.069231 0.011765 -0.020377)
            (-0.069231 0.011765 0.000000)
            (-0.069231 0.011765 0.020377)
            (-0.069231 0.012180 -0.045455)
            (-0.069231 0.012180 0.045455)
            (-0.069231 0.015225 -0.056819)
            (-0.069231 0.015225 0.056819)
            (-0.069231 0.016638 -0.016638)
            (-0.069231 0.016638 0.016638)
            (-0.069231 0.017647 -0.030566)
            (-0.069231 0.017647 0.030566)
            (-0.069231 0.018270 -0.068183)
            (-0.069231 0.018270 0.068183)
            (-0.069231 0.020377 -0.011765)
            (-0.069231 0.020377 0.011765)
            (-0.069231 0.021315 -0.079547)
            (-0.069231 0.021315 0.079547)
            (-0.069231 0.022728 -0.006090)
            (-0.069231 0.022728 0.006090)
            (-0.069231 0.023529 -0.040754)
            (-0.069231 0.023529 0.000000)
            (-0.069231 0.023529 0.040754)
            (-0.069231 0.024359 -0.090911)
            (-0.069231 0.024359 0.090911)
            (-0.069231 0.024957 -0.024957)
            (-0.069231 0.024957 0.024957)
            (-0.069231 0.027404 -0.102274)
            (-0.069231 0.027404 0.102274)
            (-0.069231 0.029412 -0.050943)
            (-0.069231 0.029412 0.050943)
            (-0.069231 0.030449 -0.113638)
            (-0.069231 0.030449 0.113638)
            (-0.069231 0.030566 -0.017647)
            (-0.069231 0.030566 0.017647)
            (-0.069231 0.033276 -0.033276)
            (-0.069231 0.033276 0.033276)
            (-0.069231 0.033494 -0.125002)
            (-0.069231 0.033494 0.125002)
            (-0.069231 0.034091 -0.009135)
            (-0.069231 0.034091 0.009135)
            (-0.069231 0.035294 -0.061131)
            (-0.069231 0.035294 0.000000)
            (-0.069231 0.035294 0.061131)
            (-0.069231 0.036539 -0.136366)
            (-0.069231 0.036539 0.136366)
            (-0.069231 0.039584 -0.147730)
            (-0.069231 0.039584 0.147730)
            (-0.069231 0.040754 -0.023529)
            (-0.069231 0.040754 0.023529)
            (-0.069231 0.041176 -0.071320)
            (-0.069231 0.041176 0.071320)
            (-0.069231 0.041595 -0.041595)
            (-0.069231 0.041595 0.041595)
            (-0.069231 0.042629 -0.159094)
            (-0.069231 0.042629 0.159094)
            (-0.069231 0.045455 -0.012180)
            (-0.069231 0.045455 0.012180)
            (-0.069231 0.045674 -0.170457)
            (-0.069231 0.045674 0.170457)
            (-0.069231 0.047059 -0.081508)
            (-0.069231 0.047059 0.000000)
            (-0.069231 0.047059 0.081508)
            (-0.069231 0.048719 -0.181821)
            (-0.069231 0.048719 0.181821)
            (-0.069231 0.049913 -0.049913)
            (-0.069231 0.049913 0.049913)
            (-0.069231 0.050943 -0.029412)
            (-0.069231 0.050943 0.029412)
            (-0.069231 0.051764 -0.193185)
            (-0.069231 0.051764 0.193185)
            (-0.069231 0.052941 -0.091697)
            (-0.069231 0.052941 0.091697)
            (-0.069231 0.056819 -0.015225)
            (-0.069231 0.056819 0.015225)
            (-0.069231 0.058232 -0.058232)
            (-0.069231 0.058232 0.058232)
            (-0.069231 0.058824 -0.101885)
            (-0.069231 0.058824 0.000000)
            (-0.069231 0.058824 0.101885)
            (-0.069231 0.061131 -0.035294)
            (-0.069231 0.061131 0.035294)
            (-0.069231 0.064706 -0.112074)
            (-0.069231 0.064706 0.112074)
            (-0.069231 0.066551 -0.066551)
            (-0.069231 0.066551 0.066551)
            (-0.069231 0.068183 -0.018270)
            (-0.069231 0.068183 0.018270)
            (-0.069231 0.070588 -0.122262)
            (-0.069231 0.070588 0.000000)
            (-0.069231 0.070588 0.122262)
            (-0.069231 0.071320 -0.041176)
            (-0.069231 0.071320 0.041176)
            (-0.069231 0.074870 -0.074870)
            (-0.069231 0.074870 0.074870)
            (-0.069231 0.076471 -0.132451)
            (-0.069231 0.076471 0.132451)
            (-0.069231 0.079547 -0.021315)
            (-0.069231 0.079547 0.021315)
            (-0.069231 0.081508 -0.047059)
            (-0.069231 0.081508 0.047059)
            (-0.069231 0.082353 -0.142639)
            (-0.069231 0.082353 0.000000)
            (-0.069231 0.082353 0.142639)
            (-0.069231 0.083189 -0.083189)
            (-0.069231 0.083189 0.083189)
            (-0.069231 0.088235 -0.152828)
            (-0.069231 0.088235 0.152828)
            (-0.069231 0.090911 -0.024359)
            (-0.069231 0.090911 0.024359)
            (-0.069231 0.091508 -0.091508)
            (-0.069231 0.091508 0.091508)
            (-0.069231 0.091697 -0.052941)
            (-0.069231 0.091697 0.052941)
            (-0.069231 0.094118 -0.163017)
            (-0.069231 0.094118 0.000000)
            (-0.069231 0.094118 0.163017)
            (-0.069231 0.099827 -0.099827)
            (-0.069231 0.099827 0.099827)
            (-0.069231 0.100000 -0.173205)
            (-0.069231 0.100000 0.173205)
            (-0.069231 0.101885 -0.058824)
            (-0.069231 0.101885 0.058824)
            (-0.069231 0.102274 -0.027404)
            (-0.069231 0.102274 0.027404)
            (-0.069231 0.105882 0.000000)
            (-0.069231 0.108146 -0.108146)
            (-0.069231 0.108146 0.108146)
            (-0.069231 0.112074 -0.064706)
            (-0.069231 0.112074 0.064706)
            (-0.069231 0.113638 -0.030449)
            (-0.069231 0.113638 0.030449)
            (-0.069231 0.116465 -0.116465)
            (-0.069231 0.116465 0.116465)
            (-0.069231 0.117647 0.000000)
            (-0.069231 0.122262 -0.070588)
            (-0.069231 0.122262 0.070588)
            (-0.069231 0.124784 -0.124784)
            (-0.069231 0.124784 0.124784)
            (-0.069231 0.125002 -0.033494)
            (-0.069231 0.125002 0.033494)
            (-0.069231 0.129412 0.000000)
            (-0.069231 0.132451 -0.076471)
            (-0.069231 0.132451 0.076471)
            (-0.069231 0.133102 -0.133102)
            (-0.069231 0.133102 0.133102)
            (-0.069231 0.136366 -0.036539)
            (-0.069231 0.136366 0.036539)
            (-0.069231 0.141176 0.000000)
            (-0.069231 0.141421 -0.141421)
            (-0.069231 0.141421 0.141421)
            (-0.069231 0.142639 -0.082353)
            (-0.069231 0.142639 0.082353)
            (-0.069231 0.147730 -0.039584)
            (-0.069231 0.147730 0.039584)
            (-0.069231 0.152828 -0.088235)
            (-0.069231 0.152828 0.088235)
            (-0.069231 0.152941 0.000000)
            (-0.069231 0.159094 -0.042629)
            (-0.069231 0.159094 0.042629)
            (-0.069231 0.163017 -0.094118)
            (-0.069231 0.163017 0.094118)
            (-0.069231 0.164706 0.000000)
            (-0.069231 0.170457 -0.045674)
            (-0.069231 0.170457 0.045674)
            (-0.069231 0.173205 -0.100000)
            (-0.069231 0.173205 0.100000)
            (-0.069231 0.176471 0.000000)
            (-0.069231 0.181821 -0.048719)
            (-0.069231 0.181821 0.048719)
            (-0.069231 0.188235 0.000000)
            (-0.069231 0.193185 -0.051764)
            (-0.069231 0.193185 0.051764)
            (-0.069231 0.200000 0.000000)
            (-0.057692 -0.200000 0.000000)
            (-0.057692 -0.193185 -0.051764)
            (-0.057692 -0.193185 0.051764)
            (-0.057692 -0.188235 0.000000)
            (-0.057692 -0.181821 -0.048719)
            (-0.057692 -0.181821 0.048719)
            (-0.057692 -0.176471 0.000000)
            (-0.057692 -0.173205 -0.100000)
            (-0.057692 -0.173205 0.100000)
            (-0.057692 -0.170457 -0.045674)
            (-0.057692 -0.170457 0.045674)
            (-0.057692 -0.164706 0.000000)
            (-0.057692 -0.163017 -0.094118)
            (-0.057692 -0.163017 0.094118)
            (-0.057692 -0.159094 -0.042629)
            (-0.057692 -0.159094 0.042629)
            (-0.057692 -0.152941 0.000000)
            (-0.057692 -0.152828 -0.088235)
            (-0.057692 -0.152828 0.088235)
            (-0.057692 -0.147730 -0.039584)
            (-0.057692 -0.147730 0.039584)
            (-0.057692 -0.142639 -0.082353)
            (-0.057692 -0.142639 0.082353)
            (-0.057692 -0.141421 -0.141421)
            (-0.057692 -0.141421 0.141421)
            (-0.057692 -0.141176 0.000000)
            (-0.057692 -0.136366 -0.036539)
            (-0.057692 -0.136366 0.036539)
            (-0.057692 -0.133102 -0.133102)
            (-0.057692 -0.133102 0.133102)
            (-0.057692 -0.132451 -0.076471)
            (-0.057692 -0.132451 0.076471)
            (-0.057692 -0.129412 0.000000)
            (-0.057692 -0.125002 -0.033494)
            (-0.057692 -0.125002 0.033494)
            (-0.057692 -0.124784 -0.124784)
            (-0.057692 -0.124784 0.124784)
            (-0.057692 -0.122262 -0.070588)
            (-0.057692 -0.122262 0.070588)
            (-0.057692 -0.117647 0.000000)
            (-0.057692 -0.116465 -0.116465)
            (-0.057692 -0.116465 0.116465)
            (-0.057692 -0.113638 -0.030449)
            (-0.057692 -0.113638 0.030449)
            (-0.057692 -0.112074 -0.064706)
            (-0.057692 -0.112074 0.064706)
            (-0.057692 -0.108146 -0.108146)
            (-0.057692 -0.108146 0.108146)
            (-0.057692 -0.105882 0.000000)
            (-0.057692 -0.102274 -0.027404)
            (-0.057692 -0.102274 0.027404)
            (-0.057692 -0.101885 -0.058824)
            (-0.057692 -0.101885 0.058824)
            (-0.057692 -0.100000 -0.173205)
            (-0.057692 -0.100000 0.173205)
            (-0.057692 -0.099827 -0.099827)
            (-0.057692 -0.099827 0.099827)
            (-0.057692 -0.094118 -0.163017)
            (-0.057692 -0.094118 0.000000)
            (-0.057692 -0.094118 0.163017)
            (-0.057692 -0.091697 -0.052941)
            (-0.057692 -0.091697 0.052941)
            (-0.057692 -0.091508 -0.091508)
            (-0.057692 -0.091508 0.091508)
            (-0.057692 -0.090911 -0.024359)
            (-0.057692 -0.090911 0.024359)
            (-0.057692 -0.088235 -0.152828)
            (-0.057692 -0.088235 0.152828)
            (-0.057692 -0.083189 -0.083189)
            (-0.057692 -0.083189 0.083189)
            (-0.057692 -0.082353 -0.142639)
            (-0.057692 -0.082353 0.000000)
            (-0.057692 -0.082353 0.142639)
            (-0.057692 -0.081508 -0.047059)
            (-0.057692 -0.081508 0.047059)
            (-0.057692 -0.079547 -0.021315)
            (-0.057692 -0.079547 0.021315)
            (-0.057692 -0.076471 -0.132451)
            (-0.057692 -0.076471 0.132451)
            (-0.057692 -0.074870 -0.074870)
            (-0.057692 -0.074870 0.074870)
            (-0.057692 -0.071320 -0.041176)
            (-0.057692 -0.071320 0.041176)
            (-0.057692 -0.070588 -0.122262)
            (-0.057692 -0.070588 0.000000)
            (-0.057692 -0.070588 0.122262)
            (-0.057692 -0.068183 -0.018270)
            (-0.057692 -0.068183 0.018270)
            (-0.057692 -0.066551 -0.066551)
            (-0.057692 -0.066551 0.066551)
            (-0.057692 -0.064706 -0.112074)
            (-0.057692 -0.064706 0.112074)
            (-0.057692 -0.061131 -0.035294)
            (-0.057692 -0.061131 0.035294)
            (-0.057692 -0.058824 -0.101885)
            (-0.057692 -0.058824 0.000000)
            (-0.057692 -0.058824 0.101885)
            (-0.057692 -0.058232 -0.058232)
            (-0.057692 -0.058232 0.058232)
            (-0.057692 -0.056819 -0.015225)
            (-0.057692 -0.056819 0.015225)
            (-0.057692 -0.052941 -0.091697)
            (-0.057692 -0.052941 0.091697)
            (-0.057692 -0.051764 -0.193185)
            (-0.057692 -0.051764 0.193185)
            (-0.057692 -0.050943 -0.029412)
            (-0.057692 -0.050943 0.029412)
            (-0.057692 -0.049913 -0.049913)
            (-0.057692 -0.049913 0.049913)
            (-0.057692 -0.048719 -0.181821)
            (-0.057692 -0.048719 0.181821)
            (-0.057692 -0.047059 -0.081508)
            (-0.057692 -0.047059 0.000000)
            (-0.057692 -0.047059 0.081508)
            (-0.057692 -0.045674 -0.170457)
            (-0.057692 -0.045674 0.170457)
            (-0.057692 -0.045455 -0.012180)
            (-0.057692 -0.045455 0.012180)
            (-0.057692 -0.042629 -0.159094)
            (-0.057692 -0.042629 0.159094)
            (-0.057692 -0.041595 -0.041595)
            (-0.057692 -0.041595 0.041595)
            (-0.057692 -0.041176 -0.071320)
            (-0.057692 -0.041176 0.071320)
            (-0.057692 -0.040754 -0.023529)
            (-0.057692 -0.040754 0.023529)
            (-0.057692 -0.039584 -0.147730)
            (-0.057692 -0.039584 0.147730)
            (-0.057692 -0.036539 -0.136366)
            (-0.057692 -0.036539 0.136366)
            (-0.057692 -0.035294 -0.061131)
            (-0.057692 -0.035294 0.000000)
            (-0.057692 -0.035294 0.061131)
            (-0.057692 -0.034091 -0.009135)
            (-0.057692 -0.034091 0.009135)
            (-0.057692 -0.033494 -0.125002)
            (-0.057692 -0.033494 0.125002)
            (-0.057692 -0.033276 -0.033276)
            (-0.057692 -0.033276 0.033276)
            (-0.057692 -0.030566 -0.017647)
            (-0.057692 -0.030566 0.017647)
            (-0.057692 -0.030449 -0.113638)
            (-0.057692 -0.030449 0.113638)
            (-0.057692 -0.029412 -0.050943)
            (-0.057692 -0.029412 0.050943)
            (-0.057692 -0.027404 -0.102274)
            (-0.057692 -0.027404 0.102274)
            (-0.057692 -0.024957 -0.024957)
            (-0.057692 -0.024957 0.024957)
            (-0.057692 -0.024359 -0.090911)
            (-0.057692 -0.024359 0.090911)
            (-0.057692 -0.023529 -0.040754)
            (-0.057692 -0.023529 0.000000)
            (-0.057692 -0.023529 0.040754)
            (-0.057692 -0.022728 -0.006090)
            (-0.057692 -0.022728 0.006090)
            (-0.057692 -0.021315 -0.079547)
            (-0.057692 -0.021315 0.079547)
            (-0.057692 -0.020377 -0.011765)
            (-0.057692 -0.020377 0.011765)
            (-0.057692 -0.018270 -0.068183)
            (-0.057692 -0.018270 0.068183)
            (-0.057692 -0.017647 -0.030566)
            (-0.057692 -0.017647 0.030566)
            (-0.057692 -0.016638 -0.016638)
            (-0.057692 -0.016638 0.016638)
            (-0.057692 -0.015225 -0.056819)
            (-0.057692 -0.015225 0.056819)
            (-0.057692 -0.012180 -0.045455)
            (-0.057692 -0.012180 0.045455)
            (-0.057692 -0.011765 -0.020377)
            (-0.057692 -0.011765 0.000000)
            (-0.057692 -0.011765 0.020377)
            (-0.057692 -0.011364 -0.003045)
            (-0.057692 -0.011364 0.003045)
            (-0.057692 -0.010189 -0.005882)
            (-0.057692 -0.010189 0.005882)
            (-0.057692 -0.009135 -0.034091)
            (-0.057692 -0.009135 0.034091)
            (-0.057692 -0.008319 -0.008319)
            (-0.057692 -0.008319 0.008319)
            (-0.057692 -0.006090 -0.022728)
            (-0.057692 -0.006090 0.022728)
            (-0.057692 -0.005882 -0.010189)
            (-0.057692 -0.005882 0.010189)
            (-0.057692 -0.003045 -0.011364)
            (-0.057692 -0.003045 0.011364)
            (-0.057692 -0.000000 -0.200000)
            (-0.057692 -0.000000 -0.188235)
            (-0.057692 -0.000000 -0.176471)
            (-0.057692 -0.000000 -0.164706)
            (-0.057692 -0.000000 -0.152941)
            (-0.057692 -0.000000 -0.141176)
            (-0.057692 -0.000000 -0.129412)
            (-0.057692 -0.000000 -0.117647)
            (-0.057692 -0.000000 -0.105882)
            (-0.057692 -0.000000 -0.094118)
            (-0.057692 -0.000000 -0.082353)
            (-0.057692 -0.000000 -0.070588)
            (-0.057692 -0.000000 -0.058824)
            (-0.057692 -0.000000 -0.047059)
            (-0.057692 -0.000000 -0.035294)
            (-0.057692 -0.000000 -0.023529)
            (-0.057692 -0.000000 -0.011765)
            (-0.057692 -0.000000 -0.000000)
            (-0.057692 0.000000 0.011765)
            (-0.057692 0.000000 0.023529)
            (-0.057692 0.000000 0.035294)
            (-0.057692 0.000000 0.047059)
            (-0.057692 0.000000 0.058824)
            (-0.057692 0.000000 0.070588)
            (-0.057692 0.000000 0.082353)
            (-0.057692 0.000000 0.094118)
            (-0.057692 0.000000 0.105882)
            (-0.057692 0.000000 0.117647)
            (-0.057692 0.000000 0.129412)
            (-0.057692 0.000000 0.141176)
            (-0.057692 0.000000 0.152941)
            (-0.057692 0.000000 0.164706)
            (-0.057692 0.000000 0.176471)
            (-0.057692 0.000000 0.188235)
            (-0.057692 0.000000 0.200000)
            (-0.057692 0.003045 -0.011364)
            (-0.057692 0.003045 0.011364)
            (-0.057692 0.005882 -0.010189)
            (-0.057692 0.005882 0.010189)
            (-0.057692 0.006090 -0.022728)
            (-0.057692 0.006090 0.022728)
            (-0.057692 0.008319 -0.008319)
            (-0.057692 0.008319 0.008319)
            (-0.057692 0.009135 -0.034091)
            (-0.057692 0.009135 0.034091)
            (-0.057692 0.010189 -0.005882)
            (-0.057692 0.010189 0.005882)
            (-0.057692 0.011364 -0.003045)
            (-0.057692 0.011364 0.003045)
            (-0.057692 0.011765 -0.020377)
            (-0.057692 0.011765 0.000000)
            (-0.057692 0.011765 0.020377)
            (-0.057692 0.012180 -0.045455)
            (-0.057692 0.012180 0.045455)
            (-0.057692 0.015225 -0.056819)
            (-0.057692 0.015225 0.056819)
            (-0.057692 0.016638 -0.016638)
            (-0.057692 0.016638 0.016638)
            (-0.057692 0.017647 -0.030566)
            (-0.057692 0.017647 0.030566)
            (-0.057692 0.018270 -0.068183)
            (-0.057692 0.018270 0.068183)
            (-0.057692 0.020377 -0.011765)
            (-0.057692 0.020377 0.011765)
            (-0.057692 0.021315 -0.079547)
            (-0.057692 0.021315 0.079547)
            (-0.057692 0.022728 -0.006090)
            (-0.057692 0.022728 0.006090)
            (-0.057692 0.023529 -0.040754)
            (-0.057692 0.023529 0.000000)
            (-0.057692 0.023529 0.040754)
            (-0.057692 0.024359 -0.090911)
            (-0.057692 0.024359 0.090911)
            (-0.057692 0.024957 -0.024957)
            (-0.057692 0.024957 0.024957)
            (-0.057692 0.027404 -0.102274)
            (-0.057692 0.027404 0.102274)
            (-0.057692 0.029412 -0.050943)
            (-0.057692 0.029412 0.050943)
            (-0.057692 0.030449 -0.113638)
            (-0.057692 0.030449 0.113638)
            (-0.057692 0.030566 -0.017647)
            (-0.057692 0.030566 0.017647)
            (-0.057692 0.033276 -0.033276)
            (-0.057692 0.033276 0.033276)
            (-0.057692 0.033494 -0.125002)
            (-0.057692 0.033494 0.125002)
            (-0.057692 0.034091 -0.009135)
            (-0.057692 0.034091 0.009135)
            (-0.057692 0.035294 -0.061131)
            (-0.057692 0.035294 0.000000)
            (-0.057692 0.035294 0.061131)
            (-0.057692 0.036539 -0.136366)
            (-0.057692 0.036539 0.136366)
            (-0.057692 0.039584 -0.147730)
            (-0.057692 0.039584 0.147730)
            (-0.057692 0.040754 -0.023529)
            (-0.057692 0.040754 0.023529)
            (-0.057692 0.041176 -0.071320)
            (-0.057692 0.041176 0.071320)
            (-0.057692 0.041595 -0.041595)
            (-0.057692 0.041595 0.041595)
            (-0.057692 0.042629 -0.159094)
            (-0.057692 0.042629 0.159094)
            (-0.057692 0.045455 -0.012180)
            (-0.057692 0.045455 0.012180)
            (-0.057692 0.045674 -0.170457)
            (-0.057692 0.045674 0.170457)
            (-0.057692 0.047059 -0.081508)
            (-0.057692 0.047059 0.000000)
            (-0.057692 0.047059 0.081508)
            (-0.057692 0.048719 -0.181821)
            (-0.057692 0.048719 0.181821)
            (-0.057692 0.049913 -0.049913)
            (-0.057692 0.049913 0.049913)
            (-0.057692 0.050943 -0.029412)
            (-0.057692 0.050943 0.029412)
            (-0.057692 0.051764 -0.193185)
            (-0.057692 0.051764 0.193185)
            (-0.057692 0.052941 -0.091697)
            (-0.057692 0.052941 0.091697)
            (-0.057692 0.056819 -0.015225)
            (-0.057692 0.056819 0.015225)
            (-0.057692 0.058232 -0.058232)
            (-0.057692 0.058232 0.058232)
            (-0.057692 0.058824 -0.101885)
            (-0.057692 0.058824 0.000000)
            (-0.057692 0.058824 0.101885)
            (-0.057692 0.061131 -0.035294)
            (-0.057692 0.061131 0.035294)
            (-0.057692 0.064706 -0.112074)
            (-0.057692 0.064706 0.112074)
            (-0.057692 0.066551 -0.066551)
            (-0.057692 0.066551 0.066551)
            (-0.057692 0.068183 -0.018270)
            (-0.057692 0.068183 0.018270)
            (-0.057692 0.070588 -0.122262)
            (-0.057692 0.070588 0.000000)
            (-0.057692 0.070588 0.122262)
            (-0.057692 0.071320 -0.041176)
            (-0.057692 0.071320 0.041176)
            (-0.057692 0.074870 -0.074870)
            (-0.057692 0.074870 0.074870)
            (-0.057692 0.076471 -0.132451)
            (-0.057692 0.076471 0.132451)
            (-0.057692 0.079547 -0.021315)
            (-0.057692 0.079547 0.021315)
            (-0.057692 0.081508 -0.047059)
            (-0.057692 0.081508 0.047059)
            (-0.057692 0.082353 -0.142639)
            (-0.057692 0.082353 0.000000)
            (-0.057692 0.082353 0.142639)
            (-0.057692 0.083189 -0.083189)
            (-0.057692 0.083189 0.083189)
            (-0.057692 0.088235 -0.152828)
            (-0.057692 0.088235 0.152828)
            (-0.057692 0.090911 -0.024359)
            (-0.057692 0.090911 0.024359)
            (-0.057692 0.091508 -0.091508)
            (-0.057692 0.091508 0.091508)
            (-0.057692 0.091697 -0.052941)
            (-0.057692 0.091697 0.052941)
            (-0.057692 0.094118 -0.163017)
            (-0.057692 0.094118 0.000000)
            (-0.057692 0.094118 0.163017)
            (-0.057692 0.099827 -0.099827)
            (-0.057692 0.099827 0.099827)
            (-0.057692 0.100000 -0.173205)
            (-0.057692 0.100000 0.173205)
            (-0.057692 0.101885 -0.058824)
            (-0.057692 0.101885 0.058824)
            (-0.057692 0.102274 -0.027404)
            (-0.057692 0.102274 0.027404)
            (-0.057692 0.105882 0.000000)
            (-0.057692 0.108146 -0.108146)
            (-0.057692 0.108146 0.108146)
            (-0.057692 0.112074 -0.064706)
            (-0.057692 0.112074 0.064706)
            (-0.057692 0.113638 -0.030449)
            (-0.057692 0.113638 0.030449)
            (-0.057692 0.116465 -0.116465)
            (-0.057692 0.116465 0.116465)
            (-0.057692 0.117647 0.000000)
            (-0.057692 0.122262 -0.070588)
            (-0.057692 0.122262 0.070588)
            (-0.057692 0.124784 -0.124784)
            (-0.057692 0.124784 0.124784)
            (-0.057692 0.125002 -0.033494)
            (-0.057692 0.125002 0.033494)
            (-0.057692 0.129412 0.000000)
            (-0.057692 0.132451 -0.076471)
            (-0.057692 0.132451 0.076471)
            (-0.057692 0.133102 -0.133102)
            (-0.057692 0.133102 0.133102)
            (-0.057692 0.136366 -0.036539)
            (-0.057692 0.136366 0.036539)
            (-0.057692 0.141176 0.000000)
            (-0.057692 0.141421 -0.141421)
            (-0.057692 0.141421 0.141421)
            (-0.057692 0.142639 -0.082353)
            (-0.057692 0.142639 0.082353)
            (-0.057692 0.147730 -0.039584)
            (-0.057692 0.147730 0.039584)
            (-0.057692 0.152828 -0.088235)
            (-0.057692 0.152828 0.088235)
            (-0.057692 0.152941 0.000000)
            (-0.057692 0.159094 -0.042629)
            (-0.057692 0.159094 0.042629)
            (-0.057692 0.163017 -0.094118)
            (-0.057692 0.163017 0.094118)
            (-0.057692 0.164706 0.000000)
            (-0.057692 0.170457 -0.045674)
            (-0.057692 0.170457 0.045674)
            (-0.057692 0.173205 -0.100000)
            (-0.057692 0.173205 0.100000)
            (-0.057692 0.176471 0.000000)
            (-0.057692 0.181821 -0.048719)
            (-0.057692 0.181821 0.048719)
            (-0.057692 0.188235 0.000000)
            (-0.057692 0.193185 -0.051764)
            (-0.057692 0.193185 0.051764)
            (-0.057692 0.200000 0.000000)
            (-0.046154 -0.200000 0.000000)
            (-0.046154 -0.193185 -0.051764)
            (-0.046154 -0.193185 0.051764)
            (-0.046154 -0.188235 0.000000)
            (-0.046154 -0.181821 -0.048719)
            (-0.046154 -0.181821 0.048719)
            (-0.046154 -0.176471 0.000000)
            (-0.046154 -0.173205 -0.100000)
            (-0.046154 -0.173205 0.100000)
            (-0.046154 -0.170457 -0.045674)
            (-0.046154 -0.170457 0.045674)
            (-0.046154 -0.164706 0.000000)
            (-0.046154 -0.163017 -0.094118)
            (-0.046154 -0.163017 0.094118)
            (-0.046154 -0.159094 -0.042629)
            (-0.046154 -0.159094 0.042629)
            (-0.046154 -0.152941 0.000000)
            (-0.046154 -0.152828 -0.088235)
            (-0.046154 -0.152828 0.088235)
            (-0.046154 -0.147730 -0.039584)
            (-0.046154 -0.147730 0.039584)
            (-0.046154 -0.142639 -0.082353)
            (-0.046154 -0.142639 0.082353)
            (-0.046154 -0.141421 -0.141421)
            (-0.046154 -0.141421 0.141421)
            (-0.046154 -0.141176 0.000000)
            (-0.046154 -0.136366 -0.036539)
            (-0.046154 -0.136366 0.036539)
            (-0.046154 -0.133102 -0.133102)
            (-0.046154 -0.133102 0.133102)
            (-0.046154 -0.132451 -0.076471)
            (-0.046154 -0.132451 0.076471)
            (-0.046154 -0.129412 0.000000)
            (-0.046154 -0.125002 -0.033494)
            (-0.046154 -0.125002 0.033494)
            (-0.046154 -0.124784 -0.124784)
            (-0.046154 -0.124784 0.124784)
            (-0.046154 -0.122262 -0.070588)
            (-0.046154 -0.122262 0.070588)
            (-0.046154 -0.117647 0.000000)
            (-0.046154 -0.116465 -0.116465)
            (-0.046154 -0.116465 0.116465)
            (-0.046154 -0.113638 -0.030449)
            (-0.046154 -0.113638 0.030449)
            (-0.046154 -0.112074 -0.064706)
            (-0.046154 -0.112074 0.064706)
            (-0.046154 -0.108146 -0.108146)
            (-0.046154 -0.108146 0.108146)
            (-0.046154 -0.105882 0.000000)
            (-0.046154 -0.102274 -0.027404)
            (-0.046154 -0.102274 0.027404)
            (-0.046154 -0.101885 -0.058824)
            (-0.046154 -0.101885 0.058824)
            (-0.046154 -0.100000 -0.173205)
            (-0.046154 -0.100000 0.173205)
            (-0.046154 -0.099827 -0.099827)
            (-0.046154 -0.099827 0.099827)
            (-0.046154 -0.094118 -0.163017)
            (-0.046154 -0.094118 0.000000)
            (-0.046154 -0.094118 0.163017)
            (-0.046154 -0.091697 -0.052941)
            (-0.046154 -0.091697 0.052941)
            (-0.046154 -0.091508 -0.091508)
            (-0.046154 -0.091508 0.091508)
            (-0.046154 -0.090911 -0.024359)
            (-0.046154 -0.090911 0.024359)
            (-0.046154 -0.088235 -0.152828)
            (-0.046154 -0.088235 0.152828)
            (-0.046154 -0.083189 -0.083189)
            (-0.046154 -0.083189 0.083189)
            (-0.046154 -0.082353 -0.142639)
            (-0.046154 -0.082353 0.000000)
            (-0.046154 -0.082353 0.142639)
            (-0.046154 -0.081508 -0.047059)
            (-0.046154 -0.081508 0.047059)
            (-0.046154 -0.079547 -0.021315)
            (-0.046154 -0.079547 0.021315)
            (-0.046154 -0.076471 -0.132451)
            (-0.046154 -0.076471 0.132451)
            (-0.046154 -0.074870 -0.074870)
            (-0.046154 -0.074870 0.074870)
            (-0.046154 -0.071320 -0.041176)
            (-0.046154 -0.071320 0.041176)
            (-0.046154 -0.070588 -0.122262)
            (-0.046154 -0.070588 0.000000)
            (-0.046154 -0.070588 0.122262)
            (-0.046154 -0.068183 -0.018270)
            (-0.046154 -0.068183 0.018270)
            (-0.046154 -0.066551 -0.066551)
            (-0.046154 -0.066551 0.066551)
            (-0.046154 -0.064706 -0.112074)
            (-0.046154 -0.064706 0.112074)
            (-0.046154 -0.061131 -0.035294)
            (-0.046154 -0.061131 0.035294)
            (-0.046154 -0.058824 -0.101885)
            (-0.046154 -0.058824 0.000000)
            (-0.046154 -0.058824 0.101885)
            (-0.046154 -0.058232 -0.058232)
            (-0.046154 -0.058232 0.058232)
            (-0.046154 -0.056819 -0.015225)
            (-0.046154 -0.056819 0.015225)
            (-0.046154 -0.052941 -0.091697)
            (-0.046154 -0.052941 0.091697)
            (-0.046154 -0.051764 -0.193185)
            (-0.046154 -0.051764 0.193185)
            (-0.046154 -0.050943 -0.029412)
            (-0.046154 -0.050943 0.029412)
            (-0.046154 -0.049913 -0.049913)
            (-0.046154 -0.049913 0.049913)
            (-0.046154 -0.048719 -0.181821)
            (-0.046154 -0.048719 0.181821)
            (-0.046154 -0.047059 -0.081508)
            (-0.046154 -0.047059 0.000000)
            (-0.046154 -0.047059 0.081508)
            (-0.046154 -0.045674 -0.170457)
            (-0.046154 -0.045674 0.170457)
            (-0.046154 -0.045455 -0.012180)
            (-0.046154 -0.045455 0.012180)
            (-0.046154 -0.042629 -0.159094)
            (-0.046154 -0.042629 0.159094)
            (-0.046154 -0.041595 -0.041595)
            (-0.046154 -0.041595 0.041595)
            (-0.046154 -0.041176 -0.071320)
            (-0.046154 -0.041176 0.071320)
            (-0.046154 -0.040754 -0.023529)
            (-0.046154 -0.040754 0.023529)
            (-0.046154 -0.039584 -0.147730)
            (-0.046154 -0.039584 0.147730)
            (-0.046154 -0.036539 -0.136366)
            (-0.046154 -0.036539 0.136366)
            (-0.046154 -0.035294 -0.061131)
            (-0.046154 -0.035294 0.000000)
            (-0.046154 -0.035294 0.061131)
            (-0.046154 -0.034091 -0.009135)
            (-0.046154 -0.034091 0.009135)
            (-0.046154 -0.033494 -0.125002)
            (-0.046154 -0.033494 0.125002)
            (-0.046154 -0.033276 -0.033276)
            (-0.046154 -0.033276 0.033276)
            (-0.046154 -0.030566 -0.017647)
            (-0.046154 -0.030566 0.017647)
            (-0.046154 -0.030449 -0.113638)
            (-0.046154 -0.030449 0.113638)
            (-0.046154 -0.029412 -0.050943)
            (-0.046154 -0.029412 0.050943)
            (-0.046154 -0.027404 -0.102274)
            (-0.046154 -0.027404 0.102274)
            (-0.046154 -0.024957 -0.024957)
            (-0.046154 -0.024957 0.024957)
            (-0.046154 -0.024359 -0.090911)
            (-0.046154 -0.024359 0.090911)
            (-0.046154 -0.023529 -0.040754)
            (-0.046154 -0.023529 0.000000)
            (-0.046154 -0.023529 0.040754)
            (-0.046154 -0.022728 -0.006090)
            (-0.046154 -0.022728 0.006090)
            (-0.046154 -0.021315 -0.079547)
            (-0.046154 -0.021315 0.079547)
            (-0.046154 -0.020377 -0.011765)
            (-0.046154 -0.020377 0.011765)
            (-0.046154 -0.018270 -0.068183)
            (-0.046154 -0.018270 0.068183)
            (-0.046154 -0.017647 -0.030566)
            (-0.046154 -0.017647 0.030566)
            (-0.046154 -0.016638 -0.016638)
            (-0.046154 -0.016638 0.016638)
            (-0.046154 -0.015225 -0.056819)
            (-0.046154 -0.015225 0.056819)
            (-0.046154 -0.012180 -0.045455)
            (-0.046154 -0.012180 0.045455)
            (-0.046154 -0.011765 -0.020377)
            (-0.046154 -0.011765 0.000000)
            (-0.046154 -0.011765 0.020377)
            (-0.046154 -0.011364 -0.003045)
            (-0.046154 -0.011364 0.003045)
            (-0.046154 -0.010189 -0.005882)
            (-0.046154 -0.010189 0.005882)
            (-0.046154 -0.009135 -0.034091)
            (-0.046154 -0.009135 0.034091)
            (-0.046154 -0.008319 -0.008319)
            (-0.046154 -0.008319 0.008319)
            (-0.046154 -0.006090 -0.022728)
            (-0.046154 -0.006090 0.022728)
            (-0.046154 -0.005882 -0.010189)
            (-0.046154 -0.005882 0.010189)
            (-0.046154 -0.003045 -0.011364)
            (-0.046154 -0.003045 0.011364)
            (-0.046154 -0.000000 -0.200000)
            (-0.046154 -0.000000 -0.188235)
            (-0.046154 -0.000000 -0.176471)
            (-0.046154 -0.000000 -0.164706)
            (-0.046154 -0.000000 -0.152941)
            (-0.046154 -0.000000 -0.141176)
            (-0.046154 -0.000000 -0.129412)
            (-0.046154 -0.000000 -0.117647)
            (-0.046154 -0.000000 -0.105882)
            (-0.046154 -0.000000 -0.094118)
            (-0.046154 -0.000000 -0.082353)
            (-0.046154 -0.000000 -0.070588)
            (-0.046154 -0.000000 -0.058824)
            (-0.046154 -0.000000 -0.047059)
            (-0.046154 -0.000000 -0.035294)
            (-0.046154 -0.000000 -0.023529)
            (-0.046154 -0.000000 -0.011765)
            (-0.046154 0.000000 0.000000)
            (-0.046154 0.000000 0.011765)
            (-0.046154 0.000000 0.023529)
            (-0.046154 0.000000 0.035294)
            (-0.046154 0.000000 0.047059)
            (-0.046154 0.000000 0.058824)
            (-0.046154 0.000000 0.070588)
            (-0.046154 0.000000 0.082353)
            (-0.046154 0.000000 0.094118)
            (-0.046154 0.000000 0.105882)
            (-0.046154 0.000000 0.117647)
            (-0.046154 0.000000 0.129412)
            (-0.046154 0.000000 0.141176)
            (-0.046154 0.000000 0.152941)
            (-0.046154 0.000000 0.164706)
            (-0.046154 0.000000 0.176471)
            (-0.046154 0.000000 0.188235)
            (-0.046154 0.000000 0.200000)
            (-0.046154 0.003045 -0.011364)
            (-0.046154 0.003045 0.011364)
            (-0.046154 0.005882 -0.010189)
            (-0.046154 0.005882 0.010189)
            (-0.046154 0.006090 -0.022728)
            (-0.046154 0.006090 0.022728)
            (-0.046154 0.008319 -0.008319)
            (-0.046154 0.008319 0.008319)
            (-0.046154 0.009135 -0.034091)
            (-0.046154 0.009135 0.034091)
            (-0.046154 0.010189 -0.005882)
            (-0.046154 0.010189 0.005882)
            (-0.046154 0.011364 -0.003045)
            (-0.046154 0.011364 0.003045)
            (-0.046154 0.011765 -0.020377)
            (-0.046154 0.011765 0.000000)
            (-0.046154 0.011765 0.020377)
            (-0.046154 0.012180 -0.045455)
            (-0.046154 0.012180 0.045455)
            (-0.046154 0.015225 -0.056819)
            (-0.046154 0.015225 0.056819)
            (-0.046154 0.016638 -0.016638)
            (-0.046154 0.016638 0.016638)
            (-0.046154 0.017647 -0.030566)
            (-0.046154 0.017647 0.030566)
            (-0.046154 0.018270 -0.068183)
            (-0.046154 0.018270 0.068183)
            (-0.046154 0.020377 -0.011765)
            (-0.046154 0.020377 0.011765)
            (-0.046154 0.021315 -0.079547)
            (-0.046154 0.021315 0.079547)
            (-0.046154 0.022728 -0.006090)
            (-0.046154 0.022728 0.006090)
            (-0.046154 0.023529 -0.040754)
            (-0.046154 0.023529 0.000000)
            (-0.046154 0.023529 0.040754)
            (-0.046154 0.024359 -0.090911)
            (-0.046154 0.024359 0.090911)
            (-0.046154 0.024957 -0.024957)
            (-0.046154 0.024957 0.024957)
            (-0.046154 0.027404 -0.102274)
            (-0.046154 0.027404 0.102274)
            (-0.046154 0.029412 -0.050943)
            (-0.046154 0.029412 0.050943)
            (-0.046154 0.030449 -0.113638)
            (-0.046154 0.030449 0.113638)
            (-0.046154 0.030566 -0.017647)
            (-0.046154 0.030566 0.017647)
            (-0.046154 0.033276 -0.033276)
            (-0.046154 0.033276 0.033276)
            (-0.046154 0.033494 -0.125002)
            (-0.046154 0.033494 0.125002)
            (-0.046154 0.034091 -0.009135)
            (-0.046154 0.034091 0.009135)
            (-0.046154 0.035294 -0.061131)
            (-0.046154 0.035294 0.000000)
            (-0.046154 0.035294 0.061131)
            (-0.046154 0.036539 -0.136366)
            (-0.046154 0.036539 0.136366)
            (-0.046154 0.039584 -0.147730)
            (-0.046154 0.039584 0.147730)
            (-0.046154 0.040754 -0.023529)
            (-0.046154 0.040754 0.023529)
            (-0.046154 0.041176 -0.071320)
            (-0.046154 0.041176 0.071320)
            (-0.046154 0.041595 -0.041595)
            (-0.046154 0.041595 0.041595)
            (-0.046154 0.042629 -0.159094)
            (-0.046154 0.042629 0.159094)
            (-0.046154 0.045455 -0.012180)
            (-0.046154 0.045455 0.012180)
            (-0.046154 0.045674 -0.170457)
            (-0.046154 0.045674 0.170457)
            (-0.046154 0.047059 -0.081508)
            (-0.046154 0.047059 0.000000)
            (-0.046154 0.047059 0.081508)
            (-0.046154 0.048719 -0.181821)
            (-0.046154 0.048719 0.181821)
            (-0.046154 0.049913 -0.049913)
            (-0.046154 0.049913 0.049913)
            (-0.046154 0.050943 -0.029412)
            (-0.046154 0.050943 0.029412)
            (-0.046154 0.051764 -0.193185)
            (-0.046154 0.051764 0.193185)
            (-0.046154 0.052941 -0.091697)
            (-0.046154 0.052941 0.091697)
            (-0.046154 0.056819 -0.015225)
            (-0.046154 0.056819 0.015225)
            (-0.046154 0.058232 -0.058232)
            (-0.046154 0.058232 0.058232)
            (-0.046154 0.058824 -0.101885)
            (-0.046154 0.058824 0.000000)
            (-0.046154 0.058824 0.101885)
            (-0.046154 0.061131 -0.035294)
            (-0.046154 0.061131 0.035294)
            (-0.046154 0.064706 -0.112074)
            (-0.046154 0.064706 0.112074)
            (-0.046154 0.066551 -0.066551)
            (-0.046154 0.066551 0.066551)
            (-0.046154 0.068183 -0.018270)
            (-0.046154 0.068183 0.018270)
            (-0.046154 0.070588 -0.122262)
            (-0.046154 0.070588 0.000000)
            (-0.046154 0.070588 0.122262)
            (-0.046154 0.071320 -0.041176)
            (-0.046154 0.071320 0.041176)
            (-0.046154 0.074870 -0.074870)
            (-0.046154 0.074870 0.074870)
            (-0.046154 0.076471 -0.132451)
            (-0.046154 0.076471 0.132451)
            (-0.046154 0.079547 -0.021315)
            (-0.046154 0.079547 0.021315)
            (-0.046154 0.081508 -0.047059)
            (-0.046154 0.081508 0.047059)
            (-0.046154 0.082353 -0.142639)
            (-0.046154 0.082353 0.000000)
            (-0.046154 0.082353 0.142639)
            (-0.046154 0.083189 -0.083189)
            (-0.046154 0.083189 0.083189)
            (-0.046154 0.088235 -0.152828)
            (-0.046154 0.088235 0.152828)
            (-0.046154 0.090911 -0.024359)
            (-0.046154 0.090911 0.024359)
            (-0.046154 0.091508 -0.091508)
            (-0.046154 0.091508 0.091508)
            (-0.046154 0.091697 -0.052941)
            (-0.046154 0.091697 0.052941)
            (-0.046154 0.094118 -0.163017)
            (-0.046154 0.094118 0.000000)
            (-0.046154 0.094118 0.163017)
            (-0.046154 0.099827 -0.099827)
            (-0.046154 0.099827 0.099827)
            (-0.046154 0.100000 -0.173205)
            (-0.046154 0.100000 0.173205)
            (-0.046154 0.101885 -0.058824)
            (-0.046154 0.101885 0.058824)
            (-0.046154 0.102274 -0.027404)
            (-0.046154 0.102274 0.027404)
            (-0.046154 0.105882 0.000000)
            (-0.046154 0.108146 -0.108146)
            (-0.046154 0.108146 0.108146)
            (-0.046154 0.112074 -0.064706)
            (-0.046154 0.112074 0.064706)
            (-0.046154 0.113638 -0.030449)
            (-0.046154 0.113638 0.030449)
            (-0.046154 0.116465 -0.116465)
            (-0.046154 0.116465 0.116465)
            (-0.046154 0.117647 0.000000)
            (-0.046154 0.122262 -0.070588)
            (-0.046154 0.122262 0.070588)
            (-0.046154 0.124784 -0.124784)
            (-0.046154 0.124784 0.124784)
            (-0.046154 0.125002 -0.033494)
            (-0.046154 0.125002 0.033494)
            (-0.046154 0.129412 0.000000)
            (-0.046154 0.132451 -0.076471)
            (-0.046154 0.132451 0.076471)
            (-0.046154 0.133102 -0.133102)
            (-0.046154 0.133102 0.133102)
            (-0.046154 0.136366 -0.036539)
            (-0.046154 0.136366 0.036539)
            (-0.046154 0.141176 0.000000)
            (-0.046154 0.141421 -0.141421)
            (-0.046154 0.141421 0.141421)
            (-0.046154 0.142639 -0.082353)
            (-0.046154 0.142639 0.082353)
            (-0.046154 0.147730 -0.039584)
            (-0.046154 0.147730 0.039584)
            (-0.046154 0.152828 -0.088235)
            (-0.046154 0.152828 0.088235)
            (-0.046154 0.152941 0.000000)
            (-0.046154 0.159094 -0.042629)
            (-0.046154 0.159094 0.042629)
            (-0.046154 0.163017 -0.094118)
            (-0.046154 0.163017 0.094118)
            (-0.046154 0.164706 0.000000)
            (-0.046154 0.170457 -0.045674)
            (-0.046154 0.170457 0.045674)
            (-0.046154 0.173205 -0.100000)
            (-0.046154 0.173205 0.100000)
            (-0.046154 0.176471 0.000000)
            (-0.046154 0.181821 -0.048719)
            (-0.046154 0.181821 0.048719)
            (-0.046154 0.188235 0.000000)
            (-0.046154 0.193185 -0.051764)
            (-0.046154 0.193185 0.051764)
            (-0.046154 0.200000 0.000000)
            (-0.034615 -0.200000 0.000000)
            (-0.034615 -0.193185 -0.051764)
            (-0.034615 -0.193185 0.051764)
            (-0.034615 -0.188235 0.000000)
            (-0.034615 -0.181821 -0.048719)
            (-0.034615 -0.181821 0.048719)
            (-0.034615 -0.176471 0.000000)
            (-0.034615 -0.173205 -0.100000)
            (-0.034615 -0.173205 0.100000)
            (-0.034615 -0.170457 -0.045674)
            (-0.034615 -0.170457 0.045674)
            (-0.034615 -0.164706 0.000000)
            (-0.034615 -0.163017 -0.094118)
            (-0.034615 -0.163017 0.094118)
            (-0.034615 -0.159094 -0.042629)
            (-0.034615 -0.159094 0.042629)
            (-0.034615 -0.152941 0.000000)
            (-0.034615 -0.152828 -0.088235)
            (-0.034615 -0.152828 0.088235)
            (-0.034615 -0.147730 -0.039584)
            (-0.034615 -0.147730 0.039584)
            (-0.034615 -0.142639 -0.082353)
            (-0.034615 -0.142639 0.082353)
            (-0.034615 -0.141421 -0.141421)
            (-0.034615 -0.141421 0.141421)
            (-0.034615 -0.141176 0.000000)
            (-0.034615 -0.136366 -0.036539)
            (-0.034615 -0.136366 0.036539)
            (-0.034615 -0.133102 -0.133102)
            (-0.034615 -0.133102 0.133102)
            (-0.034615 -0.132451 -0.076471)
            (-0.034615 -0.132451 0.076471)
            (-0.034615 -0.129412 0.000000)
            (-0.034615 -0.125002 -0.033494)
            (-0.034615 -0.125002 0.033494)
            (-0.034615 -0.124784 -0.124784)
            (-0.034615 -0.124784 0.124784)
            (-0.034615 -0.122262 -0.070588)
            (-0.034615 -0.122262 0.070588)
            (-0.034615 -0.117647 0.000000)
            (-0.034615 -0.116465 -0.116465)
            (-0.034615 -0.116465 0.116465)
            (-0.034615 -0.113638 -0.030449)
            (-0.034615 -0.113638 0.030449)
            (-0.034615 -0.112074 -0.064706)
            (-0.034615 -0.112074 0.064706)
            (-0.034615 -0.108146 -0.108146)
            (-0.034615 -0.108146 0.108146)
            (-0.034615 -0.105882 0.000000)
            (-0.034615 -0.102274 -0.027404)
            (-0.034615 -0.102274 0.027404)
            (-0.034615 -0.101885 -0.058824)
            (-0.034615 -0.101885 0.058824)
            (-0.034615 -0.100000 -0.173205)
            (-0.034615 -0.100000 0.173205)
            (-0.034615 -0.099827 -0.099827)
            (-0.034615 -0.099827 0.099827)
            (-0.034615 -0.094118 -0.163017)
            (-0.034615 -0.094118 0.000000)
            (-0.034615 -0.094118 0.163017)
            (-0.034615 -0.091697 -0.052941)
            (-0.034615 -0.091697 0.052941)
            (-0.034615 -0.091508 -0.091508)
            (-0.034615 -0.091508 0.091508)
            (-0.034615 -0.090911 -0.024359)
            (-0.034615 -0.090911 0.024359)
            (-0.034615 -0.088235 -0.152828)
            (-0.034615 -0.088235 0.152828)
            (-0.034615 -0.083189 -0.083189)
            (-0.034615 -0.083189 0.083189)
            (-0.034615 -0.082353 -0.142639)
            (-0.034615 -0.082353 0.000000)
            (-0.034615 -0.082353 0.142639)
            (-0.034615 -0.081508 -0.047059)
            (-0.034615 -0.081508 0.047059)
            (-0.034615 -0.079547 -0.021315)
            (-0.034615 -0.079547 0.021315)
            (-0.034615 -0.076471 -0.132451)
            (-0.034615 -0.076471 0.132451)
            (-0.034615 -0.074870 -0.074870)
            (-0.034615 -0.074870 0.074870)
            (-0.034615 -0.071320 -0.041176)
            (-0.034615 -0.071320 0.041176)
            (-0.034615 -0.070588 -0.122262)
            (-0.034615 -0.070588 0.000000)
            (-0.034615 -0.070588 0.122262)
            (-0.034615 -0.068183 -0.018270)
            (-0.034615 -0.068183 0.018270)
            (-0.034615 -0.066551 -0.066551)
            (-0.034615 -0.066551 0.066551)
            (-0.034615 -0.064706 -0.112074)
            (-0.034615 -0.064706 0.112074)
            (-0.034615 -0.061131 -0.035294)
            (-0.034615 -0.061131 0.035294)
            (-0.034615 -0.058824 -0.101885)
            (-0.034615 -0.058824 0.000000)
            (-0.034615 -0.058824 0.101885)
            (-0.034615 -0.058232 -0.058232)
            (-0.034615 -0.058232 0.058232)
            (-0.034615 -0.056819 -0.015225)
            (-0.034615 -0.056819 0.015225)
            (-0.034615 -0.052941 -0.091697)
            (-0.034615 -0.052941 0.091697)
            (-0.034615 -0.051764 -0.193185)
            (-0.034615 -0.051764 0.193185)
            (-0.034615 -0.050943 -0.029412)
            (-0.034615 -0.050943 0.029412)
            (-0.034615 -0.049913 -0.049913)
            (-0.034615 -0.049913 0.049913)
            (-0.034615 -0.048719 -0.181821)
            (-0.034615 -0.048719 0.181821)
            (-0.034615 -0.047059 -0.081508)
            (-0.034615 -0.047059 0.000000)
            (-0.034615 -0.047059 0.081508)
            (-0.034615 -0.045674 -0.170457)
            (-0.034615 -0.045674 0.170457)
            (-0.034615 -0.045455 -0.012180)
            (-0.034615 -0.045455 0.012180)
            (-0.034615 -0.042629 -0.159094)
            (-0.034615 -0.042629 0.159094)
            (-0.034615 -0.041595 -0.041595)
            (-0.034615 -0.041595 0.041595)
            (-0.034615 -0.041176 -0.071320)
            (-0.034615 -0.041176 0.071320)
            (-0.034615 -0.040754 -0.023529)
            (-0.034615 -0.040754 0.023529)
            (-0.034615 -0.039584 -0.147730)
            (-0.034615 -0.039584 0.147730)
            (-0.034615 -0.036539 -0.136366)
            (-0.034615 -0.036539 0.136366)
            (-0.034615 -0.035294 -0.061131)
            (-0.034615 -0.035294 0.000000)
            (-0.034615 -0.035294 0.061131)
            (-0.034615 -0.034091 -0.009135)
            (-0.034615 -0.034091 0.009135)
            (-0.034615 -0.033494 -0.125002)
            (-0.034615 -0.033494 0.125002)
            (-0.034615 -0.033276 -0.033276)
            (-0.034615 -0.033276 0.033276)
            (-0.034615 -0.030566 -0.017647)
            (-0.034615 -0.030566 0.017647)
            (-0.034615 -0.030449 -0.113638)
            (-0.034615 -0.030449 0.113638)
            (-0.034615 -0.029412 -0.050943)
            (-0.034615 -0.029412 0.050943)
            (-0.034615 -0.027404 -0.102274)
            (-0.034615 -0.027404 0.102274)
            (-0.034615 -0.024957 -0.024957)
            (-0.034615 -0.024957 0.024957)
            (-0.034615 -0.024359 -0.090911)
            (-0.034615 -0.024359 0.090911)
            (-0.034615 -0.023529 -0.040754)
            (-0.034615 -0.023529 0.000000)
            (-0.034615 -0.023529 0.040754)
            (-0.034615 -0.022728 -0.006090)
            (-0.034615 -0.022728 0.006090)
            (-0.034615 -0.021315 -0.079547)
            (-0.034615 -0.021315 0.079547)
            (-0.034615 -0.020377 -0.011765)
            (-0.034615 -0.020377 0.011765)
            (-0.034615 -0.018270 -0.068183)
            (-0.034615 -0.018270 0.068183)
            (-0.034615 -0.017647 -0.030566)
            (-0.034615 -0.017647 0.030566)
            (-0.034615 -0.016638 -0.016638)
            (-0.034615 -0.016638 0.016638)
            (-0.034615 -0.015225 -0.056819)
            (-0.034615 -0.015225 0.056819)
            (-0.034615 -0.012180 -0.045455)
            (-0.034615 -0.012180 0.045455)
            (-0.034615 -0.011765 -0.020377)
            (-0.034615 -0.011765 0.000000)
            (-0.034615 -0.011765 0.020377)
            (-0.034615 -0.011364 -0.003045)
            (-0.034615 -0.011364 0.003045)
            (-0.034615 -0.010189 -0.005882)
            (-0.034615 -0.010189 0.005882)
            (-0.034615 -0.009135 -0.034091)
            (-0.034615 -0.009135 0.034091)
            (-0.034615 -0.008319 -0.008319)
            (-0.034615 -0.008319 0.008319)
            (-0.034615 -0.006090 -0.022728)
            (-0.034615 -0.006090 0.022728)
            (-0.034615 -0.005882 -0.010189)
            (-0.034615 -0.005882 0.010189)
            (-0.034615 -0.003045 -0.011364)
            (-0.034615 -0.003045 0.011364)
            (-0.034615 -0.000000 -0.200000)
            (-0.034615 -0.000000 -0.188235)
            (-0.034615 -0.000000 -0.176471)
            (-0.034615 -0.000000 -0.164706)
            (-0.034615 -0.000000 -0.152941)
            (-0.034615 -0.000000 -0.141176)
            (-0.034615 -0.000000 -0.129412)
            (-0.034615 -0.000000 -0.117647)
            (-0.034615 -0.000000 -0.105882)
            (-0.034615 -0.000000 -0.094118)
            (-0.034615 -0.000000 -0.082353)
            (-0.034615 -0.000000 -0.070588)
            (-0.034615 -0.000000 -0.058824)
            (-0.034615 -0.000000 -0.047059)
            (-0.034615 -0.000000 -0.035294)
            (-0.034615 -0.000000 -0.023529)
            (-0.034615 -0.000000 -0.011765)
            (-0.034615 -0.000000 -0.000000)
            (-0.034615 0.000000 0.011765)
            (-0.034615 0.000000 0.023529)
            (-0.034615 0.000000 0.035294)
            (-0.034615 0.000000 0.047059)
            (-0.034615 0.000000 0.058824)
            (-0.034615 0.000000 0.070588)
            (-0.034615 0.000000 0.082353)
            (-0.034615 0.000000 0.094118)
            (-0.034615 0.000000 0.105882)
            (-0.034615 0.000000 0.117647)
            (-0.034615 0.000000 0.129412)
            (-0.034615 0.000000 0.141176)
            (-0.034615 0.000000 0.152941)
            (-0.034615 0.000000 0.164706)
            (-0.034615 0.000000 0.176471)
            (-0.034615 0.000000 0.188235)
            (-0.034615 0.000000 0.200000)
            (-0.034615 0.003045 -0.011364)
            (-0.034615 0.003045 0.011364)
            (-0.034615 0.005882 -0.010189)
            (-0.034615 0.005882 0.010189)
            (-0.034615 0.006090 -0.022728)
            (-0.034615 0.006090 0.022728)
            (-0.034615 0.008319 -0.008319)
            (-0.034615 0.008319 0.008319)
            (-0.034615 0.009135 -0.034091)
            (-0.034615 0.009135 0.034091)
            (-0.034615 0.010189 -0.005882)
            (-0.034615 0.010189 0.005882)
            (-0.034615 0.011364 -0.003045)
            (-0.034615 0.011364 0.003045)
            (-0.034615 0.011765 -0.020377)
            (-0.034615 0.011765 0.000000)
            (-0.034615 0.011765 0.020377)
            (-0.034615 0.012180 -0.045455)
            (-0.034615 0.012180 0.045455)
            (-0.034615 0.015225 -0.056819)
            (-0.034615 0.015225 0.056819)
            (-0.034615 0.016638 -0.016638)
            (-0.034615 0.016638 0.016638)
            (-0.034615 0.017647 -0.030566)
            (-0.034615 0.017647 0.030566)
            (-0.034615 0.018270 -0.068183)
            (-0.034615 0.018270 0.068183)
            (-0.034615 0.020377 -0.011765)
            (-0.034615 0.020377 0.011765)
            (-0.034615 0.021315 -0.079547)
            (-0.034615 0.021315 0.079547)
            (-0.034615 0.022728 -0.006090)
            (-0.034615 0.022728 0.006090)
            (-0.034615 0.023529 -0.040754)
            (-0.034615 0.023529 0.000000)
            (-0.034615 0.023529 0.040754)
            (-0.034615 0.024359 -0.090911)
            (-0.034615 0.024359 0.090911)
            (-0.034615 0.024957 -0.024957)
            (-0.034615 0.024957 0.024957)
            (-0.034615 0.027404 -0.102274)
            (-0.034615 0.027404 0.102274)
            (-0.034615 0.029412 -0.050943)
            (-0.034615 0.029412 0.050943)
            (-0.034615 0.030449 -0.113638)
            (-0.034615 0.030449 0.113638)
            (-0.034615 0.030566 -0.017647)
            (-0.034615 0.030566 0.017647)
            (-0.034615 0.033276 -0.033276)
            (-0.034615 0.033276 0.033276)
            (-0.034615 0.033494 -0.125002)
            (-0.034615 0.033494 0.125002)
            (-0.034615 0.034091 -0.009135)
            (-0.034615 0.034091 0.009135)
            (-0.034615 0.035294 -0.061131)
            (-0.034615 0.035294 0.000000)
            (-0.034615 0.035294 0.061131)
            (-0.034615 0.036539 -0.136366)
            (-0.034615 0.036539 0.136366)
            (-0.034615 0.039584 -0.147730)
            (-0.034615 0.039584 0.147730)
            (-0.034615 0.040754 -0.023529)
            (-0.034615 0.040754 0.023529)
            (-0.034615 0.041176 -0.071320)
            (-0.034615 0.041176 0.071320)
            (-0.034615 0.041595 -0.041595)
            (-0.034615 0.041595 0.041595)
            (-0.034615 0.042629 -0.159094)
            (-0.034615 0.042629 0.159094)
            (-0.034615 0.045455 -0.012180)
            (-0.034615 0.045455 0.012180)
            (-0.034615 0.045674 -0.170457)
            (-0.034615 0.045674 0.170457)
            (-0.034615 0.047059 -0.081508)
            (-0.034615 0.047059 0.000000)
            (-0.034615 0.047059 0.081508)
            (-0.034615 0.048719 -0.181821)
            (-0.034615 0.048719 0.181821)
            (-0.034615 0.049913 -0.049913)
            (-0.034615 0.049913 0.049913)
            (-0.034615 0.050943 -0.029412)
            (-0.034615 0.050943 0.029412)
            (-0.034615 0.051764 -0.193185)
            (-0.034615 0.051764 0.193185)
            (-0.034615 0.052941 -0.091697)
            (-0.034615 0.052941 0.091697)
            (-0.034615 0.056819 -0.015225)
            (-0.034615 0.056819 0.015225)
            (-0.034615 0.058232 -0.058232)
            (-0.034615 0.058232 0.058232)
            (-0.034615 0.058824 -0.101885)
            (-0.034615 0.058824 0.000000)
            (-0.034615 0.058824 0.101885)
            (-0.034615 0.061131 -0.035294)
            (-0.034615 0.061131 0.035294)
            (-0.034615 0.064706 -0.112074)
            (-0.034615 0.064706 0.112074)
            (-0.034615 0.066551 -0.066551)
            (-0.034615 0.066551 0.066551)
            (-0.034615 0.068183 -0.018270)
            (-0.034615 0.068183 0.018270)
            (-0.034615 0.070588 -0.122262)
            (-0.034615 0.070588 0.000000)
            (-0.034615 0.070588 0.122262)
            (-0.034615 0.071320 -0.041176)
            (-0.034615 0.071320 0.041176)
            (-0.034615 0.074870 -0.074870)
            (-0.034615 0.074870 0.074870)
            (-0.034615 0.076471 -0.132451)
            (-0.034615 0.076471 0.132451)
            (-0.034615 0.079547 -0.021315)
            (-0.034615 0.079547 0.021315)
            (-0.034615 0.081508 -0.047059)
            (-0.034615 0.081508 0.047059)
            (-0.034615 0.082353 -0.142639)
            (-0.034615 0.082353 0.000000)
            (-0.034615 0.082353 0.142639)
            (-0.034615 0.083189 -0.083189)
            (-0.034615 0.083189 0.083189)
            (-0.034615 0.088235 -0.152828)
            (-0.034615 0.088235 0.152828)
            (-0.034615 0.090911 -0.024359)
            (-0.034615 0.090911 0.024359)
            (-0.034615 0.091508 -0.091508)
            (-0.034615 0.091508 0.091508)
            (-0.034615 0.091697 -0.052941)
            (-0.034615 0.091697 0.052941)
            (-0.034615 0.094118 -0.163017)
            (-0.034615 0.094118 0.000000)
            (-0.034615 0.094118 0.163017)
            (-0.034615 0.099827 -0.099827)
            (-0.034615 0.099827 0.099827)
            (-0.034615 0.100000 -0.173205)
            (-0.034615 0.100000 0.173205)
            (-0.034615 0.101885 -0.058824)
            (-0.034615 0.101885 0.058824)
            (-0.034615 0.102274 -0.027404)
            (-0.034615 0.102274 0.027404)
            (-0.034615 0.105882 0.000000)
            (-0.034615 0.108146 -0.108146)
            (-0.034615 0.108146 0.108146)
            (-0.034615 0.112074 -0.064706)
            (-0.034615 0.112074 0.064706)
            (-0.034615 0.113638 -0.030449)
            (-0.034615 0.113638 0.030449)
            (-0.034615 0.116465 -0.116465)
            (-0.034615 0.116465 0.116465)
            (-0.034615 0.117647 0.000000)
            (-0.034615 0.122262 -0.070588)
            (-0.034615 0.122262 0.070588)
            (-0.034615 0.124784 -0.124784)
            (-0.034615 0.124784 0.124784)
            (-0.034615 0.125002 -0.033494)
            (-0.034615 0.125002 0.033494)
            (-0.034615 0.129412 0.000000)
            (-0.034615 0.132451 -0.076471)
            (-0.034615 0.132451 0.076471)
            (-0.034615 0.133102 -0.133102)
            (-0.034615 0.133102 0.133102)
            (-0.034615 0.136366 -0.036539)
            (-0.034615 0.136366 0.036539)
            (-0.034615 0.141176 0.000000)
            (-0.034615 0.141421 -0.141421)
            (-0.034615 0.141421 0.141421)
            (-0.034615 0.142639 -0.082353)
            (-0.034615 0.142639 0.082353)
            (-0.034615 0.147730 -0.039584)
            (-0.034615 0.147730 0.039584)
            (-0.034615 0.152828 -0.088235)
            (-0.034615 0.152828 0.088235)
            (-0.034615 0.152941 0.000000)
            (-0.034615 0.159094 -0.042629)
            (-0.034615 0.159094 0.042629)
            (-0.034615 0.163017 -0.094118)
            (-0.034615 0.163017 0.094118)
            (-0.034615 0.164706 0.000000)
            (-0.034615 0.170457 -0.045674)
            (-0.034615 0.170457 0.045674)
            (-0.034615 0.173205 -0.100000)
            (-0.034615 0.173205 0.100000)
            (-0.034615 0.176471 0.000000)
            (-0.034615 0.181821 -0.048719)
            (-0.034615 0.181821 0.048719)
            (-0.034615 0.188235 0.000000)
            (-0.034615 0.193185 -0.051764)
            (-0.034615 0.193185 0.051764)
            (-0.034615 0.200000 0.000000)
            (-0.023077 -0.200000 0.000000)
            (-0.023077 -0.193185 -0.051764)
            (-0.023077 -0.193185 0.051764)
            (-0.023077 -0.188235 0.000000)
            (-0.023077 -0.181821 -0.048719)
            (-0.023077 -0.181821 0.048719)
            (-0.023077 -0.176471 0.000000)
            (-0.023077 -0.173205 -0.100000)
            (-0.023077 -0.173205 0.100000)
            (-0.023077 -0.170457 -0.045674)
            (-0.023077 -0.170457 0.045674)
            (-0.023077 -0.164706 0.000000)
            (-0.023077 -0.163017 -0.094118)
            (-0.023077 -0.163017 0.094118)
            (-0.023077 -0.159094 -0.042629)
            (-0.023077 -0.159094 0.042629)
            (-0.023077 -0.152941 0.000000)
            (-0.023077 -0.152828 -0.088235)
            (-0.023077 -0.152828 0.088235)
            (-0.023077 -0.147730 -0.039584)
            (-0.023077 -0.147730 0.039584)
            (-0.023077 -0.142639 -0.082353)
            (-0.023077 -0.142639 0.082353)
            (-0.023077 -0.141421 -0.141421)
            (-0.023077 -0.141421 0.141421)
            (-0.023077 -0.141176 0.000000)
            (-0.023077 -0.136366 -0.036539)
            (-0.023077 -0.136366 0.036539)
            (-0.023077 -0.133102 -0.133102)
            (-0.023077 -0.133102 0.133102)
            (-0.023077 -0.132451 -0.076471)
            (-0.023077 -0.132451 0.076471)
            (-0.023077 -0.129412 0.000000)
            (-0.023077 -0.125002 -0.033494)
            (-0.023077 -0.125002 0.033494)
            (-0.023077 -0.124784 -0.124784)
            (-0.023077 -0.124784 0.124784)
            (-0.023077 -0.122262 -0.070588)
            (-0.023077 -0.122262 0.070588)
            (-0.023077 -0.117647 0.000000)
            (-0.023077 -0.116465 -0.116465)
            (-0.023077 -0.116465 0.116465)
            (-0.023077 -0.113638 -0.030449)
            (-0.023077 -0.113638 0.030449)
            (-0.023077 -0.112074 -0.064706)
            (-0.023077 -0.112074 0.064706)
            (-0.023077 -0.108146 -0.108146)
            (-0.023077 -0.108146 0.108146)
            (-0.023077 -0.105882 0.000000)
            (-0.023077 -0.102274 -0.027404)
            (-0.023077 -0.102274 0.027404)
            (-0.023077 -0.101885 -0.058824)
            (-0.023077 -0.101885 0.058824)
            (-0.023077 -0.100000 -0.173205)
            (-0.023077 -0.100000 0.173205)
            (-0.023077 -0.099827 -0.099827)
            (-0.023077 -0.099827 0.099827)
            (-0.023077 -0.094118 -0.163017)
            (-0.023077 -0.094118 0.000000)
            (-0.023077 -0.094118 0.163017)
            (-0.023077 -0.091697 -0.052941)
            (-0.023077 -0.091697 0.052941)
            (-0.023077 -0.091508 -0.091508)
            (-0.023077 -0.091508 0.091508)
            (-0.023077 -0.090911 -0.024359)
            (-0.023077 -0.090911 0.024359)
            (-0.023077 -0.088235 -0.152828)
            (-0.023077 -0.088235 0.152828)
            (-0.023077 -0.083189 -0.083189)
            (-0.023077 -0.083189 0.083189)
            (-0.023077 -0.082353 -0.142639)
            (-0.023077 -0.082353 0.000000)
            (-0.023077 -0.082353 0.142639)
            (-0.023077 -0.081508 -0.047059)
            (-0.023077 -0.081508 0.047059)
            (-0.023077 -0.079547 -0.021315)
            (-0.023077 -0.079547 0.021315)
            (-0.023077 -0.076471 -0.132451)
            (-0.023077 -0.076471 0.132451)
            (-0.023077 -0.074870 -0.074870)
            (-0.023077 -0.074870 0.074870)
            (-0.023077 -0.071320 -0.041176)
            (-0.023077 -0.071320 0.041176)
            (-0.023077 -0.070588 -0.122262)
            (-0.023077 -0.070588 0.000000)
            (-0.023077 -0.070588 0.122262)
            (-0.023077 -0.068183 -0.018270)
            (-0.023077 -0.068183 0.018270)
            (-0.023077 -0.066551 -0.066551)
            (-0.023077 -0.066551 0.066551)
            (-0.023077 -0.064706 -0.112074)
            (-0.023077 -0.064706 0.112074)
            (-0.023077 -0.061131 -0.035294)
            (-0.023077 -0.061131 0.035294)
            (-0.023077 -0.058824 -0.101885)
            (-0.023077 -0.058824 0.000000)
            (-0.023077 -0.058824 0.101885)
            (-0.023077 -0.058232 -0.058232)
            (-0.023077 -0.058232 0.058232)
            (-0.023077 -0.056819 -0.015225)
            (-0.023077 -0.056819 0.015225)
            (-0.023077 -0.052941 -0.091697)
            (-0.023077 -0.052941 0.091697)
            (-0.023077 -0.051764 -0.193185)
            (-0.023077 -0.051764 0.193185)
            (-0.023077 -0.050943 -0.029412)
            (-0.023077 -0.050943 0.029412)
            (-0.023077 -0.049913 -0.049913)
            (-0.023077 -0.049913 0.049913)
            (-0.023077 -0.048719 -0.181821)
            (-0.023077 -0.048719 0.181821)
            (-0.023077 -0.047059 -0.081508)
            (-0.023077 -0.047059 0.000000)
            (-0.023077 -0.047059 0.081508)
            (-0.023077 -0.045674 -0.170457)
            (-0.023077 -0.045674 0.170457)
            (-0.023077 -0.045455 -0.012180)
            (-0.023077 -0.045455 0.012180)
            (-0.023077 -0.042629 -0.159094)
            (-0.023077 -0.042629 0.159094)
            (-0.023077 -0.041595 -0.041595)
            (-0.023077 -0.041595 0.041595)
            (-0.023077 -0.041176 -0.071320)
            (-0.023077 -0.041176 0.071320)
            (-0.023077 -0.040754 -0.023529)
            (-0.023077 -0.040754 0.023529)
            (-0.023077 -0.039584 -0.147730)
            (-0.023077 -0.039584 0.147730)
            (-0.023077 -0.036539 -0.136366)
            (-0.023077 -0.036539 0.136366)
            (-0.023077 -0.035294 -0.061131)
            (-0.023077 -0.035294 0.000000)
            (-0.023077 -0.035294 0.061131)
            (-0.023077 -0.034091 -0.009135)
            (-0.023077 -0.034091 0.009135)
            (-0.023077 -0.033494 -0.125002)
            (-0.023077 -0.033494 0.125002)
            (-0.023077 -0.033276 -0.033276)
            (-0.023077 -0.033276 0.033276)
            (-0.023077 -0.030566 -0.017647)
            (-0.023077 -0.030566 0.017647)
            (-0.023077 -0.030449 -0.113638)
            (-0.023077 -0.030449 0.113638)
            (-0.023077 -0.029412 -0.050943)
            (-0.023077 -0.029412 0.050943)
            (-0.023077 -0.027404 -0.102274)
            (-0.023077 -0.027404 0.102274)
            (-0.023077 -0.024957 -0.024957)
            (-0.023077 -0.024957 0.024957)
            (-0.023077 -0.024359 -0.090911)
            (-0.023077 -0.024359 0.090911)
            (-0.023077 -0.023529 -0.040754)
            (-0.023077 -0.023529 0.000000)
            (-0.023077 -0.023529 0.040754)
            (-0.023077 -0.022728 -0.006090)
            (-0.023077 -0.022728 0.006090)
            (-0.023077 -0.021315 -0.079547)
            (-0.023077 -0.021315 0.079547)
            (-0.023077 -0.020377 -0.011765)
            (-0.023077 -0.020377 0.011765)
            (-0.023077 -0.018270 -0.068183)
            (-0.023077 -0.018270 0.068183)
            (-0.023077 -0.017647 -0.030566)
            (-0.023077 -0.017647 0.030566)
            (-0.023077 -0.016638 -0.016638)
            (-0.023077 -0.016638 0.016638)
            (-0.023077 -0.015225 -0.056819)
            (-0.023077 -0.015225 0.056819)
            (-0.023077 -0.012180 -0.045455)
            (-0.023077 -0.012180 0.045455)
            (-0.023077 -0.011765 -0.020377)
            (-0.023077 -0.011765 0.000000)
            (-0.023077 -0.011765 0.020377)
            (-0.023077 -0.011364 -0.003045)
            (-0.023077 -0.011364 0.003045)
            (-0.023077 -0.010189 -0.005882)
            (-0.023077 -0.010189 0.005882)
            (-0.023077 -0.009135 -0.034091)
            (-0.023077 -0.009135 0.034091)
            (-0.023077 -0.008319 -0.008319)
            (-0.023077 -0.008319 0.008319)
            (-0.023077 -0.006090 -0.022728)
            (-0.023077 -0.006090 0.022728)
            (-0.023077 -0.005882 -0.010189)
            (-0.023077 -0.005882 0.010189)
            (-0.023077 -0.003045 -0.011364)
            (-0.023077 -0.003045 0.011364)
            (-0.023077 -0.000000 -0.200000)
            (-0.023077 -0.000000 -0.188235)
            (-0.023077 -0.000000 -0.176471)
            (-0.023077 -0.000000 -0.164706)
            (-0.023077 -0.000000 -0.152941)
            (-0.023077 -0.000000 -0.141176)
            (-0.023077 -0.000000 -0.129412)
            (-0.023077 -0.000000 -0.117647)
            (-0.023077 -0.000000 -0.105882)
            (-0.023077 -0.000000 -0.094118)
            (-0.023077 -0.000000 -0.082353)
            (-0.023077 -0.000000 -0.070588)
            (-0.023077 -0.000000 -0.058824)
            (-0.023077 -0.000000 -0.047059)
            (-0.023077 -0.000000 -0.035294)
            (-0.023077 -0.000000 -0.023529)
            (-0.023077 -0.000000 -0.011765)
            (-0.023077 -0.000000 0.000000)
            (-0.023077 0.000000 0.011765)
            (-0.023077 0.000000 0.023529)
            (-0.023077 0.000000 0.035294)
            (-0.023077 0.000000 0.047059)
            (-0.023077 0.000000 0.058824)
            (-0.023077 0.000000 0.070588)
            (-0.023077 0.000000 0.082353)
            (-0.023077 0.000000 0.094118)
            (-0.023077 0.000000 0.105882)
            (-0.023077 0.000000 0.117647)
            (-0.023077 0.000000 0.129412)
            (-0.023077 0.000000 0.141176)
            (-0.023077 0.000000 0.152941)
            (-0.023077 0.000000 0.164706)
            (-0.023077 0.000000 0.176471)
            (-0.023077 0.000000 0.188235)
            (-0.023077 0.000000 0.200000)
            (-0.023077 0.003045 -0.011364)
            (-0.023077 0.003045 0.011364)
            (-0.023077 0.005882 -0.010189)
            (-0.023077 0.005882 0.010189)
            (-0.023077 0.006090 -0.022728)
            (-0.023077 0.006090 0.022728)
            (-0.023077 0.008319 -0.008319)
            (-0.023077 0.008319 0.008319)
            (-0.023077 0.009135 -0.034091)
            (-0.023077 0.009135 0.034091)
            (-0.023077 0.010189 -0.005882)
            (-0.023077 0.010189 0.005882)
            (-0.023077 0.011364 -0.003045)
            (-0.023077 0.011364 0.003045)
            (-0.023077 0.011765 -0.020377)
            (-0.023077 0.011765 0.000000)
            (-0.023077 0.011765 0.020377)
            (-0.023077 0.012180 -0.045455)
            (-0.023077 0.012180 0.045455)
            (-0.023077 0.015225 -0.056819)
            (-0.023077 0.015225 0.056819)
            (-0.023077 0.016638 -0.016638)
            (-0.023077 0.016638 0.016638)
            (-0.023077 0.017647 -0.030566)
            (-0.023077 0.017647 0.030566)
            (-0.023077 0.018270 -0.068183)
            (-0.023077 0.018270 0.068183)
            (-0.023077 0.020377 -0.011765)
            (-0.023077 0.020377 0.011765)
            (-0.023077 0.021315 -0.079547)
            (-0.023077 0.021315 0.079547)
            (-0.023077 0.022728 -0.006090)
            (-0.023077 0.022728 0.006090)
            (-0.023077 0.023529 -0.040754)
            (-0.023077 0.023529 0.000000)
            (-0.023077 0.023529 0.040754)
            (-0.023077 0.024359 -0.090911)
            (-0.023077 0.024359 0.090911)
            (-0.023077 0.024957 -0.024957)
            (-0.023077 0.024957 0.024957)
            (-0.023077 0.027404 -0.102274)
            (-0.023077 0.027404 0.102274)
            (-0.023077 0.029412 -0.050943)
            (-0.023077 0.029412 0.050943)
            (-0.023077 0.030449 -0.113638)
            (-0.023077 0.030449 0.113638)
            (-0.023077 0.030566 -0.017647)
            (-0.023077 0.030566 0.017647)
            (-0.023077 0.033276 -0.033276)
            (-0.023077 0.033276 0.033276)
            (-0.023077 0.033494 -0.125002)
            (-0.023077 0.033494 0.125002)
            (-0.023077 0.034091 -0.009135)
            (-0.023077 0.034091 0.009135)
            (-0.023077 0.035294 -0.061131)
            (-0.023077 0.035294 0.000000)
            (-0.023077 0.035294 0.061131)
            (-0.023077 0.036539 -0.136366)
            (-0.023077 0.036539 0.136366)
            (-0.023077 0.039584 -0.147730)
            (-0.023077 0.039584 0.147730)
            (-0.023077 0.040754 -0.023529)
            (-0.023077 0.040754 0.023529)
            (-0.023077 0.041176 -0.071320)
            (-0.023077 0.041176 0.071320)
            (-0.023077 0.041595 -0.041595)
            (-0.023077 0.041595 0.041595)
            (-0.023077 0.042629 -0.159094)
            (-0.023077 0.042629 0.159094)
            (-0.023077 0.045455 -0.012180)
            (-0.023077 0.045455 0.012180)
            (-0.023077 0.045674 -0.170457)
            (-0.023077 0.045674 0.170457)
            (-0.023077 0.047059 -0.081508)
            (-0.023077 0.047059 0.000000)
            (-0.023077 0.047059 0.081508)
            (-0.023077 0.048719 -0.181821)
            (-0.023077 0.048719 0.181821)
            (-0.023077 0.049913 -0.049913)
            (-0.023077 0.049913 0.049913)
            (-0.023077 0.050943 -0.029412)
            (-0.023077 0.050943 0.029412)
            (-0.023077 0.051764 -0.193185)
            (-0.023077 0.051764 0.193185)
            (-0.023077 0.052941 -0.091697)
            (-0.023077 0.052941 0.091697)
            (-0.023077 0.056819 -0.015225)
            (-0.023077 0.056819 0.015225)
            (-0.023077 0.058232 -0.058232)
            (-0.023077 0.058232 0.058232)
            (-0.023077 0.058824 -0.101885)
            (-0.023077 0.058824 0.000000)
            (-0.023077 0.058824 0.101885)
            (-0.023077 0.061131 -0.035294)
            (-0.023077 0.061131 0.035294)
            (-0.023077 0.064706 -0.112074)
            (-0.023077 0.064706 0.112074)
            (-0.023077 0.066551 -0.066551)
            (-0.023077 0.066551 0.066551)
            (-0.023077 0.068183 -0.018270)
            (-0.023077 0.068183 0.018270)
            (-0.023077 0.070588 -0.122262)
            (-0.023077 0.070588 0.000000)
            (-0.023077 0.070588 0.122262)
            (-0.023077 0.071320 -0.041176)
            (-0.023077 0.071320 0.041176)
            (-0.023077 0.074870 -0.074870)
            (-0.023077 0.074870 0.074870)
            (-0.023077 0.076471 -0.132451)
            (-0.023077 0.076471 0.132451)
            (-0.023077 0.079547 -0.021315)
            (-0.023077 0.079547 0.021315)
            (-0.023077 0.081508 -0.047059)
            (-0.023077 0.081508 0.047059)
            (-0.023077 0.082353 -0.142639)
            (-0.023077 0.082353 0.000000)
            (-0.023077 0.082353 0.142639)
            (-0.023077 0.083189 -0.083189)
            (-0.023077 0.083189 0.083189)
            (-0.023077 0.088235 -0.152828)
            (-0.023077 0.088235 0.152828)
            (-0.023077 0.090911 -0.024359)
            (-0.023077 0.090911 0.024359)
            (-0.023077 0.091508 -0.091508)
            (-0.023077 0.091508 0.091508)
            (-0.023077 0.091697 -0.052941)
            (-0.023077 0.091697 0.052941)
            (-0.023077 0.094118 -0.163017)
            (-0.023077 0.094118 0.000000)
            (-0.023077 0.094118 0.163017)
            (-0.023077 0.099827 -0.099827)
            (-0.023077 0.099827 0.099827)
            (-0.023077 0.100000 -0.173205)
            (-0.023077 0.100000 0.173205)
            (-0.023077 0.101885 -0.058824)
            (-0.023077 0.101885 0.058824)
            (-0.023077 0.102274 -0.027404)
            (-0.023077 0.102274 0.027404)
            (-0.023077 0.105882 0.000000)
            (-0.023077 0.108146 -0.108146)
            (-0.023077 0.108146 0.108146)
            (-0.023077 0.112074 -0.064706)
            (-0.023077 0.112074 0.064706)
            (-0.023077 0.113638 -0.030449)
            (-0.023077 0.113638 0.030449)
            (-0.023077 0.116465 -0.116465)
            (-0.023077 0.116465 0.116465)
            (-0.023077 0.117647 0.000000)
            (-0.023077 0.122262 -0.070588)
            (-0.023077 0.122262 0.070588)
            (-0.023077 0.124784 -0.124784)
            (-0.023077 0.124784 0.124784)
            (-0.023077 0.125002 -0.033494)
            (-0.023077 0.125002 0.033494)
            (-0.023077 0.129412 0.000000)
            (-0.023077 0.132451 -0.076471)
            (-0.023077 0.132451 0.076471)
            (-0.023077 0.133102 -0.133102)
            (-0.023077 0.133102 0.133102)
            (-0.023077 0.136366 -0.036539)
            (-0.023077 0.136366 0.036539)
            (-0.023077 0.141176 0.000000)
            (-0.023077 0.141421 -0.141421)
            (-0.023077 0.141421 0.141421)
            (-0.023077 0.142639 -0.082353)
            (-0.023077 0.142639 0.082353)
            (-0.023077 0.147730 -0.039584)
            (-0.023077 0.147730 0.039584)
            (-0.023077 0.152828 -0.088235)
            (-0.023077 0.152828 0.088235)
            (-0.023077 0.152941 0.000000)
            (-0.023077 0.159094 -0.042629)
            (-0.023077 0.159094 0.042629)
            (-0.023077 0.163017 -0.094118)
            (-0.023077 0.163017 0.094118)
            (-0.023077 0.164706 0.000000)
            (-0.023077 0.170457 -0.045674)
            (-0.023077 0.170457 0.045674)
            (-0.023077 0.173205 -0.100000)
            (-0.023077 0.173205 0.100000)
            (-0.023077 0.176471 0.000000)
            (-0.023077 0.181821 -0.048719)
            (-0.023077 0.181821 0.048719)
            (-0.023077 0.188235 0.000000)
            (-0.023077 0.193185 -0.051764)
            (-0.023077 0.193185 0.051764)
            (-0.023077 0.200000 0.000000)
            (-0.011538 -0.200000 0.000000)
            (-0.011538 -0.193185 -0.051764)
            (-0.011538 -0.193185 0.051764)
            (-0.011538 -0.188235 0.000000)
            (-0.011538 -0.181821 -0.048719)
            (-0.011538 -0.181821 0.048719)
            (-0.011538 -0.176471 0.000000)
            (-0.011538 -0.173205 -0.100000)
            (-0.011538 -0.173205 0.100000)
            (-0.011538 -0.170457 -0.045674)
            (-0.011538 -0.170457 0.045674)
            (-0.011538 -0.164706 0.000000)
            (-0.011538 -0.163017 -0.094118)
            (-0.011538 -0.163017 0.094118)
            (-0.011538 -0.159094 -0.042629)
            (-0.011538 -0.159094 0.042629)
            (-0.011538 -0.152941 0.000000)
            (-0.011538 -0.152828 -0.088235)
            (-0.011538 -0.152828 0.088235)
            (-0.011538 -0.147730 -0.039584)
            (-0.011538 -0.147730 0.039584)
            (-0.011538 -0.142639 -0.082353)
            (-0.011538 -0.142639 0.082353)
            (-0.011538 -0.141421 -0.141421)
            (-0.011538 -0.141421 0.141421)
            (-0.011538 -0.141176 0.000000)
            (-0.011538 -0.136366 -0.036539)
            (-0.011538 -0.136366 0.036539)
            (-0.011538 -0.133102 -0.133102)
            (-0.011538 -0.133102 0.133102)
            (-0.011538 -0.132451 -0.076471)
            (-0.011538 -0.132451 0.076471)
            (-0.011538 -0.129412 0.000000)
            (-0.011538 -0.125002 -0.033494)
            (-0.011538 -0.125002 0.033494)
            (-0.011538 -0.124784 -0.124784)
            (-0.011538 -0.124784 0.124784)
            (-0.011538 -0.122262 -0.070588)
            (-0.011538 -0.122262 0.070588)
            (-0.011538 -0.117647 0.000000)
            (-0.011538 -0.116465 -0.116465)
            (-0.011538 -0.116465 0.116465)
            (-0.011538 -0.113638 -0.030449)
            (-0.011538 -0.113638 0.030449)
            (-0.011538 -0.112074 -0.064706)
            (-0.011538 -0.112074 0.064706)
            (-0.011538 -0.108146 -0.108146)
            (-0.011538 -0.108146 0.108146)
            (-0.011538 -0.105882 0.000000)
            (-0.011538 -0.102274 -0.027404)
            (-0.011538 -0.102274 0.027404)
            (-0.011538 -0.101885 -0.058824)
            (-0.011538 -0.101885 0.058824)
            (-0.011538 -0.100000 -0.173205)
            (-0.011538 -0.100000 0.173205)
            (-0.011538 -0.099827 -0.099827)
            (-0.011538 -0.099827 0.099827)
            (-0.011538 -0.094118 -0.163017)
            (-0.011538 -0.094118 0.000000)
            (-0.011538 -0.094118 0.163017)
            (-0.011538 -0.091697 -0.052941)
            (-0.011538 -0.091697 0.052941)
            (-0.011538 -0.091508 -0.091508)
            (-0.011538 -0.091508 0.091508)
            (-0.011538 -0.090911 -0.024359)
            (-0.011538 -0.090911 0.024359)
            (-0.011538 -0.088235 -0.152828)
            (-0.011538 -0.088235 0.152828)
            (-0.011538 -0.083189 -0.083189)
            (-0.011538 -0.083189 0.083189)
            (-0.011538 -0.082353 -0.142639)
            (-0.011538 -0.082353 0.000000)
            (-0.011538 -0.082353 0.142639)
            (-0.011538 -0.081508 -0.047059)
            (-0.011538 -0.081508 0.047059)
            (-0.011538 -0.079547 -0.021315)
            (-0.011538 -0.079547 0.021315)
            (-0.011538 -0.076471 -0.132451)
            (-0.011538 -0.076471 0.132451)
            (-0.011538 -0.074870 -0.074870)
            (-0.011538 -0.074870 0.074870)
            (-0.011538 -0.071320 -0.041176)
            (-0.011538 -0.071320 0.041176)
            (-0.011538 -0.070588 -0.122262)
            (-0.011538 -0.070588 0.000000)
            (-0.011538 -0.070588 0.122262)
            (-0.011538 -0.068183 -0.018270)
            (-0.011538 -0.068183 0.018270)
            (-0.011538 -0.066551 -0.066551)
            (-0.011538 -0.066551 0.066551)
            (-0.011538 -0.064706 -0.112074)
            (-0.011538 -0.064706 0.112074)
            (-0.011538 -0.061131 -0.035294)
            (-0.011538 -0.061131 0.035294)
            (-0.011538 -0.058824 -0.101885)
            (-0.011538 -0.058824 0.000000)
            (-0.011538 -0.058824 0.101885)
            (-0.011538 -0.058232 -0.058232)
            (-0.011538 -0.058232 0.058232)
            (-0.011538 -0.056819 -0.015225)
            (-0.011538 -0.056819 0.015225)
            (-0.011538 -0.052941 -0.091697)
            (-0.011538 -0.052941 0.091697)
            (-0.011538 -0.051764 -0.193185)
            (-0.011538 -0.051764 0.193185)
            (-0.011538 -0.050943 -0.029412)
            (-0.011538 -0.050943 0.029412)
            (-0.011538 -0.049913 -0.049913)
            (-0.011538 -0.049913 0.049913)
            (-0.011538 -0.048719 -0.181821)
            (-0.011538 -0.048719 0.181821)
            (-0.011538 -0.047059 -0.081508)
            (-0.011538 -0.047059 0.000000)
            (-0.011538 -0.047059 0.081508)
            (-0.011538 -0.045674 -0.170457)
            (-0.011538 -0.045674 0.170457)
            (-0.011538 -0.045455 -0.012180)
            (-0.011538 -0.045455 0.012180)
            (-0.011538 -0.042629 -0.159094)
            (-0.011538 -0.042629 0.159094)
            (-0.011538 -0.041595 -0.041595)
            (-0.011538 -0.041595 0.041595)
            (-0.011538 -0.041176 -0.071320)
            (-0.011538 -0.041176 0.071320)
            (-0.011538 -0.040754 -0.023529)
            (-0.011538 -0.040754 0.023529)
            (-0.011538 -0.039584 -0.147730)
            (-0.011538 -0.039584 0.147730)
            (-0.011538 -0.036539 -0.136366)
            (-0.011538 -0.036539 0.136366)
            (-0.011538 -0.035294 -0.061131)
            (-0.011538 -0.035294 0.000000)
            (-0.011538 -0.035294 0.061131)
            (-0.011538 -0.034091 -0.009135)
            (-0.011538 -0.034091 0.009135)
            (-0.011538 -0.033494 -0.125002)
            (-0.011538 -0.033494 0.125002)
            (-0.011538 -0.033276 -0.033276)
            (-0.011538 -0.033276 0.033276)
            (-0.011538 -0.030566 -0.017647)
            (-0.011538 -0.030566 0.017647)
            (-0.011538 -0.030449 -0.113638)
            (-0.011538 -0.030449 0.113638)
            (-0.011538 -0.029412 -0.050943)
            (-0.011538 -0.029412 0.050943)
            (-0.011538 -0.027404 -0.102274)
            (-0.011538 -0.027404 0.102274)
            (-0.011538 -0.024957 -0.024957)
            (-0.011538 -0.024957 0.024957)
            (-0.011538 -0.024359 -0.090911)
            (-0.011538 -0.024359 0.090911)
            (-0.011538 -0.023529 -0.040754)
            (-0.011538 -0.023529 0.000000)
            (-0.011538 -0.023529 0.040754)
            (-0.011538 -0.022728 -0.006090)
            (-0.011538 -0.022728 0.006090)
            (-0.011538 -0.021315 -0.079547)
            (-0.011538 -0.021315 0.079547)
            (-0.011538 -0.020377 -0.011765)
            (-0.011538 -0.020377 0.011765)
            (-0.011538 -0.018270 -0.068183)
            (-0.011538 -0.018270 0.068183)
            (-0.011538 -0.017647 -0.030566)
            (-0.011538 -0.017647 0.030566)
            (-0.011538 -0.016638 -0.016638)
            (-0.011538 -0.016638 0.016638)
            (-0.011538 -0.015225 -0.056819)
            (-0.011538 -0.015225 0.056819)
            (-0.011538 -0.012180 -0.045455)
            (-0.011538 -0.012180 0.045455)
            (-0.011538 -0.011765 -0.020377)
            (-0.011538 -0.011765 0.000000)
            (-0.011538 -0.011765 0.020377)
            (-0.011538 -0.011364 -0.003045)
            (-0.011538 -0.011364 0.003045)
            (-0.011538 -0.010189 -0.005882)
            (-0.011538 -0.010189 0.005882)
            (-0.011538 -0.009135 -0.034091)
            (-0.011538 -0.009135 0.034091)
            (-0.011538 -0.008319 -0.008319)
            (-0.011538 -0.008319 0.008319)
            (-0.011538 -0.006090 -0.022728)
            (-0.011538 -0.006090 0.022728)
            (-0.011538 -0.005882 -0.010189)
            (-0.011538 -0.005882 0.010189)
            (-0.011538 -0.003045 -0.011364)
            (-0.011538 -0.003045 0.011364)
            (-0.011538 -0.000000 -0.200000)
            (-0.011538 -0.000000 -0.188235)
            (-0.011538 -0.000000 -0.176471)
            (-0.011538 -0.000000 -0.164706)
            (-0.011538 -0.000000 -0.152941)
            (-0.011538 -0.000000 -0.141176)
            (-0.011538 -0.000000 -0.129412)
            (-0.011538 -0.000000 -0.117647)
            (-0.011538 -0.000000 -0.105882)
            (-0.011538 -0.000000 -0.094118)
            (-0.011538 -0.000000 -0.082353)
            (-0.011538 -0.000000 -0.070588)
            (-0.011538 -0.000000 -0.058824)
            (-0.011538 -0.000000 -0.047059)
            (-0.011538 -0.000000 -0.035294)
            (-0.011538 -0.000000 -0.023529)
            (-0.011538 -0.000000 -0.011765)
            (-0.011538 -0.000000 0.000000)
            (-0.011538 0.000000 0.011765)
            (-0.011538 0.000000 0.023529)
            (-0.011538 0.000000 0.035294)
            (-0.011538 0.000000 0.047059)
            (-0.011538 0.000000 0.058824)
            (-0.011538 0.000000 0.070588)
            (-0.011538 0.000000 0.082353)
            (-0.011538 0.000000 0.094118)
            (-0.011538 0.000000 0.105882)
            (-0.011538 0.000000 0.117647)
            (-0.011538 0.000000 0.129412)
            (-0.011538 0.000000 0.141176)
            (-0.011538 0.000000 0.152941)
            (-0.011538 0.000000 0.164706)
            (-0.011538 0.000000 0.176471)
            (-0.011538 0.000000 0.188235)
            (-0.011538 0.000000 0.200000)
            (-0.011538 0.003045 -0.011364)
            (-0.011538 0.003045 0.011364)
            (-0.011538 0.005882 -0.010189)
            (-0.011538 0.005882 0.010189)
            (-0.011538 0.006090 -0.022728)
            (-0.011538 0.006090 0.022728)
            (-0.011538 0.008319 -0.008319)
            (-0.011538 0.008319 0.008319)
            (-0.011538 0.009135 -0.034091)
            (-0.011538 0.009135 0.034091)
            (-0.011538 0.010189 -0.005882)
            (-0.011538 0.010189 0.005882)
            (-0.011538 0.011364 -0.003045)
            (-0.011538 0.011364 0.003045)
            (-0.011538 0.011765 -0.020377)
            (-0.011538 0.011765 0.000000)
            (-0.011538 0.011765 0.020377)
            (-0.011538 0.012180 -0.045455)
            (-0.011538 0.012180 0.045455)
            (-0.011538 0.015225 -0.056819)
            (-0.011538 0.015225 0.056819)
            (-0.011538 0.016638 -0.016638)
            (-0.011538 0.016638 0.016638)
            (-0.011538 0.017647 -0.030566)
            (-0.011538 0.017647 0.030566)
            (-0.011538 0.018270 -0.068183)
            (-0.011538 0.018270 0.068183)
            (-0.011538 0.020377 -0.011765)
            (-0.011538 0.020377 0.011765)
            (-0.011538 0.021315 -0.079547)
            (-0.011538 0.021315 0.079547)
            (-0.011538 0.022728 -0.006090)
            (-0.011538 0.022728 0.006090)
            (-0.011538 0.023529 -0.040754)
            (-0.011538 0.023529 0.000000)
            (-0.011538 0.023529 0.040754)
            (-0.011538 0.024359 -0.090911)
            (-0.011538 0.024359 0.090911)
            (-0.011538 0.024957 -0.024957)
            (-0.011538 0.024957 0.024957)
            (-0.011538 0.027404 -0.102274)
            (-0.011538 0.027404 0.102274)
            (-0.011538 0.029412 -0.050943)
            (-0.011538 0.029412 0.050943)
            (-0.011538 0.030449 -0.113638)
            (-0.011538 0.030449 0.113638)
            (-0.011538 0.030566 -0.017647)
            (-0.011538 0.030566 0.017647)
            (-0.011538 0.033276 -0.033276)
            (-0.011538 0.033276 0.033276)
            (-0.011538 0.033494 -0.125002)
            (-0.011538 0.033494 0.125002)
            (-0.011538 0.034091 -0.009135)
            (-0.011538 0.034091 0.009135)
            (-0.011538 0.035294 -0.061131)
            (-0.011538 0.035294 0.000000)
            (-0.011538 0.035294 0.061131)
            (-0.011538 0.036539 -0.136366)
            (-0.011538 0.036539 0.136366)
            (-0.011538 0.039584 -0.147730)
            (-0.011538 0.039584 0.147730)
            (-0.011538 0.040754 -0.023529)
            (-0.011538 0.040754 0.023529)
            (-0.011538 0.041176 -0.071320)
            (-0.011538 0.041176 0.071320)
            (-0.011538 0.041595 -0.041595)
            (-0.011538 0.041595 0.041595)
            (-0.011538 0.042629 -0.159094)
            (-0.011538 0.042629 0.159094)
            (-0.011538 0.045455 -0.012180)
            (-0.011538 0.045455 0.012180)
            (-0.011538 0.045674 -0.170457)
            (-0.011538 0.045674 0.170457)
            (-0.011538 0.047059 -0.081508)
            (-0.011538 0.047059 0.000000)
            (-0.011538 0.047059 0.081508)
            (-0.011538 0.048719 -0.181821)
            (-0.011538 0.048719 0.181821)
            (-0.011538 0.049913 -0.049913)
            (-0.011538 0.049913 0.049913)
            (-0.011538 0.050943 -0.029412)
            (-0.011538 0.050943 0.029412)
            (-0.011538 0.051764 -0.193185)
            (-0.011538 0.051764 0.193185)
            (-0.011538 0.052941 -0.091697)
            (-0.011538 0.052941 0.091697)
            (-0.011538 0.056819 -0.015225)
            (-0.011538 0.056819 0.015225)
            (-0.011538 0.058232 -0.058232)
            (-0.011538 0.058232 0.058232)
            (-0.011538 0.058824 -0.101885)
            (-0.011538 0.058824 0.000000)
            (-0.011538 0.058824 0.101885)
            (-0.011538 0.061131 -0.035294)
            (-0.011538 0.061131 0.035294)
            (-0.011538 0.064706 -0.112074)
            (-0.011538 0.064706 0.112074)
            (-0.011538 0.066551 -0.066551)
            (-0.011538 0.066551 0.066551)
            (-0.011538 0.068183 -0.018270)
            (-0.011538 0.068183 0.018270)
            (-0.011538 0.070588 -0.122262)
            (-0.011538 0.070588 0.000000)
            (-0.011538 0.070588 0.122262)
            (-0.011538 0.071320 -0.041176)
            (-0.011538 0.071320 0.041176)
            (-0.011538 0.074870 -0.074870)
            (-0.011538 0.074870 0.074870)
            (-0.011538 0.076471 -0.132451)
            (-0.011538 0.076471 0.132451)
            (-0.011538 0.079547 -0.021315)
            (-0.011538 0.079547 0.021315)
            (-0.011538 0.081508 -0.047059)
            (-0.011538 0.081508 0.047059)
            (-0.011538 0.082353 -0.142639)
            (-0.011538 0.082353 0.000000)
            (-0.011538 0.082353 0.142639)
            (-0.011538 0.083189 -0.083189)
            (-0.011538 0.083189 0.083189)
            (-0.011538 0.088235 -0.152828)
            (-0.011538 0.088235 0.152828)
            (-0.011538 0.090911 -0.024359)
            (-0.011538 0.090911 0.024359)
            (-0.011538 0.091508 -0.091508)
            (-0.011538 0.091508 0.091508)
            (-0.011538 0.091697 -0.052941)
            (-0.011538 0.091697 0.052941)
            (-0.011538 0.094118 -0.163017)
            (-0.011538 0.094118 0.000000)
            (-0.011538 0.094118 0.163017)
            (-0.011538 0.099827 -0.099827)
            (-0.011538 0.099827 0.099827)
            (-0.011538 0.100000 -0.173205)
            (-0.011538 0.100000 0.173205)
            (-0.011538 0.101885 -0.058824)
            (-0.011538 0.101885 0.058824)
            (-0.011538 0.102274 -0.027404)
            (-0.011538 0.102274 0.027404)
            (-0.011538 0.105882 0.000000)
            (-0.011538 0.108146 -0.108146)
            (-0.011538 0.108146 0.108146)
            (-0.011538 0.112074 -0.064706)
            (-0.011538 0.112074 0.064706)
            (-0.011538 0.113638 -0.030449)
            (-0.011538 0.113638 0.030449)
            (-0.011538 0.116465 -0.116465)
            (-0.011538 0.116465 0.116465)
            (-0.011538 0.117647 0.000000)
            (-0.011538 0.122262 -0.070588)
            (-0.011538 0.122262 0.070588)
            (-0.011538 0.124784 -0.124784)
            (-0.011538 0.124784 0.124784)
            (-0.011538 0.125002 -0.033494)
            (-0.011538 0.125002 0.033494)
            (-0.011538 0.129412 0.000000)
            (-0.011538 0.132451 -0.076471)
            (-0.011538 0.132451 0.076471)
            (-0.011538 0.133102 -0.133102)
            (-0.011538 0.133102 0.133102)
            (-0.011538 0.136366 -0.036539)
            (-0.011538 0.136366 0.036539)
            (-0.011538 0.141176 0.000000)
            (-0.011538 0.141421 -0.141421)
            (-0.011538 0.141421 0.141421)
            (-0.011538 0.142639 -0.082353)
            (-0.011538 0.142639 0.082353)
            (-0.011538 0.147730 -0.039584)
            (-0.011538 0.147730 0.039584)
            (-0.011538 0.152828 -0.088235)
            (-0.011538 0.152828 0.088235)
            (-0.011538 0.152941 0.000000)
            (-0.011538 0.159094 -0.042629)
            (-0.011538 0.159094 0.042629)
            (-0.011538 0.163017 -0.094118)
            (-0.011538 0.163017 0.094118)
            (-0.011538 0.164706 0.000000)
            (-0.011538 0.170457 -0.045674)
            (-0.011538 0.170457 0.045674)
            (-0.011538 0.173205 -0.100000)
            (-0.011538 0.173205 0.100000)
            (-0.011538 0.176471 0.000000)
            (-0.011538 0.181821 -0.048719)
            (-0.011538 0.181821 0.048719)
            (-0.011538 0.188235 0.000000)
            (-0.011538 0.193185 -0.051764)
            (-0.011538 0.193185 0.051764)
            (-0.011538 0.200000 0.000000)
            (0.000000 -0.200000 0.000000)
            (0.000000 -0.193185 -0.051764)
            (0.000000 -0.193185 0.051764)
            (0.000000 -0.188235 0.000000)
            (0.000000 -0.181821 -0.048719)
            (0.000000 -0.181821 0.048719)
            (0.000000 -0.176471 0.000000)
            (0.000000 -0.173205 -0.100000)
            (0.000000 -0.173205 0.100000)
            (0.000000 -0.170457 -0.045674)
            (0.000000 -0.170457 0.045674)
            (0.000000 -0.164706 0.000000)
            (0.000000 -0.163017 -0.094118)
            (0.000000 -0.163017 0.094118)
            (0.000000 -0.159094 -0.042629)
            (0.000000 -0.159094 0.042629)
            (0.000000 -0.152941 0.000000)
            (0.000000 -0.152828 -0.088235)
            (0.000000 -0.152828 0.088235)
            (0.000000 -0.147730 -0.039584)
            (0.000000 -0.147730 0.039584)
            (0.000000 -0.142639 -0.082353)
            (0.000000 -0.142639 0.082353)
            (0.000000 -0.141421 -0.141421)
            (0.000000 -0.141421 0.141421)
            (0.000000 -0.141176 0.000000)
            (0.000000 -0.136366 -0.036539)
            (0.000000 -0.136366 0.036539)
            (0.000000 -0.133102 -0.133102)
            (0.000000 -0.133102 0.133102)
            (0.000000 -0.132451 -0.076471)
            (0.000000 -0.132451 0.076471)
            (0.000000 -0.129412 0.000000)
            (0.000000 -0.125002 -0.033494)
            (0.000000 -0.125002 0.033494)
            (0.000000 -0.124784 -0.124784)
            (0.000000 -0.124784 0.124784)
            (0.000000 -0.122262 -0.070588)
            (0.000000 -0.122262 0.070588)
            (0.000000 -0.117647 0.000000)
            (0.000000 -0.116465 -0.116465)
            (0.000000 -0.116465 0.116465)
            (0.000000 -0.113638 -0.030449)
            (0.000000 -0.113638 0.030449)
            (0.000000 -0.112074 -0.064706)
            (0.000000 -0.112074 0.064706)
            (0.000000 -0.108146 -0.108146)
            (0.000000 -0.108146 0.108146)
            (0.000000 -0.105882 0.000000)
            (0.000000 -0.102274 -0.027404)
            (0.000000 -0.102274 0.027404)
            (0.000000 -0.101885 -0.058824)
            (0.000000 -0.101885 0.058824)
            (0.000000 -0.100000 -0.173205)
            (0.000000 -0.100000 0.173205)
            (0.000000 -0.099827 -0.099827)
            (0.000000 -0.099827 0.099827)
            (0.000000 -0.094118 -0.163017)
            (0.000000 -0.094118 0.000000)
            (0.000000 -0.094118 0.163017)
            (0.000000 -0.091697 -0.052941)
            (0.000000 -0.091697 0.052941)
            (0.000000 -0.091508 -0.091508)
            (0.000000 -0.091508 0.091508)
            (0.000000 -0.090911 -0.024359)
            (0.000000 -0.090911 0.024359)
            (0.000000 -0.088235 -0.152828)
            (0.000000 -0.088235 0.152828)
            (0.000000 -0.083189 -0.083189)
            (0.000000 -0.083189 0.083189)
            (0.000000 -0.082353 -0.142639)
            (0.000000 -0.082353 0.000000)
            (0.000000 -0.082353 0.142639)
            (0.000000 -0.081508 -0.047059)
            (0.000000 -0.081508 0.047059)
            (0.000000 -0.079547 -0.021315)
            (0.000000 -0.079547 0.021315)
            (0.000000 -0.076471 -0.132451)
            (0.000000 -0.076471 0.132451)
            (0.000000 -0.074870 -0.074870)
            (0.000000 -0.074870 0.074870)
            (0.000000 -0.071320 -0.041176)
            (0.000000 -0.071320 0.041176)
            (0.000000 -0.070588 -0.122262)
            (0.000000 -0.070588 0.000000)
            (0.000000 -0.070588 0.122262)
            (0.000000 -0.068183 -0.018270)
            (0.000000 -0.068183 0.018270)
            (0.000000 -0.066551 -0.066551)
            (0.000000 -0.066551 0.066551)
            (0.000000 -0.064706 -0.112074)
            (0.000000 -0.064706 0.112074)
            (0.000000 -0.061131 -0.035294)
            (0.000000 -0.061131 0.035294)
            (0.000000 -0.058824 -0.101885)
            (0.000000 -0.058824 0.000000)
            (0.000000 -0.058824 0.101885)
            (0.000000 -0.058232 -0.058232)
            (0.000000 -0.058232 0.058232)
            (0.000000 -0.056819 -0.015225)
            (0.000000 -0.056819 0.015225)
            (0.000000 -0.052941 -0.091697)
            (0.000000 -0.052941 0.091697)
            (0.000000 -0.051764 -0.193185)
            (0.000000 -0.051764 0.193185)
            (0.000000 -0.050943 -0.029412)
            (0.000000 -0.050943 0.029412)
            (0.000000 -0.049913 -0.049913)
            (0.000000 -0.049913 0.049913)
            (0.000000 -0.048719 -0.181821)
            (0.000000 -0.048719 0.181821)
            (0.000000 -0.047059 -0.081508)
            (0.000000 -0.047059 0.000000)
            (0.000000 -0.047059 0.081508)
            (0.000000 -0.045674 -0.170457)
            (0.000000 -0.045674 0.170457)
            (0.000000 -0.045455 -0.012180)
            (0.000000 -0.045455 0.012180)
            (0.000000 -0.042629 -0.159094)
            (0.000000 -0.042629 0.159094)
            (0.000000 -0.041595 -0.041595)
            (0.000000 -0.041595 0.041595)
            (0.000000 -0.041176 -0.071320)
            (0.000000 -0.041176 0.071320)
            (0.000000 -0.040754 -0.023529)
            (0.000000 -0.040754 0.023529)
            (0.000000 -0.039584 -0.147730)
            (0.000000 -0.039584 0.147730)
            (0.000000 -0.036539 -0.136366)
            (0.000000 -0.036539 0.136366)
            (0.000000 -0.035294 -0.061131)
            (0.000000 -0.035294 0.000000)
            (0.000000 -0.035294 0.061131)
            (0.000000 -0.034091 -0.009135)
            (0.000000 -0.034091 0.009135)
            (0.000000 -0.033494 -0.125002)
            (0.000000 -0.033494 0.125002)
            (0.000000 -0.033276 -0.033276)
            (0.000000 -0.033276 0.033276)
            (0.000000 -0.030566 -0.017647)
            (0.000000 -0.030566 0.017647)
            (0.000000 -0.030449 -0.113638)
            (0.000000 -0.030449 0.113638)
            (0.000000 -0.029412 -0.050943)
            (0.000000 -0.029412 0.050943)
            (0.000000 -0.027404 -0.102274)
            (0.000000 -0.027404 0.102274)
            (0.000000 -0.024957 -0.024957)
            (0.000000 -0.024957 0.024957)
            (0.000000 -0.024359 -0.090911)
            (0.000000 -0.024359 0.090911)
            (0.000000 -0.023529 -0.040754)
            (0.000000 -0.023529 0.000000)
            (0.000000 -0.023529 0.040754)
            (0.000000 -0.022728 -0.006090)
            (0.000000 -0.022728 0.006090)
            (0.000000 -0.021315 -0.079547)
            (0.000000 -0.021315 0.079547)
            (0.000000 -0.020377 -0.011765)
            (0.000000 -0.020377 0.011765)
            (0.000000 -0.018270 -0.068183)
            (0.000000 -0.018270 0.068183)
            (0.000000 -0.017647 -0.030566)
            (0.000000 -0.017647 0.030566)
            (0.000000 -0.016638 -0.016638)
            (0.000000 -0.016638 0.016638)
            (0.000000 -0.015225 -0.056819)
            (0.000000 -0.015225 0.056819)
            (0.000000 -0.012180 -0.045455)
            (0.000000 -0.012180 0.045455)
            (0.000000 -0.011765 -0.020377)
            (0.000000 -0.011765 0.000000)
            (0.000000 -0.011765 0.020377)
            (0.000000 -0.011364 -0.003045)
            (0.000000 -0.011364 0.003045)
            (0.000000 -0.010189 -0.005882)
            (0.000000 -0.010189 0.005882)
            (0.000000 -0.009135 -0.034091)
            (0.000000 -0.009135 0.034091)
            (0.000000 -0.008319 -0.008319)
            (0.000000 -0.008319 0.008319)
            (0.000000 -0.006090 -0.022728)
            (0.000000 -0.006090 0.022728)
            (0.000000 -0.005882 -0.010189)
            (0.000000 -0.005882 0.010189)
            (0.000000 -0.003045 -0.011364)
            (0.000000 -0.003045 0.011364)
            (0.000000 -0.000000 -0.200000)
            (0.000000 -0.000000 -0.188235)
            (0.000000 -0.000000 -0.176471)
            (0.000000 -0.000000 -0.164706)
            (0.000000 -0.000000 -0.152941)
            (0.000000 -0.000000 -0.141176)
            (0.000000 -0.000000 -0.129412)
            (0.000000 -0.000000 -0.117647)
            (0.000000 -0.000000 -0.105882)
            (0.000000 -0.000000 -0.094118)
            (0.000000 -0.000000 -0.082353)
            (0.000000 -0.000000 -0.070588)
            (0.000000 -0.000000 -0.058824)
            (0.000000 -0.000000 -0.047059)
            (0.000000 -0.000000 -0.035294)
            (0.000000 -0.000000 -0.023529)
            (0.000000 -0.000000 -0.011765)
            (0.000000 -0.000000 0.000000)
            (0.000000 0.000000 0.011765)
            (0.000000 0.000000 0.023529)
            (0.000000 0.000000 0.035294)
            (0.000000 0.000000 0.047059)
            (0.000000 0.000000 0.058824)
            (0.000000 0.000000 0.070588)
            (0.000000 0.000000 0.082353)
            (0.000000 0.000000 0.094118)
            (0.000000 0.000000 0.105882)
            (0.000000 0.000000 0.117647)
            (0.000000 0.000000 0.129412)
            (0.000000 0.000000 0.141176)
            (0.000000 0.000000 0.152941)
            (0.000000 0.000000 0.164706)
            (0.000000 0.000000 0.176471)
            (0.000000 0.000000 0.188235)
            (0.000000 0.000000 0.200000)
            (0.000000 0.003045 -0.011364)
            (0.000000 0.003045 0.011364)
            (0.000000 0.005882 -0.010189)
            (0.000000 0.005882 0.010189)
            (0.000000 0.006090 -0.022728)
            (0.000000 0.006090 0.022728)
            (0.000000 0.008319 -0.008319)
            (0.000000 0.008319 0.008319)
            (0.000000 0.009135 -0.034091)
            (0.000000 0.009135 0.034091)
            (0.000000 0.010189 -0.005882)
            (0.000000 0.010189 0.005882)
            (0.000000 0.011364 -0.003045)
            (0.000000 0.011364 0.003045)
            (0.000000 0.011765 -0.020377)
            (0.000000 0.011765 0.000000)
            (0.000000 0.011765 0.020377)
            (0.000000 0.012180 -0.045455)
            (0.000000 0.012180 0.045455)
            (0.000000 0.015225 -0.056819)
            (0.000000 0.015225 0.056819)
            (0.000000 0.016638 -0.016638)
            (0.000000 0.016638 0.016638)
            (0.000000 0.017647 -0.030566)
            (0.000000 0.017647 0.030566)
            (0.000000 0.018270 -0.068183)
            (0.000000 0.018270 0.068183)
            (0.000000 0.020377 -0.011765)
            (0.000000 0.020377 0.011765)
            (0.000000 0.021315 -0.079547)
            (0.000000 0.021315 0.079547)
            (0.000000 0.022728 -0.006090)
            (0.000000 0.022728 0.006090)
            (0.000000 0.023529 -0.040754)
            (0.000000 0.023529 0.000000)
            (0.000000 0.023529 0.040754)
            (0.000000 0.024359 -0.090911)
            (0.000000 0.024359 0.090911)
            (0.000000 0.024957 -0.024957)
            (0.000000 0.024957 0.024957)
            (0.000000 0.027404 -0.102274)
            (0.000000 0.027404 0.102274)
            (0.000000 0.029412 -0.050943)
            (0.000000 0.029412 0.050943)
            (0.000000 0.030449 -0.113638)
            (0.000000 0.030449 0.113638)
            (0.000000 0.030566 -0.017647)
            (0.000000 0.030566 0.017647)
            (0.000000 0.033276 -0.033276)
            (0.000000 0.033276 0.033276)
            (0.000000 0.033494 -0.125002)
            (0.000000 0.033494 0.125002)
            (0.000000 0.034091 -0.009135)
            (0.000000 0.034091 0.009135)
            (0.000000 0.035294 -0.061131)
            (0.000000 0.035294 0.000000)
            (0.000000 0.035294 0.061131)
            (0.000000 0.036539 -0.136366)
            (0.000000 0.036539 0.136366)
            (0.000000 0.039584 -0.147730)
            (0.000000 0.039584 0.147730)
            (0.000000 0.040754 -0.023529)
            (0.000000 0.040754 0.023529)
            (0.000000 0.041176 -0.071320)
            (0.000000 0.041176 0.071320)
            (0.000000 0.041595 -0.041595)
            (0.000000 0.041595 0.041595)
            (0.000000 0.042629 -0.159094)
            (0.000000 0.042629 0.159094)
            (0.000000 0.045455 -0.012180)
            (0.000000 0.045455 0.012180)
            (0.000000 0.045674 -0.170457)
            (0.000000 0.045674 0.170457)
            (0.000000 0.047059 -0.081508)
            (0.000000 0.047059 0.000000)
            (0.000000 0.047059 0.081508)
            (0.000000 0.048719 -0.181821)
            (0.000000 0.048719 0.181821)
            (0.000000 0.049913 -0.049913)
            (0.000000 0.049913 0.049913)
            (0.000000 0.050943 -0.029412)
            (0.000000 0.050943 0.029412)
            (0.000000 0.051764 -0.193185)
            (0.000000 0.051764 0.193185)
            (0.000000 0.052941 -0.091697)
            (0.000000 0.052941 0.091697)
            (0.000000 0.056819 -0.015225)
            (0.000000 0.056819 0.015225)
            (0.000000 0.058232 -0.058232)
            (0.000000 0.058232 0.058232)
            (0.000000 0.058824 -0.101885)
            (0.000000 0.058824 0.000000)
            (0.000000 0.058824 0.101885)
            (0.000000 0.061131 -0.035294)
            (0.000000 0.061131 0.035294)
            (0.000000 0.064706 -0.112074)
            (0.000000 0.064706 0.112074)
            (0.000000 0.066551 -0.066551)
            (0.000000 0.066551 0.066551)
            (0.000000 0.068183 -0.018270)
            (0.000000 0.068183 0.018270)
            (0.000000 0.070588 -0.122262)
            (0.000000 0.070588 0.000000)
            (0.000000 0.070588 0.122262)
            (0.000000 0.071320 -0.041176)
            (0.000000 0.071320 0.041176)
            (0.000000 0.074870 -0.074870)
            (0.000000 0.074870 0.074870)
            (0.000000 0.076471 -0.132451)
            (0.000000 0.076471 0.132451)
            (0.000000 0.079547 -0.021315)
            (0.000000 0.079547 0.021315)
            (0.000000 0.081508 -0.047059)
            (0.000000 0.081508 0.047059)
            (0.000000 0.082353 -0.142639)
            (0.000000 0.082353 0.000000)
            (0.000000 0.082353 0.142639)
            (0.000000 0.083189 -0.083189)
            (0.000000 0.083189 0.083189)
            (0.000000 0.088235 -0.152828)
            (0.000000 0.088235 0.152828)
            (0.000000 0.090911 -0.024359)
            (0.000000 0.090911 0.024359)
            (0.000000 0.091508 -0.091508)
            (0.000000 0.091508 0.091508)
            (0.000000 0.091697 -0.052941)
            (0.000000 0.091697 0.052941)
            (0.000000 0.094118 -0.163017)
            (0.000000 0.094118 0.000000)
            (0.000000 0.094118 0.163017)
            (0.000000 0.099827 -0.099827)
            (0.000000 0.099827 0.099827)
            (0.000000 0.100000 -0.173205)
            (0.000000 0.100000 0.173205)
            (0.000000 0.101885 -0.058824)
            (0.000000 0.101885 0.058824)
            (0.000000 0.102274 -0.027404)
            (0.000000 0.102274 0.027404)
            (0.000000 0.105882 0.000000)
            (0.000000 0.108146 -0.108146)
            (0.000000 0.108146 0.108146)
            (0.000000 0.112074 -0.064706)
            (0.000000 0.112074 0.064706)
            (0.000000 0.113638 -0.030449)
            (0.000000 0.113638 0.030449)
            (0.000000 0.116465 -0.116465)
            (0.000000 0.116465 0.116465)
            (0.000000 0.117647 0.000000)
            (0.000000 0.122262 -0.070588)
            (0.000000 0.122262 0.070588)
            (0.000000 0.124784 -0.124784)
            (0.000000 0.124784 0.124784)
            (0.000000 0.125002 -0.033494)
            (0.000000 0.125002 0.033494)
            (0.000000 0.129412 0.000000)
            (0.000000 0.132451 -0.076471)
            (0.000000 0.132451 0.076471)
            (0.000000 0.133102 -0.133102)
            (0.000000 0.133102 0.133102)
            (0.000000 0.136366 -0.036539)
            (0.000000 0.136366 0.036539)
            (0.000000 0.141176 0.000000)
            (0.000000 0.141421 -0.141421)
            (0.000000 0.141421 0.141421)
            (0.000000 0.142639 -0.082353)
            (0.000000 0.142639 0.082353)
            (0.000000 0.147730 -0.039584)
            (0.000000 0.147730 0.039584)
            (0.000000 0.152828 -0.088235)
            (0.000000 0.152828 0.088235)
            (0.000000 0.152941 0.000000)
            (0.000000 0.159094 -0.042629)
            (0.000000 0.159094 0.042629)
            (0.000000 0.163017 -0.094118)
            (0.000000 0.163017 0.094118)
            (0.000000 0.164706 0.000000)
            (0.000000 0.170457 -0.045674)
            (0.000000 0.170457 0.045674)
            (0.000000 0.173205 -0.100000)
            (0.000000 0.173205 0.100000)
            (0.000000 0.176471 0.000000)
            (0.000000 0.181821 -0.048719)
            (0.000000 0.181821 0.048719)
            (0.000000 0.188235 0.000000)
            (0.000000 0.193185 -0.051764)
            (0.000000 0.193185 0.051764)
            (0.000000 0.200000 0.000000)
            (0.011538 -0.200000 0.000000)
            (0.011538 -0.193185 -0.051764)
            (0.011538 -0.193185 0.051764)
            (0.011538 -0.188235 0.000000)
            (0.011538 -0.181821 -0.048719)
            (0.011538 -0.181821 0.048719)
            (0.011538 -0.176471 0.000000)
            (0.011538 -0.173205 -0.100000)
            (0.011538 -0.173205 0.100000)
            (0.011538 -0.170457 -0.045674)
            (0.011538 -0.170457 0.045674)
            (0.011538 -0.164706 0.000000)
            (0.011538 -0.163017 -0.094118)
            (0.011538 -0.163017 0.094118)
            (0.011538 -0.159094 -0.042629)
            (0.011538 -0.159094 0.042629)
            (0.011538 -0.152941 0.000000)
            (0.011538 -0.152828 -0.088235)
            (0.011538 -0.152828 0.088235)
            (0.011538 -0.147730 -0.039584)
            (0.011538 -0.147730 0.039584)
            (0.011538 -0.142639 -0.082353)
            (0.011538 -0.142639 0.082353)
            (0.011538 -0.141421 -0.141421)
            (0.011538 -0.141421 0.141421)
            (0.011538 -0.141176 0.000000)
            (0.011538 -0.136366 -0.036539)
            (0.011538 -0.136366 0.036539)
            (0.011538 -0.133102 -0.133102)
            (0.011538 -0.133102 0.133102)
            (0.011538 -0.132451 -0.076471)
            (0.011538 -0.132451 0.076471)
            (0.011538 -0.129412 0.000000)
            (0.011538 -0.125002 -0.033494)
            (0.011538 -0.125002 0.033494)
            (0.011538 -0.124784 -0.124784)
            (0.011538 -0.124784 0.124784)
            (0.011538 -0.122262 -0.070588)
            (0.011538 -0.122262 0.070588)
            (0.011538 -0.117647 0.000000)
            (0.011538 -0.116465 -0.116465)
            (0.011538 -0.116465 0.116465)
            (0.011538 -0.113638 -0.030449)
            (0.011538 -0.113638 0.030449)
            (0.011538 -0.112074 -0.064706)
            (0.011538 -0.112074 0.064706)
            (0.011538 -0.108146 -0.108146)
            (0.011538 -0.108146 0.108146)
            (0.011538 -0.105882 0.000000)
            (0.011538 -0.102274 -0.027404)
            (0.011538 -0.102274 0.027404)
            (0.011538 -0.101885 -0.058824)
            (0.011538 -0.101885 0.058824)
            (0.011538 -0.100000 -0.173205)
            (0.011538 -0.100000 0.173205)
            (0.011538 -0.099827 -0.099827)
            (0.011538 -0.099827 0.099827)
            (0.011538 -0.094118 -0.163017)
            (0.011538 -0.094118 0.000000)
            (0.011538 -0.094118 0.163017)
            (0.011538 -0.091697 -0.052941)
            (0.011538 -0.091697 0.052941)
            (0.011538 -0.091508 -0.091508)
            (0.011538 -0.091508 0.091508)
            (0.011538 -0.090911 -0.024359)
            (0.011538 -0.090911 0.024359)
            (0.011538 -0.088235 -0.152828)
            (0.011538 -0.088235 0.152828)
            (0.011538 -0.083189 -0.083189)
            (0.011538 -0.083189 0.083189)
            (0.011538 -0.082353 -0.142639)
            (0.011538 -0.082353 0.000000)
            (0.011538 -0.082353 0.142639)
            (0.011538 -0.081508 -0.047059)
            (0.011538 -0.081508 0.047059)
            (0.011538 -0.079547 -0.021315)
            (0.011538 -0.079547 0.021315)
            (0.011538 -0.076471 -0.132451)
            (0.011538 -0.076471 0.132451)
            (0.011538 -0.074870 -0.074870)
            (0.011538 -0.074870 0.074870)
            (0.011538 -0.071320 -0.041176)
            (0.011538 -0.071320 0.041176)
            (0.011538 -0.070588 -0.122262)
            (0.011538 -0.070588 0.000000)
            (0.011538 -0.070588 0.122262)
            (0.011538 -0.068183 -0.018270)
            (0.011538 -0.068183 0.018270)
            (0.011538 -0.066551 -0.066551)
            (0.011538 -0.066551 0.066551)
            (0.011538 -0.064706 -0.112074)
            (0.011538 -0.064706 0.112074)
            (0.011538 -0.061131 -0.035294)
            (0.011538 -0.061131 0.035294)
            (0.011538 -0.058824 -0.101885)
            (0.011538 -0.058824 0.000000)
            (0.011538 -0.058824 0.101885)
            (0.011538 -0.058232 -0.058232)
            (0.011538 -0.058232 0.058232)
            (0.011538 -0.056819 -0.015225)
            (0.011538 -0.056819 0.015225)
            (0.011538 -0.052941 -0.091697)
            (0.011538 -0.052941 0.091697)
            (0.011538 -0.051764 -0.193185)
            (0.011538 -0.051764 0.193185)
            (0.011538 -0.050943 -0.029412)
            (0.011538 -0.050943 0.029412)
            (0.011538 -0.049913 -0.049913)
            (0.011538 -0.049913 0.049913)
            (0.011538 -0.048719 -0.181821)
            (0.011538 -0.048719 0.181821)
            (0.011538 -0.047059 -0.081508)
            (0.011538 -0.047059 0.000000)
            (0.011538 -0.047059 0.081508)
            (0.011538 -0.045674 -0.170457)
            (0.011538 -0.045674 0.170457)
            (0.011538 -0.045455 -0.012180)
            (0.011538 -0.045455 0.012180)
            (0.011538 -0.042629 -0.159094)
            (0.011538 -0.042629 0.159094)
            (0.011538 -0.041595 -0.041595)
            (0.011538 -0.041595 0.041595)
            (0.011538 -0.041176 -0.071320)
            (0.011538 -0.041176 0.071320)
            (0.011538 -0.040754 -0.023529)
            (0.011538 -0.040754 0.023529)
            (0.011538 -0.039584 -0.147730)
            (0.011538 -0.039584 0.147730)
            (0.011538 -0.036539 -0.136366)
            (0.011538 -0.036539 0.136366)
            (0.011538 -0.035294 -0.061131)
            (0.011538 -0.035294 0.000000)
            (0.011538 -0.035294 0.061131)
            (0.011538 -0.034091 -0.009135)
            (0.011538 -0.034091 0.009135)
            (0.011538 -0.033494 -0.125002)
            (0.011538 -0.033494 0.125002)
            (0.011538 -0.033276 -0.033276)
            (0.011538 -0.033276 0.033276)
            (0.011538 -0.030566 -0.017647)
            (0.011538 -0.030566 0.017647)
            (0.011538 -0.030449 -0.113638)
            (0.011538 -0.030449 0.113638)
            (0.011538 -0.029412 -0.050943)
            (0.011538 -0.029412 0.050943)
            (0.011538 -0.027404 -0.102274)
            (0.011538 -0.027404 0.102274)
            (0.011538 -0.024957 -0.024957)
            (0.011538 -0.024957 0.024957)
            (0.011538 -0.024359 -0.090911)
            (0.011538 -0.024359 0.090911)
            (0.011538 -0.023529 -0.040754)
            (0.011538 -0.023529 0.000000)
            (0.011538 -0.023529 0.040754)
            (0.011538 -0.022728 -0.006090)
            (0.011538 -0.022728 0.006090)
            (0.011538 -0.021315 -0.079547)
            (0.011538 -0.021315 0.079547)
            (0.011538 -0.020377 -0.011765)
            (0.011538 -0.020377 0.011765)
            (0.011538 -0.018270 -0.068183)
            (0.011538 -0.018270 0.068183)
            (0.011538 -0.017647 -0.030566)
            (0.011538 -0.017647 0.030566)
            (0.011538 -0.016638 -0.016638)
            (0.011538 -0.016638 0.016638)
            (0.011538 -0.015225 -0.056819)
            (0.011538 -0.015225 0.056819)
            (0.011538 -0.012180 -0.045455)
            (0.011538 -0.012180 0.045455)
            (0.011538 -0.011765 -0.020377)
            (0.011538 -0.011765 0.000000)
            (0.011538 -0.011765 0.020377)
            (0.011538 -0.011364 -0.003045)
            (0.011538 -0.011364 0.003045)
            (0.011538 -0.010189 -0.005882)
            (0.011538 -0.010189 0.005882)
            (0.011538 -0.009135 -0.034091)
            (0.011538 -0.009135 0.034091)
            (0.011538 -0.008319 -0.008319)
            (0.011538 -0.008319 0.008319)
            (0.011538 -0.006090 -0.022728)
            (0.011538 -0.006090 0.022728)
            (0.011538 -0.005882 -0.010189)
            (0.011538 -0.005882 0.010189)
            (0.011538 -0.003045 -0.011364)
            (0.011538 -0.003045 0.011364)
            (0.011538 -0.000000 -0.200000)
            (0.011538 -0.000000 -0.188235)
            (0.011538 -0.000000 -0.176471)
            (0.011538 -0.000000 -0.164706)
            (0.011538 -0.000000 -0.152941)
            (0.011538 -0.000000 -0.141176)
            (0.011538 -0.000000 -0.129412)
            (0.011538 -0.000000 -0.117647)
            (0.011538 -0.000000 -0.105882)
            (0.011538 -0.000000 -0.094118)
            (0.011538 -0.000000 -0.082353)
            (0.011538 -0.000000 -0.070588)
            (0.011538 -0.000000 -0.058824)
            (0.011538 -0.000000 -0.047059)
            (0.011538 -0.000000 -0.035294)
            (0.011538 -0.000000 -0.023529)
            (0.011538 -0.000000 -0.011765)
            (0.011538 0.000000 -0.000000)
            (0.011538 0.000000 0.011765)
            (0.011538 0.000000 0.023529)
            (0.011538 0.000000 0.035294)
            (0.011538 0.000000 0.047059)
            (0.011538 0.000000 0.058824)
            (0.011538 0.000000 0.070588)
            (0.011538 0.000000 0.082353)
            (0.011538 0.000000 0.094118)
            (0.011538 0.000000 0.105882)
            (0.011538 0.000000 0.117647)
            (0.011538 0.000000 0.129412)
            (0.011538 0.000000 0.141176)
            (0.011538 0.000000 0.152941)
            (0.011538 0.000000 0.164706)
            (0.011538 0.000000 0.176471)
            (0.011538 0.000000 0.188235)
            (0.011538 0.000000 0.200000)
            (0.011538 0.003045 -0.011364)
            (0.011538 0.003045 0.011364)
            (0.011538 0.005882 -0.010189)
            (0.011538 0.005882 0.010189)
            (0.011538 0.006090 -0.022728)
            (0.011538 0.006090 0.022728)
            (0.011538 0.008319 -0.008319)
            (0.011538 0.008319 0.008319)
            (0.011538 0.009135 -0.034091)
            (0.011538 0.009135 0.034091)
            (0.011538 0.010189 -0.005882)
            (0.011538 0.010189 0.005882)
            (0.011538 0.011364 -0.003045)
            (0.011538 0.011364 0.003045)
            (0.011538 0.011765 -0.020377)
            (0.011538 0.011765 0.000000)
            (0.011538 0.011765 0.020377)
            (0.011538 0.012180 -0.045455)
            (0.011538 0.012180 0.045455)
            (0.011538 0.015225 -0.056819)
            (0.011538 0.015225 0.056819)
            (0.011538 0.016638 -0.016638)
            (0.011538 0.016638 0.016638)
            (0.011538 0.017647 -0.030566)
            (0.011538 0.017647 0.030566)
            (0.011538 0.018270 -0.068183)
            (0.011538 0.018270 0.068183)
            (0.011538 0.020377 -0.011765)
            (0.011538 0.020377 0.011765)
            (0.011538 0.021315 -0.079547)
            (0.011538 0.021315 0.079547)
            (0.011538 0.022728 -0.006090)
            (0.011538 0.022728 0.006090)
            (0.011538 0.023529 -0.040754)
            (0.011538 0.023529 0.000000)
            (0.011538 0.023529 0.040754)
            (0.011538 0.024359 -0.090911)
            (0.011538 0.024359 0.090911)
            (0.011538 0.024957 -0.024957)
            (0.011538 0.024957 0.024957)
            (0.011538 0.027404 -0.102274)
            (0.011538 0.027404 0.102274)
            (0.011538 0.029412 -0.050943)
            (0.011538 0.029412 0.050943)
            (0.011538 0.030449 -0.113638)
            (0.011538 0.030449 0.113638)
            (0.011538 0.030566 -0.017647)
            (0.011538 0.030566 0.017647)
            (0.011538 0.033276 -0.033276)
            (0.011538 0.033276 0.033276)
            (0.011538 0.033494 -0.125002)
            (0.011538 0.033494 0.125002)
            (0.011538 0.034091 -0.009135)
            (0.011538 0.034091 0.009135)
            (0.011538 0.035294 -0.061131)
            (0.011538 0.035294 0.000000)
            (0.011538 0.035294 0.061131)
            (0.011538 0.036539 -0.136366)
            (0.011538 0.036539 0.136366)
            (0.011538 0.039584 -0.147730)
            (0.011538 0.039584 0.147730)
            (0.011538 0.040754 -0.023529)
            (0.011538 0.040754 0.023529)
            (0.011538 0.041176 -0.071320)
            (0.011538 0.041176 0.071320)
            (0.011538 0.041595 -0.041595)
            (0.011538 0.041595 0.041595)
            (0.011538 0.042629 -0.159094)
            (0.011538 0.042629 0.159094)
            (0.011538 0.045455 -0.012180)
            (0.011538 0.045455 0.012180)
            (0.011538 0.045674 -0.170457)
            (0.011538 0.045674 0.170457)
            (0.011538 0.047059 -0.081508)
            (0.011538 0.047059 0.000000)
            (0.011538 0.047059 0.081508)
            (0.011538 0.048719 -0.181821)
            (0.011538 0.048719 0.181821)
            (0.011538 0.049913 -0.049913)
            (0.011538 0.049913 0.049913)
            (0.011538 0.050943 -0.029412)
            (0.011538 0.050943 0.029412)
            (0.011538 0.051764 -0.193185)
            (0.011538 0.051764 0.193185)
            (0.011538 0.052941 -0.091697)
            (0.011538 0.052941 0.091697)
            (0.011538 0.056819 -0.015225)
            (0.011538 0.056819 0.015225)
            (0.011538 0.058232 -0.058232)
            (0.011538 0.058232 0.058232)
            (0.011538 0.058824 -0.101885)
            (0.011538 0.058824 0.000000)
            (0.011538 0.058824 0.101885)
            (0.011538 0.061131 -0.035294)
            (0.011538 0.061131 0.035294)
            (0.011538 0.064706 -0.112074)
            (0.011538 0.064706 0.112074)
            (0.011538 0.066551 -0.066551)
            (0.011538 0.066551 0.066551)
            (0.011538 0.068183 -0.018270)
            (0.011538 0.068183 0.018270)
            (0.011538 0.070588 -0.122262)
            (0.011538 0.070588 0.000000)
            (0.011538 0.070588 0.122262)
            (0.011538 0.071320 -0.041176)
            (0.011538 0.071320 0.041176)
            (0.011538 0.074870 -0.074870)
            (0.011538 0.074870 0.074870)
            (0.011538 0.076471 -0.132451)
            (0.011538 0.076471 0.132451)
            (0.011538 0.079547 -0.021315)
            (0.011538 0.079547 0.021315)
            (0.011538 0.081508 -0.047059)
            (0.011538 0.081508 0.047059)
            (0.011538 0.082353 -0.142639)
            (0.011538 0.082353 0.000000)
            (0.011538 0.082353 0.142639)
            (0.011538 0.083189 -0.083189)
            (0.011538 0.083189 0.083189)
            (0.011538 0.088235 -0.152828)
            (0.011538 0.088235 0.152828)
            (0.011538 0.090911 -0.024359)
            (0.011538 0.090911 0.024359)
            (0.011538 0.091508 -0.091508)
            (0.011538 0.091508 0.091508)
            (0.011538 0.091697 -0.052941)
            (0.011538 0.091697 0.052941)
            (0.011538 0.094118 -0.163017)
            (0.011538 0.094118 0.000000)
            (0.011538 0.094118 0.163017)
            (0.011538 0.099827 -0.099827)
            (0.011538 0.099827 0.099827)
            (0.011538 0.100000 -0.173205)
            (0.011538 0.100000 0.173205)
            (0.011538 0.101885 -0.058824)
            (0.011538 0.101885 0.058824)
            (0.011538 0.102274 -0.027404)
            (0.011538 0.102274 0.027404)
            (0.011538 0.105882 0.000000)
            (0.011538 0.108146 -0.108146)
            (0.011538 0.108146 0.108146)
            (0.011538 0.112074 -0.064706)
            (0.011538 0.112074 0.064706)
            (0.011538 0.113638 -0.030449)
            (0.011538 0.113638 0.030449)
            (0.011538 0.116465 -0.116465)
            (0.011538 0.116465 0.116465)
            (0.011538 0.117647 0.000000)
            (0.011538 0.122262 -0.070588)
            (0.011538 0.122262 0.070588)
            (0.011538 0.124784 -0.124784)
            (0.011538 0.124784 0.124784)
            (0.011538 0.125002 -0.033494)
            (0.011538 0.125002 0.033494)
            (0.011538 0.129412 0.000000)
            (0.011538 0.132451 -0.076471)
            (0.011538 0.132451 0.076471)
            (0.011538 0.133102 -0.133102)
            (0.011538 0.133102 0.133102)
            (0.011538 0.136366 -0.036539)
            (0.011538 0.136366 0.036539)
            (0.011538 0.141176 0.000000)
            (0.011538 0.141421 -0.141421)
            (0.011538 0.141421 0.141421)
            (0.011538 0.142639 -0.082353)
            (0.011538 0.142639 0.082353)
            (0.011538 0.147730 -0.039584)
            (0.011538 0.147730 0.039584)
            (0.011538 0.152828 -0.088235)
            (0.011538 0.152828 0.088235)
            (0.011538 0.152941 0.000000)
            (0.011538 0.159094 -0.042629)
            (0.011538 0.159094 0.042629)
            (0.011538 0.163017 -0.094118)
            (0.011538 0.163017 0.094118)
            (0.011538 0.164706 0.000000)
            (0.011538 0.170457 -0.045674)
            (0.011538 0.170457 0.045674)
            (0.011538 0.173205 -0.100000)
            (0.011538 0.173205 0.100000)
            (0.011538 0.176471 0.000000)
            (0.011538 0.181821 -0.048719)
            (0.011538 0.181821 0.048719)
            (0.011538 0.188235 0.000000)
            (0.011538 0.193185 -0.051764)
            (0.011538 0.193185 0.051764)
            (0.011538 0.200000 0.000000)
            (0.023077 -0.200000 0.000000)
            (0.023077 -0.193185 -0.051764)
            (0.023077 -0.193185 0.051764)
            (0.023077 -0.188235 0.000000)
            (0.023077 -0.181821 -0.048719)
            (0.023077 -0.181821 0.048719)
            (0.023077 -0.176471 0.000000)
            (0.023077 -0.173205 -0.100000)
            (0.023077 -0.173205 0.100000)
            (0.023077 -0.170457 -0.045674)
            (0.023077 -0.170457 0.045674)
            (0.023077 -0.164706 0.000000)
            (0.023077 -0.163017 -0.094118)
            (0.023077 -0.163017 0.094118)
            (0.023077 -0.159094 -0.042629)
            (0.023077 -0.159094 0.042629)
            (0.023077 -0.152941 0.000000)
            (0.023077 -0.152828 -0.088235)
            (0.023077 -0.152828 0.088235)
            (0.023077 -0.147730 -0.039584)
            (0.023077 -0.147730 0.039584)
            (0.023077 -0.142639 -0.082353)
            (0.023077 -0.142639 0.082353)
            (0.023077 -0.141421 -0.141421)
            (0.023077 -0.141421 0.141421)
            (0.023077 -0.141176 0.000000)
            (0.023077 -0.136366 -0.036539)
            (0.023077 -0.136366 0.036539)
            (0.023077 -0.133102 -0.133102)
            (0.023077 -0.133102 0.133102)
            (0.023077 -0.132451 -0.076471)
            (0.023077 -0.132451 0.076471)
            (0.023077 -0.129412 0.000000)
            (0.023077 -0.125002 -0.033494)
            (0.023077 -0.125002 0.033494)
            (0.023077 -0.124784 -0.124784)
            (0.023077 -0.124784 0.124784)
            (0.023077 -0.122262 -0.070588)
            (0.023077 -0.122262 0.070588)
            (0.023077 -0.117647 0.000000)
            (0.023077 -0.116465 -0.116465)
            (0.023077 -0.116465 0.116465)
            (0.023077 -0.113638 -0.030449)
            (0.023077 -0.113638 0.030449)
            (0.023077 -0.112074 -0.064706)
            (0.023077 -0.112074 0.064706)
            (0.023077 -0.108146 -0.108146)
            (0.023077 -0.108146 0.108146)
            (0.023077 -0.105882 0.000000)
            (0.023077 -0.102274 -0.027404)
            (0.023077 -0.102274 0.027404)
            (0.023077 -0.101885 -0.058824)
            (0.023077 -0.101885 0.058824)
            (0.023077 -0.100000 -0.173205)
            (0.023077 -0.100000 0.173205)
            (0.023077 -0.099827 -0.099827)
            (0.023077 -0.099827 0.099827)
            (0.023077 -0.094118 -0.163017)
            (0.023077 -0.094118 0.000000)
            (0.023077 -0.094118 0.163017)
            (0.023077 -0.091697 -0.052941)
            (0.023077 -0.091697 0.052941)
            (0.023077 -0.091508 -0.091508)
            (0.023077 -0.091508 0.091508)
            (0.023077 -0.090911 -0.024359)
            (0.023077 -0.090911 0.024359)
            (0.023077 -0.088235 -0.152828)
            (0.023077 -0.088235 0.152828)
            (0.023077 -0.083189 -0.083189)
            (0.023077 -0.083189 0.083189)
            (0.023077 -0.082353 -0.142639)
            (0.023077 -0.082353 0.000000)
            (0.023077 -0.082353 0.142639)
            (0.023077 -0.081508 -0.047059)
            (0.023077 -0.081508 0.047059)
            (0.023077 -0.079547 -0.021315)
            (0.023077 -0.079547 0.021315)
            (0.023077 -0.076471 -0.132451)
            (0.023077 -0.076471 0.132451)
            (0.023077 -0.074870 -0.074870)
            (0.023077 -0.074870 0.074870)
            (0.023077 -0.071320 -0.041176)
            (0.023077 -0.071320 0.041176)
            (0.023077 -0.070588 -0.122262)
            (0.023077 -0.070588 0.000000)
            (0.023077 -0.070588 0.122262)
            (0.023077 -0.068183 -0.018270)
            (0.023077 -0.068183 0.018270)
            (0.023077 -0.066551 -0.066551)
            (0.023077 -0.066551 0.066551)
            (0.023077 -0.064706 -0.112074)
            (0.023077 -0.064706 0.112074)
            (0.023077 -0.061131 -0.035294)
            (0.023077 -0.061131 0.035294)
            (0.023077 -0.058824 -0.101885)
            (0.023077 -0.058824 0.000000)
            (0.023077 -0.058824 0.101885)
            (0.023077 -0.058232 -0.058232)
            (0.023077 -0.058232 0.058232)
            (0.023077 -0.056819 -0.015225)
            (0.023077 -0.056819 0.015225)
            (0.023077 -0.052941 -0.091697)
            (0.023077 -0.052941 0.091697)
            (0.023077 -0.051764 -0.193185)
            (0.023077 -0.051764 0.193185)
            (0.023077 -0.050943 -0.029412)
            (0.023077 -0.050943 0.029412)
            (0.023077 -0.049913 -0.049913)
            (0.023077 -0.049913 0.049913)
            (0.023077 -0.048719 -0.181821)
            (0.023077 -0.048719 0.181821)
            (0.023077 -0.047059 -0.081508)
            (0.023077 -0.047059 0.000000)
            (0.023077 -0.047059 0.081508)
            (0.023077 -0.045674 -0.170457)
            (0.023077 -0.045674 0.170457)
            (0.023077 -0.045455 -0.012180)
            (0.023077 -0.045455 0.012180)
            (0.023077 -0.042629 -0.159094)
            (0.023077 -0.042629 0.159094)
            (0.023077 -0.041595 -0.041595)
            (0.023077 -0.041595 0.041595)
            (0.023077 -0.041176 -0.071320)
            (0.023077 -0.041176 0.071320)
            (0.023077 -0.040754 -0.023529)
            (0.023077 -0.040754 0.023529)
            (0.023077 -0.039584 -0.147730)
            (0.023077 -0.039584 0.147730)
            (0.023077 -0.036539 -0.136366)
            (0.023077 -0.036539 0.136366)
            (0.023077 -0.035294 -0.061131)
            (0.023077 -0.035294 0.000000)
            (0.023077 -0.035294 0.061131)
            (0.023077 -0.034091 -0.009135)
            (0.023077 -0.034091 0.009135)
            (0.023077 -0.033494 -0.125002)
            (0.023077 -0.033494 0.125002)
            (0.023077 -0.033276 -0.033276)
            (0.023077 -0.033276 0.033276)
            (0.023077 -0.030566 -0.017647)
            (0.023077 -0.030566 0.017647)
            (0.023077 -0.030449 -0.113638)
            (0.023077 -0.030449 0.113638)
            (0.023077 -0.029412 -0.050943)
            (0.023077 -0.029412 0.050943)
            (0.023077 -0.027404 -0.102274)
            (0.023077 -0.027404 0.102274)
            (0.023077 -0.024957 -0.024957)
            (0.023077 -0.024957 0.024957)
            (0.023077 -0.024359 -0.090911)
            (0.023077 -0.024359 0.090911)
            (0.023077 -0.023529 -0.040754)
            (0.023077 -0.023529 0.000000)
            (0.023077 -0.023529 0.040754)
            (0.023077 -0.022728 -0.006090)
            (0.023077 -0.022728 0.006090)
            (0.023077 -0.021315 -0.079547)
            (0.023077 -0.021315 0.079547)
            (0.023077 -0.020377 -0.011765)
            (0.023077 -0.020377 0.011765)
            (0.023077 -0.018270 -0.068183)
            (0.023077 -0.018270 0.068183)
            (0.023077 -0.017647 -0.030566)
            (0.023077 -0.017647 0.030566)
            (0.023077 -0.016638 -0.016638)
            (0.023077 -0.016638 0.016638)
            (0.023077 -0.015225 -0.056819)
            (0.023077 -0.015225 0.056819)
            (0.023077 -0.012180 -0.045455)
            (0.023077 -0.012180 0.045455)
            (0.023077 -0.011765 -0.020377)
            (0.023077 -0.011765 0.000000)
            (0.023077 -0.011765 0.020377)
            (0.023077 -0.011364 -0.003045)
            (0.023077 -0.011364 0.003045)
            (0.023077 -0.010189 -0.005882)
            (0.023077 -0.010189 0.005882)
            (0.023077 -0.009135 -0.034091)
            (0.023077 -0.009135 0.034091)
            (0.023077 -0.008319 -0.008319)
            (0.023077 -0.008319 0.008319)
            (0.023077 -0.006090 -0.022728)
            (0.023077 -0.006090 0.022728)
            (0.023077 -0.005882 -0.010189)
            (0.023077 -0.005882 0.010189)
            (0.023077 -0.003045 -0.011364)
            (0.023077 -0.003045 0.011364)
            (0.023077 -0.000000 -0.200000)
            (0.023077 -0.000000 -0.188235)
            (0.023077 -0.000000 -0.176471)
            (0.023077 -0.000000 -0.164706)
            (0.023077 -0.000000 -0.152941)
            (0.023077 -0.000000 -0.141176)
            (0.023077 -0.000000 -0.129412)
            (0.023077 -0.000000 -0.117647)
            (0.023077 -0.000000 -0.105882)
            (0.023077 -0.000000 -0.094118)
            (0.023077 -0.000000 -0.082353)
            (0.023077 -0.000000 -0.070588)
            (0.023077 -0.000000 -0.058824)
            (0.023077 -0.000000 -0.047059)
            (0.023077 -0.000000 -0.035294)
            (0.023077 -0.000000 -0.023529)
            (0.023077 -0.000000 -0.011765)
            (0.023077 -0.000000 -0.000000)
            (0.023077 0.000000 0.011765)
            (0.023077 0.000000 0.023529)
            (0.023077 0.000000 0.035294)
            (0.023077 0.000000 0.047059)
            (0.023077 0.000000 0.058824)
            (0.023077 0.000000 0.070588)
            (0.023077 0.000000 0.082353)
            (0.023077 0.000000 0.094118)
            (0.023077 0.000000 0.105882)
            (0.023077 0.000000 0.117647)
            (0.023077 0.000000 0.129412)
            (0.023077 0.000000 0.141176)
            (0.023077 0.000000 0.152941)
            (0.023077 0.000000 0.164706)
            (0.023077 0.000000 0.176471)
            (0.023077 0.000000 0.188235)
            (0.023077 0.000000 0.200000)
            (0.023077 0.003045 -0.011364)
            (0.023077 0.003045 0.011364)
            (0.023077 0.005882 -0.010189)
            (0.023077 0.005882 0.010189)
            (0.023077 0.006090 -0.022728)
            (0.023077 0.006090 0.022728)
            (0.023077 0.008319 -0.008319)
            (0.023077 0.008319 0.008319)
            (0.023077 0.009135 -0.034091)
            (0.023077 0.009135 0.034091)
            (0.023077 0.010189 -0.005882)
            (0.023077 0.010189 0.005882)
            (0.023077 0.011364 -0.003045)
            (0.023077 0.011364 0.003045)
            (0.023077 0.011765 -0.020377)
            (0.023077 0.011765 0.000000)
            (0.023077 0.011765 0.020377)
            (0.023077 0.012180 -0.045455)
            (0.023077 0.012180 0.045455)
            (0.023077 0.015225 -0.056819)
            (0.023077 0.015225 0.056819)
            (0.023077 0.016638 -0.016638)
            (0.023077 0.016638 0.016638)
            (0.023077 0.017647 -0.030566)
            (0.023077 0.017647 0.030566)
            (0.023077 0.018270 -0.068183)
            (0.023077 0.018270 0.068183)
            (0.023077 0.020377 -0.011765)
            (0.023077 0.020377 0.011765)
            (0.023077 0.021315 -0.079547)
            (0.023077 0.021315 0.079547)
            (0.023077 0.022728 -0.006090)
            (0.023077 0.022728 0.006090)
            (0.023077 0.023529 -0.040754)
            (0.023077 0.023529 0.000000)
            (0.023077 0.023529 0.040754)
            (0.023077 0.024359 -0.090911)
            (0.023077 0.024359 0.090911)
            (0.023077 0.024957 -0.024957)
            (0.023077 0.024957 0.024957)
            (0.023077 0.027404 -0.102274)
            (0.023077 0.027404 0.102274)
            (0.023077 0.029412 -0.050943)
            (0.023077 0.029412 0.050943)
            (0.023077 0.030449 -0.113638)
            (0.023077 0.030449 0.113638)
            (0.023077 0.030566 -0.017647)
            (0.023077 0.030566 0.017647)
            (0.023077 0.033276 -0.033276)
            (0.023077 0.033276 0.033276)
            (0.023077 0.033494 -0.125002)
            (0.023077 0.033494 0.125002)
            (0.023077 0.034091 -0.009135)
            (0.023077 0.034091 0.009135)
            (0.023077 0.035294 -0.061131)
            (0.023077 0.035294 0.000000)
            (0.023077 0.035294 0.061131)
            (0.023077 0.036539 -0.136366)
            (0.023077 0.036539 0.136366)
            (0.023077 0.039584 -0.147730)
            (0.023077 0.039584 0.147730)
            (0.023077 0.040754 -0.023529)
            (0.023077 0.040754 0.023529)
            (0.023077 0.041176 -0.071320)
            (0.023077 0.041176 0.071320)
            (0.023077 0.041595 -0.041595)
            (0.023077 0.041595 0.041595)
            (0.023077 0.042629 -0.159094)
            (0.023077 0.042629 0.159094)
            (0.023077 0.045455 -0.012180)
            (0.023077 0.045455 0.012180)
            (0.023077 0.045674 -0.170457)
            (0.023077 0.045674 0.170457)
            (0.023077 0.047059 -0.081508)
            (0.023077 0.047059 0.000000)
            (0.023077 0.047059 0.081508)
            (0.023077 0.048719 -0.181821)
            (0.023077 0.048719 0.181821)
            (0.023077 0.049913 -0.049913)
            (0.023077 0.049913 0.049913)
            (0.023077 0.050943 -0.029412)
            (0.023077 0.050943 0.029412)
            (0.023077 0.051764 -0.193185)
            (0.023077 0.051764 0.193185)
            (0.023077 0.052941 -0.091697)
            (0.023077 0.052941 0.091697)
            (0.023077 0.056819 -0.015225)
            (0.023077 0.056819 0.015225)
            (0.023077 0.058232 -0.058232)
            (0.023077 0.058232 0.058232)
            (0.023077 0.058824 -0.101885)
            (0.023077 0.058824 0.000000)
            (0.023077 0.058824 0.101885)
            (0.023077 0.061131 -0.035294)
            (0.023077 0.061131 0.035294)
            (0.023077 0.064706 -0.112074)
            (0.023077 0.064706 0.112074)
            (0.023077 0.066551 -0.066551)
            (0.023077 0.066551 0.066551)
            (0.023077 0.068183 -0.018270)
            (0.023077 0.068183 0.018270)
            (0.023077 0.070588 -0.122262)
            (0.023077 0.070588 0.000000)
            (0.023077 0.070588 0.122262)
            (0.023077 0.071320 -0.041176)
            (0.023077 0.071320 0.041176)
            (0.023077 0.074870 -0.074870)
            (0.023077 0.074870 0.074870)
            (0.023077 0.076471 -0.132451)
            (0.023077 0.076471 0.132451)
            (0.023077 0.079547 -0.021315)
            (0.023077 0.079547 0.021315)
            (0.023077 0.081508 -0.047059)
            (0.023077 0.081508 0.047059)
            (0.023077 0.082353 -0.142639)
            (0.023077 0.082353 0.000000)
            (0.023077 0.082353 0.142639)
            (0.023077 0.083189 -0.083189)
            (0.023077 0.083189 0.083189)
            (0.023077 0.088235 -0.152828)
            (0.023077 0.088235 0.152828)
            (0.023077 0.090911 -0.024359)
            (0.023077 0.090911 0.024359)
            (0.023077 0.091508 -0.091508)
            (0.023077 0.091508 0.091508)
            (0.023077 0.091697 -0.052941)
            (0.023077 0.091697 0.052941)
            (0.023077 0.094118 -0.163017)
            (0.023077 0.094118 0.000000)
            (0.023077 0.094118 0.163017)
            (0.023077 0.099827 -0.099827)
            (0.023077 0.099827 0.099827)
            (0.023077 0.100000 -0.173205)
            (0.023077 0.100000 0.173205)
            (0.023077 0.101885 -0.058824)
            (0.023077 0.101885 0.058824)
            (0.023077 0.102274 -0.027404)
            (0.023077 0.102274 0.027404)
            (0.023077 0.105882 0.000000)
            (0.023077 0.108146 -0.108146)
            (0.023077 0.108146 0.108146)
            (0.023077 0.112074 -0.064706)
            (0.023077 0.112074 0.064706)
            (0.023077 0.113638 -0.030449)
            (0.023077 0.113638 0.030449)
            (0.023077 0.116465 -0.116465)
            (0.023077 0.116465 0.116465)
            (0.023077 0.117647 0.000000)
            (0.023077 0.122262 -0.070588)
            (0.023077 0.122262 0.070588)
            (0.023077 0.124784 -0.124784)
            (0.023077 0.124784 0.124784)
            (0.023077 0.125002 -0.033494)
            (0.023077 0.125002 0.033494)
            (0.023077 0.129412 0.000000)
            (0.023077 0.132451 -0.076471)
            (0.023077 0.132451 0.076471)
            (0.023077 0.133102 -0.133102)
            (0.023077 0.133102 0.133102)
            (0.023077 0.136366 -0.036539)
            (0.023077 0.136366 0.036539)
            (0.023077 0.141176 0.000000)
            (0.023077 0.141421 -0.141421)
            (0.023077 0.141421 0.141421)
            (0.023077 0.142639 -0.082353)
            (0.023077 0.142639 0.082353)
            (0.023077 0.147730 -0.039584)
            (0.023077 0.147730 0.039584)
            (0.023077 0.152828 -0.088235)
            (0.023077 0.152828 0.088235)
            (0.023077 0.152941 0.000000)
            (0.023077 0.159094 -0.042629)
            (0.023077 0.159094 0.042629)
            (0.023077 0.163017 -0.094118)
            (0.023077 0.163017 0.094118)
            (0.023077 0.164706 0.000000)
            (0.023077 0.170457 -0.045674)
            (0.023077 0.170457 0.045674)
            (0.023077 0.173205 -0.100000)
            (0.023077 0.173205 0.100000)
            (0.023077 0.176471 0.000000)
            (0.023077 0.181821 -0.048719)
            (0.023077 0.181821 0.048719)
            (0.023077 0.188235 0.000000)
            (0.023077 0.193185 -0.051764)
            (0.023077 0.193185 0.051764)
            (0.023077 0.200000 0.000000)
            (0.034615 -0.200000 0.000000)
            (0.034615 -0.193185 -0.051764)
            (0.034615 -0.193185 0.051764)
            (0.034615 -0.188235 0.000000)
            (0.034615 -0.181821 -0.048719)
            (0.034615 -0.181821 0.048719)
            (0.034615 -0.176471 0.000000)
            (0.034615 -0.173205 -0.100000)
            (0.034615 -0.173205 0.100000)
            (0.034615 -0.170457 -0.045674)
            (0.034615 -0.170457 0.045674)
            (0.034615 -0.164706 0.000000)
            (0.034615 -0.163017 -0.094118)
            (0.034615 -0.163017 0.094118)
            (0.034615 -0.159094 -0.042629)
            (0.034615 -0.159094 0.042629)
            (0.034615 -0.152941 0.000000)
            (0.034615 -0.152828 -0.088235)
            (0.034615 -0.152828 0.088235)
            (0.034615 -0.147730 -0.039584)
            (0.034615 -0.147730 0.039584)
            (0.034615 -0.142639 -0.082353)
            (0.034615 -0.142639 0.082353)
            (0.034615 -0.141421 -0.141421)
            (0.034615 -0.141421 0.141421)
            (0.034615 -0.141176 0.000000)
            (0.034615 -0.136366 -0.036539)
            (0.034615 -0.136366 0.036539)
            (0.034615 -0.133102 -0.133102)
            (0.034615 -0.133102 0.133102)
            (0.034615 -0.132451 -0.076471)
            (0.034615 -0.132451 0.076471)
            (0.034615 -0.129412 0.000000)
            (0.034615 -0.125002 -0.033494)
            (0.034615 -0.125002 0.033494)
            (0.034615 -0.124784 -0.124784)
            (0.034615 -0.124784 0.124784)
            (0.034615 -0.122262 -0.070588)
            (0.034615 -0.122262 0.070588)
            (0.034615 -0.117647 0.000000)
            (0.034615 -0.116465 -0.116465)
            (0.034615 -0.116465 0.116465)
            (0.034615 -0.113638 -0.030449)
            (0.034615 -0.113638 0.030449)
            (0.034615 -0.112074 -0.064706)
            (0.034615 -0.112074 0.064706)
            (0.034615 -0.108146 -0.108146)
            (0.034615 -0.108146 0.108146)
            (0.034615 -0.105882 0.000000)
            (0.034615 -0.102274 -0.027404)
            (0.034615 -0.102274 0.027404)
            (0.034615 -0.101885 -0.058824)
            (0.034615 -0.101885 0.058824)
            (0.034615 -0.100000 -0.173205)
            (0.034615 -0.100000 0.173205)
            (0.034615 -0.099827 -0.099827)
            (0.034615 -0.099827 0.099827)
            (0.034615 -0.094118 -0.163017)
            (0.034615 -0.094118 0.000000)
            (0.034615 -0.094118 0.163017)
            (0.034615 -0.091697 -0.052941)
            (0.034615 -0.091697 0.052941)
            (0.034615 -0.091508 -0.091508)
            (0.034615 -0.091508 0.091508)
            (0.034615 -0.090911 -0.024359)
            (0.034615 -0.090911 0.024359)
            (0.034615 -0.088235 -0.152828)
            (0.034615 -0.088235 0.152828)
            (0.034615 -0.083189 -0.083189)
            (0.034615 -0.083189 0.083189)
            (0.034615 -0.082353 -0.142639)
            (0.034615 -0.082353 0.000000)
            (0.034615 -0.082353 0.142639)
            (0.034615 -0.081508 -0.047059)
            (0.034615 -0.081508 0.047059)
            (0.034615 -0.079547 -0.021315)
            (0.034615 -0.079547 0.021315)
            (0.034615 -0.076471 -0.132451)
            (0.034615 -0.076471 0.132451)
            (0.034615 -0.074870 -0.074870)
            (0.034615 -0.074870 0.074870)
            (0.034615 -0.071320 -0.041176)
            (0.034615 -0.071320 0.041176)
            (0.034615 -0.070588 -0.122262)
            (0.034615 -0.070588 0.000000)
            (0.034615 -0.070588 0.122262)
            (0.034615 -0.068183 -0.018270)
            (0.034615 -0.068183 0.018270)
            (0.034615 -0.066551 -0.066551)
            (0.034615 -0.066551 0.066551)
            (0.034615 -0.064706 -0.112074)
            (0.034615 -0.064706 0.112074)
            (0.034615 -0.061131 -0.035294)
            (0.034615 -0.061131 0.035294)
            (0.034615 -0.058824 -0.101885)
            (0.034615 -0.058824 0.000000)
            (0.034615 -0.058824 0.101885)
            (0.034615 -0.058232 -0.058232)
            (0.034615 -0.058232 0.058232)
            (0.034615 -0.056819 -0.015225)
            (0.034615 -0.056819 0.015225)
            (0.034615 -0.052941 -0.091697)
            (0.034615 -0.052941 0.091697)
            (0.034615 -0.051764 -0.193185)
            (0.034615 -0.051764 0.193185)
            (0.034615 -0.050943 -0.029412)
            (0.034615 -0.050943 0.029412)
            (0.034615 -0.049913 -0.049913)
            (0.034615 -0.049913 0.049913)
            (0.034615 -0.048719 -0.181821)
            (0.034615 -0.048719 0.181821)
            (0.034615 -0.047059 -0.081508)
            (0.034615 -0.047059 0.000000)
            (0.034615 -0.047059 0.081508)
            (0.034615 -0.045674 -0.170457)
            (0.034615 -0.045674 0.170457)
            (0.034615 -0.045455 -0.012180)
            (0.034615 -0.045455 0.012180)
            (0.034615 -0.042629 -0.159094)
            (0.034615 -0.042629 0.159094)
            (0.034615 -0.041595 -0.041595)
            (0.034615 -0.041595 0.041595)
            (0.034615 -0.041176 -0.071320)
            (0.034615 -0.041176 0.071320)
            (0.034615 -0.040754 -0.023529)
            (0.034615 -0.040754 0.023529)
            (0.034615 -0.039584 -0.147730)
            (0.034615 -0.039584 0.147730)
            (0.034615 -0.036539 -0.136366)
            (0.034615 -0.036539 0.136366)
            (0.034615 -0.035294 -0.061131)
            (0.034615 -0.035294 0.000000)
            (0.034615 -0.035294 0.061131)
            (0.034615 -0.034091 -0.009135)
            (0.034615 -0.034091 0.009135)
            (0.034615 -0.033494 -0.125002)
            (0.034615 -0.033494 0.125002)
            (0.034615 -0.033276 -0.033276)
            (0.034615 -0.033276 0.033276)
            (0.034615 -0.030566 -0.017647)
            (0.034615 -0.030566 0.017647)
            (0.034615 -0.030449 -0.113638)
            (0.034615 -0.030449 0.113638)
            (0.034615 -0.029412 -0.050943)
            (0.034615 -0.029412 0.050943)
            (0.034615 -0.027404 -0.102274)
            (0.034615 -0.027404 0.102274)
            (0.034615 -0.024957 -0.024957)
            (0.034615 -0.024957 0.024957)
            (0.034615 -0.024359 -0.090911)
            (0.034615 -0.024359 0.090911)
            (0.034615 -0.023529 -0.040754)
            (0.034615 -0.023529 0.000000)
            (0.034615 -0.023529 0.040754)
            (0.034615 -0.022728 -0.006090)
            (0.034615 -0.022728 0.006090)
            (0.034615 -0.021315 -0.079547)
            (0.034615 -0.021315 0.079547)
            (0.034615 -0.020377 -0.011765)
            (0.034615 -0.020377 0.011765)
            (0.034615 -0.018270 -0.068183)
            (0.034615 -0.018270 0.068183)
            (0.034615 -0.017647 -0.030566)
            (0.034615 -0.017647 0.030566)
            (0.034615 -0.016638 -0.016638)
            (0.034615 -0.016638 0.016638)
            (0.034615 -0.015225 -0.056819)
            (0.034615 -0.015225 0.056819)
            (0.034615 -0.012180 -0.045455)
            (0.034615 -0.012180 0.045455)
            (0.034615 -0.011765 -0.020377)
            (0.034615 -0.011765 0.000000)
            (0.034615 -0.011765 0.020377)
            (0.034615 -0.011364 -0.003045)
            (0.034615 -0.011364 0.003045)
            (0.034615 -0.010189 -0.005882)
            (0.034615 -0.010189 0.005882)
            (0.034615 -0.009135 -0.034091)
            (0.034615 -0.009135 0.034091)
            (0.034615 -0.008319 -0.008319)
            (0.034615 -0.008319 0.008319)
            (0.034615 -0.006090 -0.022728)
            (0.034615 -0.006090 0.022728)
            (0.034615 -0.005882 -0.010189)
            (0.034615 -0.005882 0.010189)
            (0.034615 -0.003045 -0.011364)
            (0.034615 -0.003045 0.011364)
            (0.034615 -0.000000 -0.200000)
            (0.034615 -0.000000 -0.188235)
            (0.034615 -0.000000 -0.176471)
            (0.034615 -0.000000 -0.164706)
            (0.034615 -0.000000 -0.152941)
            (0.034615 -0.000000 -0.141176)
            (0.034615 -0.000000 -0.129412)
            (0.034615 -0.000000 -0.117647)
            (0.034615 -0.000000 -0.105882)
            (0.034615 -0.000000 -0.094118)
            (0.034615 -0.000000 -0.082353)
            (0.034615 -0.000000 -0.070588)
            (0.034615 -0.000000 -0.058824)
            (0.034615 -0.000000 -0.047059)
            (0.034615 -0.000000 -0.035294)
            (0.034615 -0.000000 -0.023529)
            (0.034615 -0.000000 -0.011765)
            (0.034615 0.000000 0.000000)
            (0.034615 0.000000 0.011765)
            (0.034615 0.000000 0.023529)
            (0.034615 0.000000 0.035294)
            (0.034615 0.000000 0.047059)
            (0.034615 0.000000 0.058824)
            (0.034615 0.000000 0.070588)
            (0.034615 0.000000 0.082353)
            (0.034615 0.000000 0.094118)
            (0.034615 0.000000 0.105882)
            (0.034615 0.000000 0.117647)
            (0.034615 0.000000 0.129412)
            (0.034615 0.000000 0.141176)
            (0.034615 0.000000 0.152941)
            (0.034615 0.000000 0.164706)
            (0.034615 0.000000 0.176471)
            (0.034615 0.000000 0.188235)
            (0.034615 0.000000 0.200000)
            (0.034615 0.003045 -0.011364)
            (0.034615 0.003045 0.011364)
            (0.034615 0.005882 -0.010189)
            (0.034615 0.005882 0.010189)
            (0.034615 0.006090 -0.022728)
            (0.034615 0.006090 0.022728)
            (0.034615 0.008319 -0.008319)
            (0.034615 0.008319 0.008319)
            (0.034615 0.009135 -0.034091)
            (0.034615 0.009135 0.034091)
            (0.034615 0.010189 -0.005882)
            (0.034615 0.010189 0.005882)
            (0.034615 0.011364 -0.003045)
            (0.034615 0.011364 0.003045)
            (0.034615 0.011765 -0.020377)
            (0.034615 0.011765 0.000000)
            (0.034615 0.011765 0.020377)
            (0.034615 0.012180 -0.045455)
            (0.034615 0.012180 0.045455)
            (0.034615 0.015225 -0.056819)
            (0.034615 0.015225 0.056819)
            (0.034615 0.016638 -0.016638)
            (0.034615 0.016638 0.016638)
            (0.034615 0.017647 -0.030566)
            (0.034615 0.017647 0.030566)
            (0.034615 0.018270 -0.068183)
            (0.034615 0.018270 0.068183)
            (0.034615 0.020377 -0.011765)
            (0.034615 0.020377 0.011765)
            (0.034615 0.021315 -0.079547)
            (0.034615 0.021315 0.079547)
            (0.034615 0.022728 -0.006090)
            (0.034615 0.022728 0.006090)
            (0.034615 0.023529 -0.040754)
            (0.034615 0.023529 0.000000)
            (0.034615 0.023529 0.040754)
            (0.034615 0.024359 -0.090911)
            (0.034615 0.024359 0.090911)
            (0.034615 0.024957 -0.024957)
            (0.034615 0.024957 0.024957)
            (0.034615 0.027404 -0.102274)
            (0.034615 0.027404 0.102274)
            (0.034615 0.029412 -0.050943)
            (0.034615 0.029412 0.050943)
            (0.034615 0.030449 -0.113638)
            (0.034615 0.030449 0.113638)
            (0.034615 0.030566 -0.017647)
            (0.034615 0.030566 0.017647)
            (0.034615 0.033276 -0.033276)
            (0.034615 0.033276 0.033276)
            (0.034615 0.033494 -0.125002)
            (0.034615 0.033494 0.125002)
            (0.034615 0.034091 -0.009135)
            (0.034615 0.034091 0.009135)
            (0.034615 0.035294 -0.061131)
            (0.034615 0.035294 0.000000)
            (0.034615 0.035294 0.061131)
            (0.034615 0.036539 -0.136366)
            (0.034615 0.036539 0.136366)
            (0.034615 0.039584 -0.147730)
            (0.034615 0.039584 0.147730)
            (0.034615 0.040754 -0.023529)
            (0.034615 0.040754 0.023529)
            (0.034615 0.041176 -0.071320)
            (0.034615 0.041176 0.071320)
            (0.034615 0.041595 -0.041595)
            (0.034615 0.041595 0.041595)
            (0.034615 0.042629 -0.159094)
            (0.034615 0.042629 0.159094)
            (0.034615 0.045455 -0.012180)
            (0.034615 0.045455 0.012180)
            (0.034615 0.045674 -0.170457)
            (0.034615 0.045674 0.170457)
            (0.034615 0.047059 -0.081508)
            (0.034615 0.047059 0.000000)
            (0.034615 0.047059 0.081508)
            (0.034615 0.048719 -0.181821)
            (0.034615 0.048719 0.181821)
            (0.034615 0.049913 -0.049913)
            (0.034615 0.049913 0.049913)
            (0.034615 0.050943 -0.029412)
            (0.034615 0.050943 0.029412)
            (0.034615 0.051764 -0.193185)
            (0.034615 0.051764 0.193185)
            (0.034615 0.052941 -0.091697)
            (0.034615 0.052941 0.091697)
            (0.034615 0.056819 -0.015225)
            (0.034615 0.056819 0.015225)
            (0.034615 0.058232 -0.058232)
            (0.034615 0.058232 0.058232)
            (0.034615 0.058824 -0.101885)
            (0.034615 0.058824 0.000000)
            (0.034615 0.058824 0.101885)
            (0.034615 0.061131 -0.035294)
            (0.034615 0.061131 0.035294)
            (0.034615 0.064706 -0.112074)
            (0.034615 0.064706 0.112074)
            (0.034615 0.066551 -0.066551)
            (0.034615 0.066551 0.066551)
            (0.034615 0.068183 -0.018270)
            (0.034615 0.068183 0.018270)
            (0.034615 0.070588 -0.122262)
            (0.034615 0.070588 0.000000)
            (0.034615 0.070588 0.122262)
            (0.034615 0.071320 -0.041176)
            (0.034615 0.071320 0.041176)
            (0.034615 0.074870 -0.074870)
            (0.034615 0.074870 0.074870)
            (0.034615 0.076471 -0.132451)
            (0.034615 0.076471 0.132451)
            (0.034615 0.079547 -0.021315)
            (0.034615 0.079547 0.021315)
            (0.034615 0.081508 -0.047059)
            (0.034615 0.081508 0.047059)
            (0.034615 0.082353 -0.142639)
            (0.034615 0.082353 0.000000)
            (0.034615 0.082353 0.142639)
            (0.034615 0.083189 -0.083189)
            (0.034615 0.083189 0.083189)
            (0.034615 0.088235 -0.152828)
            (0.034615 0.088235 0.152828)
            (0.034615 0.090911 -0.024359)
            (0.034615 0.090911 0.024359)
            (0.034615 0.091508 -0.091508)
            (0.034615 0.091508 0.091508)
            (0.034615 0.091697 -0.052941)
            (0.034615 0.091697 0.052941)
            (0.034615 0.094118 -0.163017)
            (0.034615 0.094118 0.000000)
            (0.034615 0.094118 0.163017)
            (0.034615 0.099827 -0.099827)
            (0.034615 0.099827 0.099827)
            (0.034615 0.100000 -0.173205)
            (0.034615 0.100000 0.173205)
            (0.034615 0.101885 -0.058824)
            (0.034615 0.101885 0.058824)
            (0.034615 0.102274 -0.027404)
            (0.034615 0.102274 0.027404)
            (0.034615 0.105882 0.000000)
            (0.034615 0.108146 -0.108146)
            (0.034615 0.108146 0.108146)
            (0.034615 0.112074 -0.064706)
            (0.034615 0.112074 0.064706)
            (0.034615 0.113638 -0.030449)
            (0.034615 0.113638 0.030449)
            (0.034615 0.116465 -0.116465)
            (0.034615 0.116465 0.116465)
            (0.034615 0.117647 0.000000)
            (0.034615 0.122262 -0.070588)
            (0.034615 0.122262 0.070588)
            (0.034615 0.124784 -0.124784)
            (0.034615 0.124784 0.124784)
            (0.034615 0.125002 -0.033494)
            (0.034615 0.125002 0.033494)
            (0.034615 0.129412 0.000000)
            (0.034615 0.132451 -0.076471)
            (0.034615 0.132451 0.076471)
            (0.034615 0.133102 -0.133102)
            (0.034615 0.133102 0.133102)
            (0.034615 0.136366 -0.036539)
            (0.034615 0.136366 0.036539)
            (0.034615 0.141176 0.000000)
            (0.034615 0.141421 -0.141421)
            (0.034615 0.141421 0.141421)
            (0.034615 0.142639 -0.082353)
            (0.034615 0.142639 0.082353)
            (0.034615 0.147730 -0.039584)
            (0.034615 0.147730 0.039584)
            (0.034615 0.152828 -0.088235)
            (0.034615 0.152828 0.088235)
            (0.034615 0.152941 0.000000)
            (0.034615 0.159094 -0.042629)
            (0.034615 0.159094 0.042629)
            (0.034615 0.163017 -0.094118)
            (0.034615 0.163017 0.094118)
            (0.034615 0.164706 0.000000)
            (0.034615 0.170457 -0.045674)
            (0.034615 0.170457 0.045674)
            (0.034615 0.173205 -0.100000)
            (0.034615 0.173205 0.100000)
            (0.034615 0.176471 0.000000)
            (0.034615 0.181821 -0.048719)
            (0.034615 0.181821 0.048719)
            (0.034615 0.188235 0.000000)
            (0.034615 0.193185 -0.051764)
            (0.034615 0.193185 0.051764)
            (0.034615 0.200000 0.000000)
            (0.046154 -0.200000 0.000000)
            (0.046154 -0.193185 -0.051764)
            (0.046154 -0.193185 0.051764)
            (0.046154 -0.188235 0.000000)
            (0.046154 -0.181821 -0.048719)
            (0.046154 -0.181821 0.048719)
            (0.046154 -0.176471 0.000000)
            (0.046154 -0.173205 -0.100000)
            (0.046154 -0.173205 0.100000)
            (0.046154 -0.170457 -0.045674)
            (0.046154 -0.170457 0.045674)
            (0.046154 -0.164706 0.000000)
            (0.046154 -0.163017 -0.094118)
            (0.046154 -0.163017 0.094118)
            (0.046154 -0.159094 -0.042629)
            (0.046154 -0.159094 0.042629)
            (0.046154 -0.152941 0.000000)
            (0.046154 -0.152828 -0.088235)
            (0.046154 -0.152828 0.088235)
            (0.046154 -0.147730 -0.039584)
            (0.046154 -0.147730 0.039584)
            (0.046154 -0.142639 -0.082353)
            (0.046154 -0.142639 0.082353)
            (0.046154 -0.141421 -0.141421)
            (0.046154 -0.141421 0.141421)
            (0.046154 -0.141176 0.000000)
            (0.046154 -0.136366 -0.036539)
            (0.046154 -0.136366 0.036539)
            (0.046154 -0.133102 -0.133102)
            (0.046154 -0.133102 0.133102)
            (0.046154 -0.132451 -0.076471)
            (0.046154 -0.132451 0.076471)
            (0.046154 -0.129412 0.000000)
            (0.046154 -0.125002 -0.033494)
            (0.046154 -0.125002 0.033494)
            (0.046154 -0.124784 -0.124784)
            (0.046154 -0.124784 0.124784)
            (0.046154 -0.122262 -0.070588)
            (0.046154 -0.122262 0.070588)
            (0.046154 -0.117647 0.000000)
            (0.046154 -0.116465 -0.116465)
            (0.046154 -0.116465 0.116465)
            (0.046154 -0.113638 -0.030449)
            (0.046154 -0.113638 0.030449)
            (0.046154 -0.112074 -0.064706)
            (0.046154 -0.112074 0.064706)
            (0.046154 -0.108146 -0.108146)
            (0.046154 -0.108146 0.108146)
            (0.046154 -0.105882 0.000000)
            (0.046154 -0.102274 -0.027404)
            (0.046154 -0.102274 0.027404)
            (0.046154 -0.101885 -0.058824)
            (0.046154 -0.101885 0.058824)
            (0.046154 -0.100000 -0.173205)
            (0.046154 -0.100000 0.173205)
            (0.046154 -0.099827 -0.099827)
            (0.046154 -0.099827 0.099827)
            (0.046154 -0.094118 -0.163017)
            (0.046154 -0.094118 0.000000)
            (0.046154 -0.094118 0.163017)
            (0.046154 -0.091697 -0.052941)
            (0.046154 -0.091697 0.052941)
            (0.046154 -0.091508 -0.091508)
            (0.046154 -0.091508 0.091508)
            (0.046154 -0.090911 -0.024359)
            (0.046154 -0.090911 0.024359)
            (0.046154 -0.088235 -0.152828)
            (0.046154 -0.088235 0.152828)
            (0.046154 -0.083189 -0.083189)
            (0.046154 -0.083189 0.083189)
            (0.046154 -0.082353 -0.142639)
            (0.046154 -0.082353 0.000000)
            (0.046154 -0.082353 0.142639)
            (0.046154 -0.081508 -0.047059)
            (0.046154 -0.081508 0.047059)
            (0.046154 -0.079547 -0.021315)
            (0.046154 -0.079547 0.021315)
            (0.046154 -0.076471 -0.132451)
            (0.046154 -0.076471 0.132451)
            (0.046154 -0.074870 -0.074870)
            (0.046154 -0.074870 0.074870)
            (0.046154 -0.071320 -0.041176)
            (0.046154 -0.071320 0.041176)
            (0.046154 -0.070588 -0.122262)
            (0.046154 -0.070588 0.000000)
            (0.046154 -0.070588 0.122262)
            (0.046154 -0.068183 -0.018270)
            (0.046154 -0.068183 0.018270)
            (0.046154 -0.066551 -0.066551)
            (0.046154 -0.066551 0.066551)
            (0.046154 -0.064706 -0.112074)
            (0.046154 -0.064706 0.112074)
            (0.046154 -0.061131 -0.035294)
            (0.046154 -0.061131 0.035294)
            (0.046154 -0.058824 -0.101885)
            (0.046154 -0.058824 0.000000)
            (0.046154 -0.058824 0.101885)
            (0.046154 -0.058232 -0.058232)
            (0.046154 -0.058232 0.058232)
            (0.046154 -0.056819 -0.015225)
            (0.046154 -0.056819 0.015225)
            (0.046154 -0.052941 -0.091697)
            (0.046154 -0.052941 0.091697)
            (0.046154 -0.051764 -0.193185)
            (0.046154 -0.051764 0.193185)
            (0.046154 -0.050943 -0.029412)
            (0.046154 -0.050943 0.029412)
            (0.046154 -0.049913 -0.049913)
            (0.046154 -0.049913 0.049913)
            (0.046154 -0.048719 -0.181821)
            (0.046154 -0.048719 0.181821)
            (0.046154 -0.047059 -0.081508)
            (0.046154 -0.047059 0.000000)
            (0.046154 -0.047059 0.081508)
            (0.046154 -0.045674 -0.170457)
            (0.046154 -0.045674 0.170457)
            (0.046154 -0.045455 -0.012180)
            (0.046154 -0.045455 0.012180)
            (0.046154 -0.042629 -0.159094)
            (0.046154 -0.042629 0.159094)
            (0.046154 -0.041595 -0.041595)
            (0.046154 -0.041595 0.041595)
            (0.046154 -0.041176 -0.071320)
            (0.046154 -0.041176 0.071320)
            (0.046154 -0.040754 -0.023529)
            (0.046154 -0.040754 0.023529)
            (0.046154 -0.039584 -0.147730)
            (0.046154 -0.039584 0.147730)
            (0.046154 -0.036539 -0.136366)
            (0.046154 -0.036539 0.136366)
            (0.046154 -0.035294 -0.061131)
            (0.046154 -0.035294 0.000000)
            (0.046154 -0.035294 0.061131)
            (0.046154 -0.034091 -0.009135)
            (0.046154 -0.034091 0.009135)
            (0.046154 -0.033494 -0.125002)
            (0.046154 -0.033494 0.125002)
            (0.046154 -0.033276 -0.033276)
            (0.046154 -0.033276 0.033276)
            (0.046154 -0.030566 -0.017647)
            (0.046154 -0.030566 0.017647)
            (0.046154 -0.030449 -0.113638)
            (0.046154 -0.030449 0.113638)
            (0.046154 -0.029412 -0.050943)
            (0.046154 -0.029412 0.050943)
            (0.046154 -0.027404 -0.102274)
            (0.046154 -0.027404 0.102274)
            (0.046154 -0.024957 -0.024957)
            (0.046154 -0.024957 0.024957)
            (0.046154 -0.024359 -0.090911)
            (0.046154 -0.024359 0.090911)
            (0.046154 -0.023529 -0.040754)
            (0.046154 -0.023529 0.000000)
            (0.046154 -0.023529 0.040754)
            (0.046154 -0.022728 -0.006090)
            (0.046154 -0.022728 0.006090)
            (0.046154 -0.021315 -0.079547)
            (0.046154 -0.021315 0.079547)
            (0.046154 -0.020377 -0.011765)
            (0.046154 -0.020377 0.011765)
            (0.046154 -0.018270 -0.068183)
            (0.046154 -0.018270 0.068183)
            (0.046154 -0.017647 -0.030566)
            (0.046154 -0.017647 0.030566)
            (0.046154 -0.016638 -0.016638)
            (0.046154 -0.016638 0.016638)
            (0.046154 -0.015225 -0.056819)
            (0.046154 -0.015225 0.056819)
            (0.046154 -0.012180 -0.045455)
            (0.046154 -0.012180 0.045455)
            (0.046154 -0.011765 -0.020377)
            (0.046154 -0.011765 0.000000)
            (0.046154 -0.011765 0.020377)
            (0.046154 -0.011364 -0.003045)
            (0.046154 -0.011364 0.003045)
            (0.046154 -0.010189 -0.005882)
            (0.046154 -0.010189 0.005882)
            (0.046154 -0.009135 -0.034091)
            (0.046154 -0.009135 0.034091)
            (0.046154 -0.008319 -0.008319)
            (0.046154 -0.008319 0.008319)
            (0.046154 -0.006090 -0.022728)
            (0.046154 -0.006090 0.022728)
            (0.046154 -0.005882 -0.010189)
            (0.046154 -0.005882 0.010189)
            (0.046154 -0.003045 -0.011364)
            (0.046154 -0.003045 0.011364)
            (0.046154 -0.000000 -0.200000)
            (0.046154 -0.000000 -0.188235)
            (0.046154 -0.000000 -0.176471)
            (0.046154 -0.000000 -0.164706)
            (0.046154 -0.000000 -0.152941)
            (0.046154 -0.000000 -0.141176)
            (0.046154 -0.000000 -0.129412)
            (0.046154 -0.000000 -0.117647)
            (0.046154 -0.000000 -0.105882)
            (0.046154 -0.000000 -0.094118)
            (0.046154 -0.000000 -0.082353)
            (0.046154 -0.000000 -0.070588)
            (0.046154 -0.000000 -0.058824)
            (0.046154 -0.000000 -0.047059)
            (0.046154 -0.000000 -0.035294)
            (0.046154 -0.000000 -0.023529)
            (0.046154 -0.000000 -0.011765)
            (0.046154 -0.000000 -0.000000)
            (0.046154 0.000000 0.011765)
            (0.046154 0.000000 0.023529)
            (0.046154 0.000000 0.035294)
            (0.046154 0.000000 0.047059)
            (0.046154 0.000000 0.058824)
            (0.046154 0.000000 0.070588)
            (0.046154 0.000000 0.082353)
            (0.046154 0.000000 0.094118)
            (0.046154 0.000000 0.105882)
            (0.046154 0.000000 0.117647)
            (0.046154 0.000000 0.129412)
            (0.046154 0.000000 0.141176)
            (0.046154 0.000000 0.152941)
            (0.046154 0.000000 0.164706)
            (0.046154 0.000000 0.176471)
            (0.046154 0.000000 0.188235)
            (0.046154 0.000000 0.200000)
            (0.046154 0.003045 -0.011364)
            (0.046154 0.003045 0.011364)
            (0.046154 0.005882 -0.010189)
            (0.046154 0.005882 0.010189)
            (0.046154 0.006090 -0.022728)
            (0.046154 0.006090 0.022728)
            (0.046154 0.008319 -0.008319)
            (0.046154 0.008319 0.008319)
            (0.046154 0.009135 -0.034091)
            (0.046154 0.009135 0.034091)
            (0.046154 0.010189 -0.005882)
            (0.046154 0.010189 0.005882)
            (0.046154 0.011364 -0.003045)
            (0.046154 0.011364 0.003045)
            (0.046154 0.011765 -0.020377)
            (0.046154 0.011765 0.000000)
            (0.046154 0.011765 0.020377)
            (0.046154 0.012180 -0.045455)
            (0.046154 0.012180 0.045455)
            (0.046154 0.015225 -0.056819)
            (0.046154 0.015225 0.056819)
            (0.046154 0.016638 -0.016638)
            (0.046154 0.016638 0.016638)
            (0.046154 0.017647 -0.030566)
            (0.046154 0.017647 0.030566)
            (0.046154 0.018270 -0.068183)
            (0.046154 0.018270 0.068183)
            (0.046154 0.020377 -0.011765)
            (0.046154 0.020377 0.011765)
            (0.046154 0.021315 -0.079547)
            (0.046154 0.021315 0.079547)
            (0.046154 0.022728 -0.006090)
            (0.046154 0.022728 0.006090)
            (0.046154 0.023529 -0.040754)
            (0.046154 0.023529 0.000000)
            (0.046154 0.023529 0.040754)
            (0.046154 0.024359 -0.090911)
            (0.046154 0.024359 0.090911)
            (0.046154 0.024957 -0.024957)
            (0.046154 0.024957 0.024957)
            (0.046154 0.027404 -0.102274)
            (0.046154 0.027404 0.102274)
            (0.046154 0.029412 -0.050943)
            (0.046154 0.029412 0.050943)
            (0.046154 0.030449 -0.113638)
            (0.046154 0.030449 0.113638)
            (0.046154 0.030566 -0.017647)
            (0.046154 0.030566 0.017647)
            (0.046154 0.033276 -0.033276)
            (0.046154 0.033276 0.033276)
            (0.046154 0.033494 -0.125002)
            (0.046154 0.033494 0.125002)
            (0.046154 0.034091 -0.009135)
            (0.046154 0.034091 0.009135)
            (0.046154 0.035294 -0.061131)
            (0.046154 0.035294 0.000000)
            (0.046154 0.035294 0.061131)
            (0.046154 0.036539 -0.136366)
            (0.046154 0.036539 0.136366)
            (0.046154 0.039584 -0.147730)
            (0.046154 0.039584 0.147730)
            (0.046154 0.040754 -0.023529)
            (0.046154 0.040754 0.023529)
            (0.046154 0.041176 -0.071320)
            (0.046154 0.041176 0.071320)
            (0.046154 0.041595 -0.041595)
            (0.046154 0.041595 0.041595)
            (0.046154 0.042629 -0.159094)
            (0.046154 0.042629 0.159094)
            (0.046154 0.045455 -0.012180)
            (0.046154 0.045455 0.012180)
            (0.046154 0.045674 -0.170457)
            (0.046154 0.045674 0.170457)
            (0.046154 0.047059 -0.081508)
            (0.046154 0.047059 0.000000)
            (0.046154 0.047059 0.081508)
            (0.046154 0.048719 -0.181821)
            (0.046154 0.048719 0.181821)
            (0.046154 0.049913 -0.049913)
            (0.046154 0.049913 0.049913)
            (0.046154 0.050943 -0.029412)
            (0.046154 0.050943 0.029412)
            (0.046154 0.051764 -0.193185)
            (0.046154 0.051764 0.193185)
            (0.046154 0.052941 -0.091697)
            (0.046154 0.052941 0.091697)
            (0.046154 0.056819 -0.015225)
            (0.046154 0.056819 0.015225)
            (0.046154 0.058232 -0.058232)
            (0.046154 0.058232 0.058232)
            (0.046154 0.058824 -0.101885)
            (0.046154 0.058824 0.000000)
            (0.046154 0.058824 0.101885)
            (0.046154 0.061131 -0.035294)
            (0.046154 0.061131 0.035294)
            (0.046154 0.064706 -0.112074)
            (0.046154 0.064706 0.112074)
            (0.046154 0.066551 -0.066551)
            (0.046154 0.066551 0.066551)
            (0.046154 0.068183 -0.018270)
            (0.046154 0.068183 0.018270)
            (0.046154 0.070588 -0.122262)
            (0.046154 0.070588 0.000000)
            (0.046154 0.070588 0.122262)
            (0.046154 0.071320 -0.041176)
            (0.046154 0.071320 0.041176)
            (0.046154 0.074870 -0.074870)
            (0.046154 0.074870 0.074870)
            (0.046154 0.076471 -0.132451)
            (0.046154 0.076471 0.132451)
            (0.046154 0.079547 -0.021315)
            (0.046154 0.079547 0.021315)
            (0.046154 0.081508 -0.047059)
            (0.046154 0.081508 0.047059)
            (0.046154 0.082353 -0.142639)
            (0.046154 0.082353 0.000000)
            (0.046154 0.082353 0.142639)
            (0.046154 0.083189 -0.083189)
            (0.046154 0.083189 0.083189)
            (0.046154 0.088235 -0.152828)
            (0.046154 0.088235 0.152828)
            (0.046154 0.090911 -0.024359)
            (0.046154 0.090911 0.024359)
            (0.046154 0.091508 -0.091508)
            (0.046154 0.091508 0.091508)
            (0.046154 0.091697 -0.052941)
            (0.046154 0.091697 0.052941)
            (0.046154 0.094118 -0.163017)
            (0.046154 0.094118 0.000000)
            (0.046154 0.094118 0.163017)
            (0.046154 0.099827 -0.099827)
            (0.046154 0.099827 0.099827)
            (0.046154 0.100000 -0.173205)
            (0.046154 0.100000 0.173205)
            (0.046154 0.101885 -0.058824)
            (0.046154 0.101885 0.058824)
            (0.046154 0.102274 -0.027404)
            (0.046154 0.102274 0.027404)
            (0.046154 0.105882 0.000000)
            (0.046154 0.108146 -0.108146)
            (0.046154 0.108146 0.108146)
            (0.046154 0.112074 -0.064706)
            (0.046154 0.112074 0.064706)
            (0.046154 0.113638 -0.030449)
            (0.046154 0.113638 0.030449)
            (0.046154 0.116465 -0.116465)
            (0.046154 0.116465 0.116465)
            (0.046154 0.117647 0.000000)
            (0.046154 0.122262 -0.070588)
            (0.046154 0.122262 0.070588)
            (0.046154 0.124784 -0.124784)
            (0.046154 0.124784 0.124784)
            (0.046154 0.125002 -0.033494)
            (0.046154 0.125002 0.033494)
            (0.046154 0.129412 0.000000)
            (0.046154 0.132451 -0.076471)
            (0.046154 0.132451 0.076471)
            (0.046154 0.133102 -0.133102)
            (0.046154 0.133102 0.133102)
            (0.046154 0.136366 -0.036539)
            (0.046154 0.136366 0.036539)
            (0.046154 0.141176 0.000000)
            (0.046154 0.141421 -0.141421)
            (0.046154 0.141421 0.141421)
            (0.046154 0.142639 -0.082353)
            (0.046154 0.142639 0.082353)
            (0.046154 0.147730 -0.039584)
            (0.046154 0.147730 0.039584)
            (0.046154 0.152828 -0.088235)
            (0.046154 0.152828 0.088235)
            (0.046154 0.152941 0.000000)
            (0.046154 0.159094 -0.042629)
            (0.046154 0.159094 0.042629)
            (0.046154 0.163017 -0.094118)
            (0.046154 0.163017 0.094118)
            (0.046154 0.164706 0.000000)
            (0.046154 0.170457 -0.045674)
            (0.046154 0.170457 0.045674)
            (0.046154 0.173205 -0.100000)
            (0.046154 0.173205 0.100000)
            (0.046154 0.176471 0.000000)
            (0.046154 0.181821 -0.048719)
            (0.046154 0.181821 0.048719)
            (0.046154 0.188235 0.000000)
            (0.046154 0.193185 -0.051764)
            (0.046154 0.193185 0.051764)
            (0.046154 0.200000 0.000000)
            (0.057692 -0.200000 0.000000)
            (0.057692 -0.193185 -0.051764)
            (0.057692 -0.193185 0.051764)
            (0.057692 -0.188235 0.000000)
            (0.057692 -0.181821 -0.048719)
            (0.057692 -0.181821 0.048719)
            (0.057692 -0.176471 0.000000)
            (0.057692 -0.173205 -0.100000)
            (0.057692 -0.173205 0.100000)
            (0.057692 -0.170457 -0.045674)
            (0.057692 -0.170457 0.045674)
            (0.057692 -0.164706 0.000000)
            (0.057692 -0.163017 -0.094118)
            (0.057692 -0.163017 0.094118)
            (0.057692 -0.159094 -0.042629)
            (0.057692 -0.159094 0.042629)
            (0.057692 -0.152941 0.000000)
            (0.057692 -0.152828 -0.088235)
            (0.057692 -0.152828 0.088235)
            (0.057692 -0.147730 -0.039584)
            (0.057692 -0.147730 0.039584)
            (0.057692 -0.142639 -0.082353)
            (0.057692 -0.142639 0.082353)
            (0.057692 -0.141421 -0.141421)
            (0.057692 -0.141421 0.141421)
            (0.057692 -0.141176 0.000000)
            (0.057692 -0.136366 -0.036539)
            (0.057692 -0.136366 0.036539)
            (0.057692 -0.133102 -0.133102)
            (0.057692 -0.133102 0.133102)
            (0.057692 -0.132451 -0.076471)
            (0.057692 -0.132451 0.076471)
            (0.057692 -0.129412 0.000000)
            (0.057692 -0.125002 -0.033494)
            (0.057692 -0.125002 0.033494)
            (0.057692 -0.124784 -0.124784)
            (0.057692 -0.124784 0.124784)
            (0.057692 -0.122262 -0.070588)
            (0.057692 -0.122262 0.070588)
            (0.057692 -0.117647 0.000000)
            (0.057692 -0.116465 -0.116465)
            (0.057692 -0.116465 0.116465)
            (0.057692 -0.113638 -0.030449)
            (0.057692 -0.113638 0.030449)
            (0.057692 -0.112074 -0.064706)
            (0.057692 -0.112074 0.064706)
            (0.057692 -0.108146 -0.108146)
            (0.057692 -0.108146 0.108146)
            (0.057692 -0.105882 0.000000)
            (0.057692 -0.102274 -0.027404)
            (0.057692 -0.102274 0.027404)
            (0.057692 -0.101885 -0.058824)
            (0.057692 -0.101885 0.058824)
            (0.057692 -0.100000 -0.173205)
            (0.057692 -0.100000 0.173205)
            (0.057692 -0.099827 -0.099827)
            (0.057692 -0.099827 0.099827)
            (0.057692 -0.094118 -0.163017)
            (0.057692 -0.094118 0.000000)
            (0.057692 -0.094118 0.163017)
            (0.057692 -0.091697 -0.052941)
            (0.057692 -0.091697 0.052941)
            (0.057692 -0.091508 -0.091508)
            (0.057692 -0.091508 0.091508)
            (0.057692 -0.090911 -0.024359)
            (0.057692 -0.090911 0.024359)
            (0.057692 -0.088235 -0.152828)
            (0.057692 -0.088235 0.152828)
            (0.057692 -0.083189 -0.083189)
            (0.057692 -0.083189 0.083189)
            (0.057692 -0.082353 -0.142639)
            (0.057692 -0.082353 0.000000)
            (0.057692 -0.082353 0.142639)
            (0.057692 -0.081508 -0.047059)
            (0.057692 -0.081508 0.047059)
            (0.057692 -0.079547 -0.021315)
            (0.057692 -0.079547 0.021315)
            (0.057692 -0.076471 -0.132451)
            (0.057692 -0.076471 0.132451)
            (0.057692 -0.074870 -0.074870)
            (0.057692 -0.074870 0.074870)
            (0.057692 -0.071320 -0.041176)
            (0.057692 -0.071320 0.041176)
            (0.057692 -0.070588 -0.122262)
            (0.057692 -0.070588 0.000000)
            (0.057692 -0.070588 0.122262)
            (0.057692 -0.068183 -0.018270)
            (0.057692 -0.068183 0.018270)
            (0.057692 -0.066551 -0.066551)
            (0.057692 -0.066551 0.066551)
            (0.057692 -0.064706 -0.112074)
            (0.057692 -0.064706 0.112074)
            (0.057692 -0.061131 -0.035294)
            (0.057692 -0.061131 0.035294)
            (0.057692 -0.058824 -0.101885)
            (0.057692 -0.058824 0.000000)
            (0.057692 -0.058824 0.101885)
            (0.057692 -0.058232 -0.058232)
            (0.057692 -0.058232 0.058232)
            (0.057692 -0.056819 -0.015225)
            (0.057692 -0.056819 0.015225)
            (0.057692 -0.052941 -0.091697)
            (0.057692 -0.052941 0.091697)
            (0.057692 -0.051764 -0.193185)
            (0.057692 -0.051764 0.193185)
            (0.057692 -0.050943 -0.029412)
            (0.057692 -0.050943 0.029412)
            (0.057692 -0.049913 -0.049913)
            (0.057692 -0.049913 0.049913)
            (0.057692 -0.048719 -0.181821)
            (0.057692 -0.048719 0.181821)
            (0.057692 -0.047059 -0.081508)
            (0.057692 -0.047059 0.000000)
            (0.057692 -0.047059 0.081508)
            (0.057692 -0.045674 -0.170457)
            (0.057692 -0.045674 0.170457)
            (0.057692 -0.045455 -0.012180)
            (0.057692 -0.045455 0.012180)
            (0.057692 -0.042629 -0.159094)
            (0.057692 -0.042629 0.159094)
            (0.057692 -0.041595 -0.041595)
            (0.057692 -0.041595 0.041595)
            (0.057692 -0.041176 -0.071320)
            (0.057692 -0.041176 0.071320)
            (0.057692 -0.040754 -0.023529)
            (0.057692 -0.040754 0.023529)
            (0.057692 -0.039584 -0.147730)
            (0.057692 -0.039584 0.147730)
            (0.057692 -0.036539 -0.136366)
            (0.057692 -0.036539 0.136366)
            (0.057692 -0.035294 -0.061131)
            (0.057692 -0.035294 0.000000)
            (0.057692 -0.035294 0.061131)
            (0.057692 -0.034091 -0.009135)
            (0.057692 -0.034091 0.009135)
            (0.057692 -0.033494 -0.125002)
            (0.057692 -0.033494 0.125002)
            (0.057692 -0.033276 -0.033276)
            (0.057692 -0.033276 0.033276)
            (0.057692 -0.030566 -0.017647)
            (0.057692 -0.030566 0.017647)
            (0.057692 -0.030449 -0.113638)
            (0.057692 -0.030449 0.113638)
            (0.057692 -0.029412 -0.050943)
            (0.057692 -0.029412 0.050943)
            (0.057692 -0.027404 -0.102274)
            (0.057692 -0.027404 0.102274)
            (0.057692 -0.024957 -0.024957)
            (0.057692 -0.024957 0.024957)
            (0.057692 -0.024359 -0.090911)
            (0.057692 -0.024359 0.090911)
            (0.057692 -0.023529 -0.040754)
            (0.057692 -0.023529 0.000000)
            (0.057692 -0.023529 0.040754)
            (0.057692 -0.022728 -0.006090)
            (0.057692 -0.022728 0.006090)
            (0.057692 -0.021315 -0.079547)
            (0.057692 -0.021315 0.079547)
            (0.057692 -0.020377 -0.011765)
            (0.057692 -0.020377 0.011765)
            (0.057692 -0.018270 -0.068183)
            (0.057692 -0.018270 0.068183)
            (0.057692 -0.017647 -0.030566)
            (0.057692 -0.017647 0.030566)
            (0.057692 -0.016638 -0.016638)
            (0.057692 -0.016638 0.016638)
            (0.057692 -0.015225 -0.056819)
            (0.057692 -0.015225 0.056819)
            (0.057692 -0.012180 -0.045455)
            (0.057692 -0.012180 0.045455)
            (0.057692 -0.011765 -0.020377)
            (0.057692 -0.011765 0.000000)
            (0.057692 -0.011765 0.020377)
            (0.057692 -0.011364 -0.003045)
            (0.057692 -0.011364 0.003045)
            (0.057692 -0.010189 -0.005882)
            (0.057692 -0.010189 0.005882)
            (0.057692 -0.009135 -0.034091)
            (0.057692 -0.009135 0.034091)
            (0.057692 -0.008319 -0.008319)
            (0.057692 -0.008319 0.008319)
            (0.057692 -0.006090 -0.022728)
            (0.057692 -0.006090 0.022728)
            (0.057692 -0.005882 -0.010189)
            (0.057692 -0.005882 0.010189)
            (0.057692 -0.003045 -0.011364)
            (0.057692 -0.003045 0.011364)
            (0.057692 -0.000000 -0.200000)
            (0.057692 -0.000000 -0.188235)
            (0.057692 -0.000000 -0.176471)
            (0.057692 -0.000000 -0.164706)
            (0.057692 -0.000000 -0.152941)
            (0.057692 -0.000000 -0.141176)
            (0.057692 -0.000000 -0.129412)
            (0.057692 -0.000000 -0.117647)
            (0.057692 -0.000000 -0.105882)
            (0.057692 -0.000000 -0.094118)
            (0.057692 -0.000000 -0.082353)
            (0.057692 -0.000000 -0.070588)
            (0.057692 -0.000000 -0.058824)
            (0.057692 -0.000000 -0.047059)
            (0.057692 -0.000000 -0.035294)
            (0.057692 -0.000000 -0.023529)
            (0.057692 -0.000000 -0.011765)
            (0.057692 0.000000 -0.000000)
            (0.057692 0.000000 0.011765)
            (0.057692 0.000000 0.023529)
            (0.057692 0.000000 0.035294)
            (0.057692 0.000000 0.047059)
            (0.057692 0.000000 0.058824)
            (0.057692 0.000000 0.070588)
            (0.057692 0.000000 0.082353)
            (0.057692 0.000000 0.094118)
            (0.057692 0.000000 0.105882)
            (0.057692 0.000000 0.117647)
            (0.057692 0.000000 0.129412)
            (0.057692 0.000000 0.141176)
            (0.057692 0.000000 0.152941)
            (0.057692 0.000000 0.164706)
            (0.057692 0.000000 0.176471)
            (0.057692 0.000000 0.188235)
            (0.057692 0.000000 0.200000)
            (0.057692 0.003045 -0.011364)
            (0.057692 0.003045 0.011364)
            (0.057692 0.005882 -0.010189)
            (0.057692 0.005882 0.010189)
            (0.057692 0.006090 -0.022728)
            (0.057692 0.006090 0.022728)
            (0.057692 0.008319 -0.008319)
            (0.057692 0.008319 0.008319)
            (0.057692 0.009135 -0.034091)
            (0.057692 0.009135 0.034091)
            (0.057692 0.010189 -0.005882)
            (0.057692 0.010189 0.005882)
            (0.057692 0.011364 -0.003045)
            (0.057692 0.011364 0.003045)
            (0.057692 0.011765 -0.020377)
            (0.057692 0.011765 0.000000)
            (0.057692 0.011765 0.020377)
            (0.057692 0.012180 -0.045455)
            (0.057692 0.012180 0.045455)
            (0.057692 0.015225 -0.056819)
            (0.057692 0.015225 0.056819)
            (0.057692 0.016638 -0.016638)
            (0.057692 0.016638 0.016638)
            (0.057692 0.017647 -0.030566)
            (0.057692 0.017647 0.030566)
            (0.057692 0.018270 -0.068183)
            (0.057692 0.018270 0.068183)
            (0.057692 0.020377 -0.011765)
            (0.057692 0.020377 0.011765)
            (0.057692 0.021315 -0.079547)
            (0.057692 0.021315 0.079547)
            (0.057692 0.022728 -0.006090)
            (0.057692 0.022728 0.006090)
            (0.057692 0.023529 -0.040754)
            (0.057692 0.023529 0.000000)
            (0.057692 0.023529 0.040754)
            (0.057692 0.024359 -0.090911)
            (0.057692 0.024359 0.090911)
            (0.057692 0.024957 -0.024957)
            (0.057692 0.024957 0.024957)
            (0.057692 0.027404 -0.102274)
            (0.057692 0.027404 0.102274)
            (0.057692 0.029412 -0.050943)
            (0.057692 0.029412 0.050943)
            (0.057692 0.030449 -0.113638)
            (0.057692 0.030449 0.113638)
            (0.057692 0.030566 -0.017647)
            (0.057692 0.030566 0.017647)
            (0.057692 0.033276 -0.033276)
            (0.057692 0.033276 0.033276)
            (0.057692 0.033494 -0.125002)
            (0.057692 0.033494 0.125002)
            (0.057692 0.034091 -0.009135)
            (0.057692 0.034091 0.009135)
            (0.057692 0.035294 -0.061131)
            (0.057692 0.035294 0.000000)
            (0.057692 0.035294 0.061131)
            (0.057692 0.036539 -0.136366)
            (0.057692 0.036539 0.136366)
            (0.057692 0.039584 -0.147730)
            (0.057692 0.039584 0.147730)
            (0.057692 0.040754 -0.023529)
            (0.057692 0.040754 0.023529)
            (0.057692 0.041176 -0.071320)
            (0.057692 0.041176 0.071320)
            (0.057692 0.041595 -0.041595)
            (0.057692 0.041595 0.041595)
            (0.057692 0.042629 -0.159094)
            (0.057692 0.042629 0.159094)
            (0.057692 0.045455 -0.012180)
            (0.057692 0.045455 0.012180)
            (0.057692 0.045674 -0.170457)
            (0.057692 0.045674 0.170457)
            (0.057692 0.047059 -0.081508)
            (0.057692 0.047059 0.000000)
            (0.057692 0.047059 0.081508)
            (0.057692 0.048719 -0.181821)
            (0.057692 0.048719 0.181821)
            (0.057692 0.049913 -0.049913)
            (0.057692 0.049913 0.049913)
            (0.057692 0.050943 -0.029412)
            (0.057692 0.050943 0.029412)
            (0.057692 0.051764 -0.193185)
            (0.057692 0.051764 0.193185)
            (0.057692 0.052941 -0.091697)
            (0.057692 0.052941 0.091697)
            (0.057692 0.056819 -0.015225)
            (0.057692 0.056819 0.015225)
            (0.057692 0.058232 -0.058232)
            (0.057692 0.058232 0.058232)
            (0.057692 0.058824 -0.101885)
            (0.057692 0.058824 0.000000)
            (0.057692 0.058824 0.101885)
            (0.057692 0.061131 -0.035294)
            (0.057692 0.061131 0.035294)
            (0.057692 0.064706 -0.112074)
            (0.057692 0.064706 0.112074)
            (0.057692 0.066551 -0.066551)
            (0.057692 0.066551 0.066551)
            (0.057692 0.068183 -0.018270)
            (0.057692 0.068183 0.018270)
            (0.057692 0.070588 -0.122262)
            (0.057692 0.070588 0.000000)
            (0.057692 0.070588 0.122262)
            (0.057692 0.071320 -0.041176)
            (0.057692 0.071320 0.041176)
            (0.057692 0.074870 -0.074870)
            (0.057692 0.074870 0.074870)
            (0.057692 0.076471 -0.132451)
            (0.057692 0.076471 0.132451)
            (0.057692 0.079547 -0.021315)
            (0.057692 0.079547 0.021315)
            (0.057692 0.081508 -0.047059)
            (0.057692 0.081508 0.047059)
            (0.057692 0.082353 -0.142639)
            (0.057692 0.082353 0.000000)
            (0.057692 0.082353 0.142639)
            (0.057692 0.083189 -0.083189)
            (0.057692 0.083189 0.083189)
            (0.057692 0.088235 -0.152828)
            (0.057692 0.088235 0.152828)
            (0.057692 0.090911 -0.024359)
            (0.057692 0.090911 0.024359)
            (0.057692 0.091508 -0.091508)
            (0.057692 0.091508 0.091508)
            (0.057692 0.091697 -0.052941)
            (0.057692 0.091697 0.052941)
            (0.057692 0.094118 -0.163017)
            (0.057692 0.094118 0.000000)
            (0.057692 0.094118 0.163017)
            (0.057692 0.099827 -0.099827)
            (0.057692 0.099827 0.099827)
            (0.057692 0.100000 -0.173205)
            (0.057692 0.100000 0.173205)
            (0.057692 0.101885 -0.058824)
            (0.057692 0.101885 0.058824)
            (0.057692 0.102274 -0.027404)
            (0.057692 0.102274 0.027404)
            (0.057692 0.105882 0.000000)
            (0.057692 0.108146 -0.108146)
            (0.057692 0.108146 0.108146)
            (0.057692 0.112074 -0.064706)
            (0.057692 0.112074 0.064706)
            (0.057692 0.113638 -0.030449)
            (0.057692 0.113638 0.030449)
            (0.057692 0.116465 -0.116465)
            (0.057692 0.116465 0.116465)
            (0.057692 0.117647 0.000000)
            (0.057692 0.122262 -0.070588)
            (0.057692 0.122262 0.070588)
            (0.057692 0.124784 -0.124784)
            (0.057692 0.124784 0.124784)
            (0.057692 0.125002 -0.033494)
            (0.057692 0.125002 0.033494)
            (0.057692 0.129412 0.000000)
            (0.057692 0.132451 -0.076471)
            (0.057692 0.132451 0.076471)
            (0.057692 0.133102 -0.133102)
            (0.057692 0.133102 0.133102)
            (0.057692 0.136366 -0.036539)
            (0.057692 0.136366 0.036539)
            (0.057692 0.141176 0.000000)
            (0.057692 0.141421 -0.141421)
            (0.057692 0.141421 0.141421)
            (0.057692 0.142639 -0.082353)
            (0.057692 0.142639 0.082353)
            (0.057692 0.147730 -0.039584)
            (0.057692 0.147730 0.039584)
            (0.057692 0.152828 -0.088235)
            (0.057692 0.152828 0.088235)
            (0.057692 0.152941 0.000000)
            (0.057692 0.159094 -0.042629)
            (0.057692 0.159094 0.042629)
            (0.057692 0.163017 -0.094118)
            (0.057692 0.163017 0.094118)
            (0.057692 0.164706 0.000000)
            (0.057692 0.170457 -0.045674)
            (0.057692 0.170457 0.045674)
            (0.057692 0.173205 -0.100000)
            (0.057692 0.173205 0.100000)
            (0.057692 0.176471 0.000000)
            (0.057692 0.181821 -0.048719)
            (0.057692 0.181821 0.048719)
            (0.057692 0.188235 0.000000)
            (0.057692 0.193185 -0.051764)
            (0.057692 0.193185 0.051764)
            (0.057692 0.200000 0.000000)
            (0.069231 -0.200000 0.000000)
            (0.069231 -0.193185 -0.051764)
            (0.069231 -0.193185 0.051764)
            (0.069231 -0.188235 0.000000)
            (0.069231 -0.181821 -0.048719)
            (0.069231 -0.181821 0.048719)
            (0.069231 -0.176471 0.000000)
            (0.069231 -0.173205 -0.100000)
            (0.069231 -0.173205 0.100000)
            (0.069231 -0.170457 -0.045674)
            (0.069231 -0.170457 0.045674)
            (0.069231 -0.164706 0.000000)
            (0.069231 -0.163017 -0.094118)
            (0.069231 -0.163017 0.094118)
            (0.069231 -0.159094 -0.042629)
            (0.069231 -0.159094 0.042629)
            (0.069231 -0.152941 0.000000)
            (0.069231 -0.152828 -0.088235)
            (0.069231 -0.152828 0.088235)
            (0.069231 -0.147730 -0.039584)
            (0.069231 -0.147730 0.039584)
            (0.069231 -0.142639 -0.082353)
            (0.069231 -0.142639 0.082353)
            (0.069231 -0.141421 -0.141421)
            (0.069231 -0.141421 0.141421)
            (0.069231 -0.141176 0.000000)
            (0.069231 -0.136366 -0.036539)
            (0.069231 -0.136366 0.036539)
            (0.069231 -0.133102 -0.133102)
            (0.069231 -0.133102 0.133102)
            (0.069231 -0.132451 -0.076471)
            (0.069231 -0.132451 0.076471)
            (0.069231 -0.129412 0.000000)
            (0.069231 -0.125002 -0.033494)
            (0.069231 -0.125002 0.033494)
            (0.069231 -0.124784 -0.124784)
            (0.069231 -0.124784 0.124784)
            (0.069231 -0.122262 -0.070588)
            (0.069231 -0.122262 0.070588)
            (0.069231 -0.117647 0.000000)
            (0.069231 -0.116465 -0.116465)
            (0.069231 -0.116465 0.116465)
            (0.069231 -0.113638 -0.030449)
            (0.069231 -0.113638 0.030449)
            (0.069231 -0.112074 -0.064706)
            (0.069231 -0.112074 0.064706)
            (0.069231 -0.108146 -0.108146)
            (0.069231 -0.108146 0.108146)
            (0.069231 -0.105882 0.000000)
            (0.069231 -0.102274 -0.027404)
            (0.069231 -0.102274 0.027404)
            (0.069231 -0.101885 -0.058824)
            (0.069231 -0.101885 0.058824)
            (0.069231 -0.100000 -0.173205)
            (0.069231 -0.100000 0.173205)
            (0.069231 -0.099827 -0.099827)
            (0.069231 -0.099827 0.099827)
            (0.069231 -0.094118 -0.163017)
            (0.069231 -0.094118 0.000000)
            (0.069231 -0.094118 0.163017)
            (0.069231 -0.091697 -0.052941)
            (0.069231 -0.091697 0.052941)
            (0.069231 -0.091508 -0.091508)
            (0.069231 -0.091508 0.091508)
            (0.069231 -0.090911 -0.024359)
            (0.069231 -0.090911 0.024359)
            (0.069231 -0.088235 -0.152828)
            (0.069231 -0.088235 0.152828)
            (0.069231 -0.083189 -0.083189)
            (0.069231 -0.083189 0.083189)
            (0.069231 -0.082353 -0.142639)
            (0.069231 -0.082353 0.000000)
            (0.069231 -0.082353 0.142639)
            (0.069231 -0.081508 -0.047059)
            (0.069231 -0.081508 0.047059)
            (0.069231 -0.079547 -0.021315)
            (0.069231 -0.079547 0.021315)
            (0.069231 -0.076471 -0.132451)
            (0.069231 -0.076471 0.132451)
            (0.069231 -0.074870 -0.074870)
            (0.069231 -0.074870 0.074870)
            (0.069231 -0.071320 -0.041176)
            (0.069231 -0.071320 0.041176)
            (0.069231 -0.070588 -0.122262)
            (0.069231 -0.070588 0.000000)
            (0.069231 -0.070588 0.122262)
            (0.069231 -0.068183 -0.018270)
            (0.069231 -0.068183 0.018270)
            (0.069231 -0.066551 -0.066551)
            (0.069231 -0.066551 0.066551)
            (0.069231 -0.064706 -0.112074)
            (0.069231 -0.064706 0.112074)
            (0.069231 -0.061131 -0.035294)
            (0.069231 -0.061131 0.035294)
            (0.069231 -0.058824 -0.101885)
            (0.069231 -0.058824 0.000000)
            (0.069231 -0.058824 0.101885)
            (0.069231 -0.058232 -0.058232)
            (0.069231 -0.058232 0.058232)
            (0.069231 -0.056819 -0.015225)
            (0.069231 -0.056819 0.015225)
            (0.069231 -0.052941 -0.091697)
            (0.069231 -0.052941 0.091697)
            (0.069231 -0.051764 -0.193185)
            (0.069231 -0.051764 0.193185)
            (0.069231 -0.050943 -0.029412)
            (0.069231 -0.050943 0.029412)
            (0.069231 -0.049913 -0.049913)
            (0.069231 -0.049913 0.049913)
            (0.069231 -0.048719 -0.181821)
            (0.069231 -0.048719 0.181821)
            (0.069231 -0.047059 -0.081508)
            (0.069231 -0.047059 0.000000)
            (0.069231 -0.047059 0.081508)
            (0.069231 -0.045674 -0.170457)
            (0.069231 -0.045674 0.170457)
            (0.069231 -0.045455 -0.012180)
            (0.069231 -0.045455 0.012180)
            (0.069231 -0.042629 -0.159094)
            (0.069231 -0.042629 0.159094)
            (0.069231 -0.041595 -0.041595)
            (0.069231 -0.041595 0.041595)
            (0.069231 -0.041176 -0.071320)
            (0.069231 -0.041176 0.071320)
            (0.069231 -0.040754 -0.023529)
            (0.069231 -0.040754 0.023529)
            (0.069231 -0.039584 -0.147730)
            (0.069231 -0.039584 0.147730)
            (0.069231 -0.036539 -0.136366)
            (0.069231 -0.036539 0.136366)
            (0.069231 -0.035294 -0.061131)
            (0.069231 -0.035294 0.000000)
            (0.069231 -0.035294 0.061131)
            (0.069231 -0.034091 -0.009135)
            (0.069231 -0.034091 0.009135)
            (0.069231 -0.033494 -0.125002)
            (0.069231 -0.033494 0.125002)
            (0.069231 -0.033276 -0.033276)
            (0.069231 -0.033276 0.033276)
            (0.069231 -0.030566 -0.017647)
            (0.069231 -0.030566 0.017647)
            (0.069231 -0.030449 -0.113638)
            (0.069231 -0.030449 0.113638)
            (0.069231 -0.029412 -0.050943)
            (0.069231 -0.029412 0.050943)
            (0.069231 -0.027404 -0.102274)
            (0.069231 -0.027404 0.102274)
            (0.069231 -0.024957 -0.024957)
            (0.069231 -0.024957 0.024957)
            (0.069231 -0.024359 -0.090911)
            (0.069231 -0.024359 0.090911)
            (0.069231 -0.023529 -0.040754)
            (0.069231 -0.023529 0.000000)
            (0.069231 -0.023529 0.040754)
            (0.069231 -0.022728 -0.006090)
            (0.069231 -0.022728 0.006090)
            (0.069231 -0.021315 -0.079547)
            (0.069231 -0.021315 0.079547)
            (0.069231 -0.020377 -0.011765)
            (0.069231 -0.020377 0.011765)
            (0.069231 -0.018270 -0.068183)
            (0.069231 -0.018270 0.068183)
            (0.069231 -0.017647 -0.030566)
            (0.069231 -0.017647 0.030566)
            (0.069231 -0.016638 -0.016638)
            (0.069231 -0.016638 0.016638)
            (0.069231 -0.015225 -0.056819)
            (0.069231 -0.015225 0.056819)
            (0.069231 -0.012180 -0.045455)
            (0.069231 -0.012180 0.045455)
            (0.069231 -0.011765 -0.020377)
            (0.069231 -0.011765 0.000000)
            (0.069231 -0.011765 0.020377)
            (0.069231 -0.011364 -0.003045)
            (0.069231 -0.011364 0.003045)
            (0.069231 -0.010189 -0.005882)
            (0.069231 -0.010189 0.005882)
            (0.069231 -0.009135 -0.034091)
            (0.069231 -0.009135 0.034091)
            (0.069231 -0.008319 -0.008319)
            (0.069231 -0.008319 0.008319)
            (0.069231 -0.006090 -0.022728)
            (0.069231 -0.006090 0.022728)
            (0.069231 -0.005882 -0.010189)
            (0.069231 -0.005882 0.010189)
            (0.069231 -0.003045 -0.011364)
            (0.069231 -0.003045 0.011364)
            (0.069231 -0.000000 -0.200000)
            (0.069231 -0.000000 -0.188235)
            (0.069231 -0.000000 -0.176471)
            (0.069231 -0.000000 -0.164706)
            (0.069231 -0.000000 -0.152941)
            (0.069231 -0.000000 -0.141176)
            (0.069231 -0.000000 -0.129412)
            (0.069231 -0.000000 -0.117647)
            (0.069231 -0.000000 -0.105882)
            (0.069231 -0.000000 -0.094118)
            (0.069231 -0.000000 -0.082353)
            (0.069231 -0.000000 -0.070588)
            (0.069231 -0.000000 -0.058824)
            (0.069231 -0.000000 -0.047059)
            (0.069231 -0.000000 -0.035294)
            (0.069231 -0.000000 -0.023529)
            (0.069231 -0.000000 -0.011765)
            (0.069231 -0.000000 0.000000)
            (0.069231 0.000000 0.011765)
            (0.069231 0.000000 0.023529)
            (0.069231 0.000000 0.035294)
            (0.069231 0.000000 0.047059)
            (0.069231 0.000000 0.058824)
            (0.069231 0.000000 0.070588)
            (0.069231 0.000000 0.082353)
            (0.069231 0.000000 0.094118)
            (0.069231 0.000000 0.105882)
            (0.069231 0.000000 0.117647)
            (0.069231 0.000000 0.129412)
            (0.069231 0.000000 0.141176)
            (0.069231 0.000000 0.152941)
            (0.069231 0.000000 0.164706)
            (0.069231 0.000000 0.176471)
            (0.069231 0.000000 0.188235)
            (0.069231 0.000000 0.200000)
            (0.069231 0.003045 -0.011364)
            (0.069231 0.003045 0.011364)
            (0.069231 0.005882 -0.010189)
            (0.069231 0.005882 0.010189)
            (0.069231 0.006090 -0.022728)
            (0.069231 0.006090 0.022728)
            (0.069231 0.008319 -0.008319)
            (0.069231 0.008319 0.008319)
            (0.069231 0.009135 -0.034091)
            (0.069231 0.009135 0.034091)
            (0.069231 0.010189 -0.005882)
            (0.069231 0.010189 0.005882)
            (0.069231 0.011364 -0.003045)
            (0.069231 0.011364 0.003045)
            (0.069231 0.011765 -0.020377)
            (0.069231 0.011765 0.000000)
            (0.069231 0.011765 0.020377)
            (0.069231 0.012180 -0.045455)
            (0.069231 0.012180 0.045455)
            (0.069231 0.015225 -0.056819)
            (0.069231 0.015225 0.056819)
            (0.069231 0.016638 -0.016638)
            (0.069231 0.016638 0.016638)
            (0.069231 0.017647 -0.030566)
            (0.069231 0.017647 0.030566)
            (0.069231 0.018270 -0.068183)
            (0.069231 0.018270 0.068183)
            (0.069231 0.020377 -0.011765)
            (0.069231 0.020377 0.011765)
            (0.069231 0.021315 -0.079547)
            (0.069231 0.021315 0.079547)
            (0.069231 0.022728 -0.006090)
            (0.069231 0.022728 0.006090)
            (0.069231 0.023529 -0.040754)
            (0.069231 0.023529 0.000000)
            (0.069231 0.023529 0.040754)
            (0.069231 0.024359 -0.090911)
            (0.069231 0.024359 0.090911)
            (0.069231 0.024957 -0.024957)
            (0.069231 0.024957 0.024957)
            (0.069231 0.027404 -0.102274)
            (0.069231 0.027404 0.102274)
            (0.069231 0.029412 -0.050943)
            (0.069231 0.029412 0.050943)
            (0.069231 0.030449 -0.113638)
            (0.069231 0.030449 0.113638)
            (0.069231 0.030566 -0.017647)
            (0.069231 0.030566 0.017647)
            (0.069231 0.033276 -0.033276)
            (0.069231 0.033276 0.033276)
            (0.069231 0.033494 -0.125002)
            (0.069231 0.033494 0.125002)
            (0.069231 0.034091 -0.009135)
            (0.069231 0.034091 0.009135)
            (0.069231 0.035294 -0.061131)
            (0.069231 0.035294 0.000000)
            (0.069231 0.035294 0.061131)
            (0.069231 0.036539 -0.136366)
            (0.069231 0.036539 0.136366)
            (0.069231 0.039584 -0.147730)
            (0.069231 0.039584 0.147730)
            (0.069231 0.040754 -0.023529)
            (0.069231 0.040754 0.023529)
            (0.069231 0.041176 -0.071320)
            (0.069231 0.041176 0.071320)
            (0.069231 0.041595 -0.041595)
            (0.069231 0.041595 0.041595)
            (0.069231 0.042629 -0.159094)
            (0.069231 0.042629 0.159094)
            (0.069231 0.045455 -0.012180)
            (0.069231 0.045455 0.012180)
            (0.069231 0.045674 -0.170457)
            (0.069231 0.045674 0.170457)
            (0.069231 0.047059 -0.081508)
            (0.069231 0.047059 0.000000)
            (0.069231 0.047059 0.081508)
            (0.069231 0.048719 -0.181821)
            (0.069231 0.048719 0.181821)
            (0.069231 0.049913 -0.049913)
            (0.069231 0.049913 0.049913)
            (0.069231 0.050943 -0.029412)
            (0.069231 0.050943 0.029412)
            (0.069231 0.051764 -0.193185)
            (0.069231 0.051764 0.193185)
            (0.069231 0.052941 -0.091697)
            (0.069231 0.052941 0.091697)
            (0.069231 0.056819 -0.015225)
            (0.069231 0.056819 0.015225)
            (0.069231 0.058232 -0.058232)
            (0.069231 0.058232 0.058232)
            (0.069231 0.058824 -0.101885)
            (0.069231 0.058824 0.000000)
            (0.069231 0.058824 0.101885)
            (0.069231 0.061131 -0.035294)
            (0.069231 0.061131 0.035294)
            (0.069231 0.064706 -0.112074)
            (0.069231 0.064706 0.112074)
            (0.069231 0.066551 -0.066551)
            (0.069231 0.066551 0.066551)
            (0.069231 0.068183 -0.018270)
            (0.069231 0.068183 0.018270)
            (0.069231 0.070588 -0.122262)
            (0.069231 0.070588 0.000000)
            (0.069231 0.070588 0.122262)
            (0.069231 0.071320 -0.041176)
            (0.069231 0.071320 0.041176)
            (0.069231 0.074870 -0.074870)
            (0.069231 0.074870 0.074870)
            (0.069231 0.076471 -0.132451)
            (0.069231 0.076471 0.132451)
            (0.069231 0.079547 -0.021315)
            (0.069231 0.079547 0.021315)
            (0.069231 0.081508 -0.047059)
            (0.069231 0.081508 0.047059)
            (0.069231 0.082353 -0.142639)
            (0.069231 0.082353 0.000000)
            (0.069231 0.082353 0.142639)
            (0.069231 0.083189 -0.083189)
            (0.069231 0.083189 0.083189)
            (0.069231 0.088235 -0.152828)
            (0.069231 0.088235 0.152828)
            (0.069231 0.090911 -0.024359)
            (0.069231 0.090911 0.024359)
            (0.069231 0.091508 -0.091508)
            (0.069231 0.091508 0.091508)
            (0.069231 0.091697 -0.052941)
            (0.069231 0.091697 0.052941)
            (0.069231 0.094118 -0.163017)
            (0.069231 0.094118 0.000000)
            (0.069231 0.094118 0.163017)
            (0.069231 0.099827 -0.099827)
            (0.069231 0.099827 0.099827)
            (0.069231 0.100000 -0.173205)
            (0.069231 0.100000 0.173205)
            (0.069231 0.101885 -0.058824)
            (0.069231 0.101885 0.058824)
            (0.069231 0.102274 -0.027404)
            (0.069231 0.102274 0.027404)
            (0.069231 0.105882 0.000000)
            (0.069231 0.108146 -0.108146)
            (0.069231 0.108146 0.108146)
            (0.069231 0.112074 -0.064706)
            (0.069231 0.112074 0.064706)
            (0.069231 0.113638 -0.030449)
            (0.069231 0.113638 0.030449)
            (0.069231 0.116465 -0.116465)
            (0.069231 0.116465 0.116465)
            (0.069231 0.117647 0.000000)
            (0.069231 0.122262 -0.070588)
            (0.069231 0.122262 0.070588)
            (0.069231 0.124784 -0.124784)
            (0.069231 0.124784 0.124784)
            (0.069231 0.125002 -0.033494)
            (0.069231 0.125002 0.033494)
            (0.069231 0.129412 0.000000)
            (0.069231 0.132451 -0.076471)
            (0.069231 0.132451 0.076471)
            (0.069231 0.133102 -0.133102)
            (0.069231 0.133102 0.133102)
            (0.069231 0.136366 -0.036539)
            (0.069231 0.136366 0.036539)
            (0.069231 0.141176 0.000000)
            (0.069231 0.141421 -0.141421)
            (0.069231 0.141421 0.141421)
            (0.069231 0.142639 -0.082353)
            (0.069231 0.142639 0.082353)
            (0.069231 0.147730 -0.039584)
            (0.069231 0.147730 0.039584)
            (0.069231 0.152828 -0.088235)
            (0.069231 0.152828 0.088235)
            (0.069231 0.152941 0.000000)
            (0.069231 0.159094 -0.042629)
            (0.069231 0.159094 0.042629)
            (0.069231 0.163017 -0.094118)
            (0.069231 0.163017 0.094118)
            (0.069231 0.164706 0.000000)
            (0.069231 0.170457 -0.045674)
            (0.069231 0.170457 0.045674)
            (0.069231 0.173205 -0.100000)
            (0.069231 0.173205 0.100000)
            (0.069231 0.176471 0.000000)
            (0.069231 0.181821 -0.048719)
            (0.069231 0.181821 0.048719)
            (0.069231 0.188235 0.000000)
            (0.069231 0.193185 -0.051764)
            (0.069231 0.193185 0.051764)
            (0.069231 0.200000 0.000000)
            (0.080769 -0.200000 0.000000)
            (0.080769 -0.193185 -0.051764)
            (0.080769 -0.193185 0.051764)
            (0.080769 -0.188235 0.000000)
            (0.080769 -0.181821 -0.048719)
            (0.080769 -0.181821 0.048719)
            (0.080769 -0.176471 0.000000)
            (0.080769 -0.173205 -0.100000)
            (0.080769 -0.173205 0.100000)
            (0.080769 -0.170457 -0.045674)
            (0.080769 -0.170457 0.045674)
            (0.080769 -0.164706 0.000000)
            (0.080769 -0.163017 -0.094118)
            (0.080769 -0.163017 0.094118)
            (0.080769 -0.159094 -0.042629)
            (0.080769 -0.159094 0.042629)
            (0.080769 -0.152941 0.000000)
            (0.080769 -0.152828 -0.088235)
            (0.080769 -0.152828 0.088235)
            (0.080769 -0.147730 -0.039584)
            (0.080769 -0.147730 0.039584)
            (0.080769 -0.142639 -0.082353)
            (0.080769 -0.142639 0.082353)
            (0.080769 -0.141421 -0.141421)
            (0.080769 -0.141421 0.141421)
            (0.080769 -0.141176 0.000000)
            (0.080769 -0.136366 -0.036539)
            (0.080769 -0.136366 0.036539)
            (0.080769 -0.133102 -0.133102)
            (0.080769 -0.133102 0.133102)
            (0.080769 -0.132451 -0.076471)
            (0.080769 -0.132451 0.076471)
            (0.080769 -0.129412 0.000000)
            (0.080769 -0.125002 -0.033494)
            (0.080769 -0.125002 0.033494)
            (0.080769 -0.124784 -0.124784)
            (0.080769 -0.124784 0.124784)
            (0.080769 -0.122262 -0.070588)
            (0.080769 -0.122262 0.070588)
            (0.080769 -0.117647 0.000000)
            (0.080769 -0.116465 -0.116465)
            (0.080769 -0.116465 0.116465)
            (0.080769 -0.113638 -0.030449)
            (0.080769 -0.113638 0.030449)
            (0.080769 -0.112074 -0.064706)
            (0.080769 -0.112074 0.064706)
            (0.080769 -0.108146 -0.108146)
            (0.080769 -0.108146 0.108146)
            (0.080769 -0.105882 0.000000)
            (0.080769 -0.102274 -0.027404)
            (0.080769 -0.102274 0.027404)
            (0.080769 -0.101885 -0.058824)
            (0.080769 -0.101885 0.058824)
            (0.080769 -0.100000 -0.173205)
            (0.080769 -0.100000 0.173205)
            (0.080769 -0.099827 -0.099827)
            (0.080769 -0.099827 0.099827)
            (0.080769 -0.094118 -0.163017)
            (0.080769 -0.094118 0.000000)
            (0.080769 -0.094118 0.163017)
            (0.080769 -0.091697 -0.052941)
            (0.080769 -0.091697 0.052941)
            (0.080769 -0.091508 -0.091508)
            (0.080769 -0.091508 0.091508)
            (0.080769 -0.090911 -0.024359)
            (0.080769 -0.090911 0.024359)
            (0.080769 -0.088235 -0.152828)
            (0.080769 -0.088235 0.152828)
            (0.080769 -0.083189 -0.083189)
            (0.080769 -0.083189 0.083189)
            (0.080769 -0.082353 -0.142639)
            (0.080769 -0.082353 0.000000)
            (0.080769 -0.082353 0.142639)
            (0.080769 -0.081508 -0.047059)
            (0.080769 -0.081508 0.047059)
            (0.080769 -0.079547 -0.021315)
            (0.080769 -0.079547 0.021315)
            (0.080769 -0.076471 -0.132451)
            (0.080769 -0.076471 0.132451)
            (0.080769 -0.074870 -0.074870)
            (0.080769 -0.074870 0.074870)
            (0.080769 -0.071320 -0.041176)
            (0.080769 -0.071320 0.041176)
            (0.080769 -0.070588 -0.122262)
            (0.080769 -0.070588 0.000000)
            (0.080769 -0.070588 0.122262)
            (0.080769 -0.068183 -0.018270)
            (0.080769 -0.068183 0.018270)
            (0.080769 -0.066551 -0.066551)
            (0.080769 -0.066551 0.066551)
            (0.080769 -0.064706 -0.112074)
            (0.080769 -0.064706 0.112074)
            (0.080769 -0.061131 -0.035294)
            (0.080769 -0.061131 0.035294)
            (0.080769 -0.058824 -0.101885)
            (0.080769 -0.058824 0.000000)
            (0.080769 -0.058824 0.101885)
            (0.080769 -0.058232 -0.058232)
            (0.080769 -0.058232 0.058232)
            (0.080769 -0.056819 -0.015225)
            (0.080769 -0.056819 0.015225)
            (0.080769 -0.052941 -0.091697)
            (0.080769 -0.052941 0.091697)
            (0.080769 -0.051764 -0.193185)
            (0.080769 -0.051764 0.193185)
            (0.080769 -0.050943 -0.029412)
            (0.080769 -0.050943 0.029412)
            (0.080769 -0.049913 -0.049913)
            (0.080769 -0.049913 0.049913)
            (0.080769 -0.048719 -0.181821)
            (0.080769 -0.048719 0.181821)
            (0.080769 -0.047059 -0.081508)
            (0.080769 -0.047059 0.000000)
            (0.080769 -0.047059 0.081508)
            (0.080769 -0.045674 -0.170457)
            (0.080769 -0.045674 0.170457)
            (0.080769 -0.045455 -0.012180)
            (0.080769 -0.045455 0.012180)
            (0.080769 -0.042629 -0.159094)
            (0.080769 -0.042629 0.159094)
            (0.080769 -0.041595 -0.041595)
            (0.080769 -0.041595 0.041595)
            (0.080769 -0.041176 -0.071320)
            (0.080769 -0.041176 0.071320)
            (0.080769 -0.040754 -0.023529)
            (0.080769 -0.040754 0.023529)
            (0.080769 -0.039584 -0.147730)
            (0.080769 -0.039584 0.147730)
            (0.080769 -0.036539 -0.136366)
            (0.080769 -0.036539 0.136366)
            (0.080769 -0.035294 -0.061131)
            (0.080769 -0.035294 0.000000)
            (0.080769 -0.035294 0.061131)
            (0.080769 -0.034091 -0.009135)
            (0.080769 -0.034091 0.009135)
            (0.080769 -0.033494 -0.125002)
            (0.080769 -0.033494 0.125002)
            (0.080769 -0.033276 -0.033276)
            (0.080769 -0.033276 0.033276)
            (0.080769 -0.030566 -0.017647)
            (0.080769 -0.030566 0.017647)
            (0.080769 -0.030449 -0.113638)
            (0.080769 -0.030449 0.113638)
            (0.080769 -0.029412 -0.050943)
            (0.080769 -0.029412 0.050943)
            (0.080769 -0.027404 -0.102274)
            (0.080769 -0.027404 0.102274)
            (0.080769 -0.024957 -0.024957)
            (0.080769 -0.024957 0.024957)
            (0.080769 -0.024359 -0.090911)
            (0.080769 -0.024359 0.090911)
            (0.080769 -0.023529 -0.040754)
            (0.080769 -0.023529 0.000000)
            (0.080769 -0.023529 0.040754)
            (0.080769 -0.022728 -0.006090)
            (0.080769 -0.022728 0.006090)
            (0.080769 -0.021315 -0.079547)
            (0.080769 -0.021315 0.079547)
            (0.080769 -0.020377 -0.011765)
            (0.080769 -0.020377 0.011765)
            (0.080769 -0.018270 -0.068183)
            (0.080769 -0.018270 0.068183)
            (0.080769 -0.017647 -0.030566)
            (0.080769 -0.017647 0.030566)
            (0.080769 -0.016638 -0.016638)
            (0.080769 -0.016638 0.016638)
            (0.080769 -0.015225 -0.056819)
            (0.080769 -0.015225 0.056819)
            (0.080769 -0.012180 -0.045455)
            (0.080769 -0.012180 0.045455)
            (0.080769 -0.011765 -0.020377)
            (0.080769 -0.011765 0.000000)
            (0.080769 -0.011765 0.020377)
            (0.080769 -0.011364 -0.003045)
            (0.080769 -0.011364 0.003045)
            (0.080769 -0.010189 -0.005882)
            (0.080769 -0.010189 0.005882)
            (0.080769 -0.009135 -0.034091)
            (0.080769 -0.009135 0.034091)
            (0.080769 -0.008319 -0.008319)
            (0.080769 -0.008319 0.008319)
            (0.080769 -0.006090 -0.022728)
            (0.080769 -0.006090 0.022728)
            (0.080769 -0.005882 -0.010189)
            (0.080769 -0.005882 0.010189)
            (0.080769 -0.003045 -0.011364)
            (0.080769 -0.003045 0.011364)
            (0.080769 -0.000000 -0.200000)
            (0.080769 -0.000000 -0.188235)
            (0.080769 -0.000000 -0.176471)
            (0.080769 -0.000000 -0.164706)
            (0.080769 -0.000000 -0.152941)
            (0.080769 -0.000000 -0.141176)
            (0.080769 -0.000000 -0.129412)
            (0.080769 -0.000000 -0.117647)
            (0.080769 -0.000000 -0.105882)
            (0.080769 -0.000000 -0.094118)
            (0.080769 -0.000000 -0.082353)
            (0.080769 -0.000000 -0.070588)
            (0.080769 -0.000000 -0.058824)
            (0.080769 -0.000000 -0.047059)
            (0.080769 -0.000000 -0.035294)
            (0.080769 -0.000000 -0.023529)
            (0.080769 -0.000000 -0.011765)
            (0.080769 -0.000000 -0.000000)
            (0.080769 0.000000 0.011765)
            (0.080769 0.000000 0.023529)
            (0.080769 0.000000 0.035294)
            (0.080769 0.000000 0.047059)
            (0.080769 0.000000 0.058824)
            (0.080769 0.000000 0.070588)
            (0.080769 0.000000 0.082353)
            (0.080769 0.000000 0.094118)
            (0.080769 0.000000 0.105882)
            (0.080769 0.000000 0.117647)
            (0.080769 0.000000 0.129412)
            (0.080769 0.000000 0.141176)
            (0.080769 0.000000 0.152941)
            (0.080769 0.000000 0.164706)
            (0.080769 0.000000 0.176471)
            (0.080769 0.000000 0.188235)
            (0.080769 0.000000 0.200000)
            (0.080769 0.003045 -0.011364)
            (0.080769 0.003045 0.011364)
            (0.080769 0.005882 -0.010189)
            (0.080769 0.005882 0.010189)
            (0.080769 0.006090 -0.022728)
            (0.080769 0.006090 0.022728)
            (0.080769 0.008319 -0.008319)
            (0.080769 0.008319 0.008319)
            (0.080769 0.009135 -0.034091)
            (0.080769 0.009135 0.034091)
            (0.080769 0.010189 -0.005882)
            (0.080769 0.010189 0.005882)
            (0.080769 0.011364 -0.003045)
            (0.080769 0.011364 0.003045)
            (0.080769 0.011765 -0.020377)
            (0.080769 0.011765 0.000000)
            (0.080769 0.011765 0.020377)
            (0.080769 0.012180 -0.045455)
            (0.080769 0.012180 0.045455)
            (0.080769 0.015225 -0.056819)
            (0.080769 0.015225 0.056819)
            (0.080769 0.016638 -0.016638)
            (0.080769 0.016638 0.016638)
            (0.080769 0.017647 -0.030566)
            (0.080769 0.017647 0.030566)
            (0.080769 0.018270 -0.068183)
            (0.080769 0.018270 0.068183)
            (0.080769 0.020377 -0.011765)
            (0.080769 0.020377 0.011765)
            (0.080769 0.021315 -0.079547)
            (0.080769 0.021315 0.079547)
            (0.080769 0.022728 -0.006090)
            (0.080769 0.022728 0.006090)
            (0.080769 0.023529 -0.040754)
            (0.080769 0.023529 0.000000)
            (0.080769 0.023529 0.040754)
            (0.080769 0.024359 -0.090911)
            (0.080769 0.024359 0.090911)
            (0.080769 0.024957 -0.024957)
            (0.080769 0.024957 0.024957)
            (0.080769 0.027404 -0.102274)
            (0.080769 0.027404 0.102274)
            (0.080769 0.029412 -0.050943)
            (0.080769 0.029412 0.050943)
            (0.080769 0.030449 -0.113638)
            (0.080769 0.030449 0.113638)
            (0.080769 0.030566 -0.017647)
            (0.080769 0.030566 0.017647)
            (0.080769 0.033276 -0.033276)
            (0.080769 0.033276 0.033276)
            (0.080769 0.033494 -0.125002)
            (0.080769 0.033494 0.125002)
            (0.080769 0.034091 -0.009135)
            (0.080769 0.034091 0.009135)
            (0.080769 0.035294 -0.061131)
            (0.080769 0.035294 0.000000)
            (0.080769 0.035294 0.061131)
            (0.080769 0.036539 -0.136366)
            (0.080769 0.036539 0.136366)
            (0.080769 0.039584 -0.147730)
            (0.080769 0.039584 0.147730)
            (0.080769 0.040754 -0.023529)
            (0.080769 0.040754 0.023529)
            (0.080769 0.041176 -0.071320)
            (0.080769 0.041176 0.071320)
            (0.080769 0.041595 -0.041595)
            (0.080769 0.041595 0.041595)
            (0.080769 0.042629 -0.159094)
            (0.080769 0.042629 0.159094)
            (0.080769 0.045455 -0.012180)
            (0.080769 0.045455 0.012180)
            (0.080769 0.045674 -0.170457)
            (0.080769 0.045674 0.170457)
            (0.080769 0.047059 -0.081508)
            (0.080769 0.047059 0.000000)
            (0.080769 0.047059 0.081508)
            (0.080769 0.048719 -0.181821)
            (0.080769 0.048719 0.181821)
            (0.080769 0.049913 -0.049913)
            (0.080769 0.049913 0.049913)
            (0.080769 0.050943 -0.029412)
            (0.080769 0.050943 0.029412)
            (0.080769 0.051764 -0.193185)
            (0.080769 0.051764 0.193185)
            (0.080769 0.052941 -0.091697)
            (0.080769 0.052941 0.091697)
            (0.080769 0.056819 -0.015225)
            (0.080769 0.056819 0.015225)
            (0.080769 0.058232 -0.058232)
            (0.080769 0.058232 0.058232)
            (0.080769 0.058824 -0.101885)
            (0.080769 0.058824 0.000000)
            (0.080769 0.058824 0.101885)
            (0.080769 0.061131 -0.035294)
            (0.080769 0.061131 0.035294)
            (0.080769 0.064706 -0.112074)
            (0.080769 0.064706 0.112074)
            (0.080769 0.066551 -0.066551)
            (0.080769 0.066551 0.066551)
            (0.080769 0.068183 -0.018270)
            (0.080769 0.068183 0.018270)
            (0.080769 0.070588 -0.122262)
            (0.080769 0.070588 0.000000)
            (0.080769 0.070588 0.122262)
            (0.080769 0.071320 -0.041176)
            (0.080769 0.071320 0.041176)
            (0.080769 0.074870 -0.074870)
            (0.080769 0.074870 0.074870)
            (0.080769 0.076471 -0.132451)
            (0.080769 0.076471 0.132451)
            (0.080769 0.079547 -0.021315)
            (0.080769 0.079547 0.021315)
            (0.080769 0.081508 -0.047059)
            (0.080769 0.081508 0.047059)
            (0.080769 0.082353 -0.142639)
            (0.080769 0.082353 0.000000)
            (0.080769 0.082353 0.142639)
            (0.080769 0.083189 -0.083189)
            (0.080769 0.083189 0.083189)
            (0.080769 0.088235 -0.152828)
            (0.080769 0.088235 0.152828)
            (0.080769 0.090911 -0.024359)
            (0.080769 0.090911 0.024359)
            (0.080769 0.091508 -0.091508)
            (0.080769 0.091508 0.091508)
            (0.080769 0.091697 -0.052941)
            (0.080769 0.091697 0.052941)
            (0.080769 0.094118 -0.163017)
            (0.080769 0.094118 0.000000)
            (0.080769 0.094118 0.163017)
            (0.080769 0.099827 -0.099827)
            (0.080769 0.099827 0.099827)
            (0.080769 0.100000 -0.173205)
            (0.080769 0.100000 0.173205)
            (0.080769 0.101885 -0.058824)
            (0.080769 0.101885 0.058824)
            (0.080769 0.102274 -0.027404)
            (0.080769 0.102274 0.027404)
            (0.080769 0.105882 0.000000)
            (0.080769 0.108146 -0.108146)
            (0.080769 0.108146 0.108146)
            (0.080769 0.112074 -0.064706)
            (0.080769 0.112074 0.064706)
            (0.080769 0.113638 -0.030449)
            (0.080769 0.113638 0.030449)
            (0.080769 0.116465 -0.116465)
            (0.080769 0.116465 0.116465)
            (0.080769 0.117647 0.000000)
            (0.080769 0.122262 -0.070588)
            (0.080769 0.122262 0.070588)
            (0.080769 0.124784 -0.124784)
            (0.080769 0.124784 0.124784)
            (0.080769 0.125002 -0.033494)
            (0.080769 0.125002 0.033494)
            (0.080769 0.129412 0.000000)
            (0.080769 0.132451 -0.076471)
            (0.080769 0.132451 0.076471)
            (0.080769 0.133102 -0.133102)
            (0.080769 0.133102 0.133102)
            (0.080769 0.136366 -0.036539)
            (0.080769 0.136366 0.036539)
            (0.080769 0.141176 0.000000)
            (0.080769 0.141421 -0.141421)
            (0.080769 0.141421 0.141421)
            (0.080769 0.142639 -0.082353)
            (0.080769 0.142639 0.082353)
            (0.080769 0.147730 -0.039584)
            (0.080769 0.147730 0.039584)
            (0.080769 0.152828 -0.088235)
            (0.080769 0.152828 0.088235)
            (0.080769 0.152941 0.000000)
            (0.080769 0.159094 -0.042629)
            (0.080769 0.159094 0.042629)
            (0.080769 0.163017 -0.094118)
            (0.080769 0.163017 0.094118)
            (0.080769 0.164706 0.000000)
            (0.080769 0.170457 -0.045674)
            (0.080769 0.170457 0.045674)
            (0.080769 0.173205 -0.100000)
            (0.080769 0.173205 0.100000)
            (0.080769 0.176471 0.000000)
            (0.080769 0.181821 -0.048719)
            (0.080769 0.181821 0.048719)
            (0.080769 0.188235 0.000000)
            (0.080769 0.193185 -0.051764)
            (0.080769 0.193185 0.051764)
            (0.080769 0.200000 0.000000)
            (0.092308 -0.200000 0.000000)
            (0.092308 -0.193185 -0.051764)
            (0.092308 -0.193185 0.051764)
            (0.092308 -0.188235 0.000000)
            (0.092308 -0.181821 -0.048719)
            (0.092308 -0.181821 0.048719)
            (0.092308 -0.176471 0.000000)
            (0.092308 -0.173205 -0.100000)
            (0.092308 -0.173205 0.100000)
            (0.092308 -0.170457 -0.045674)
            (0.092308 -0.170457 0.045674)
            (0.092308 -0.164706 0.000000)
            (0.092308 -0.163017 -0.094118)
            (0.092308 -0.163017 0.094118)
            (0.092308 -0.159094 -0.042629)
            (0.092308 -0.159094 0.042629)
            (0.092308 -0.152941 0.000000)
            (0.092308 -0.152828 -0.088235)
            (0.092308 -0.152828 0.088235)
            (0.092308 -0.147730 -0.039584)
            (0.092308 -0.147730 0.039584)
            (0.092308 -0.142639 -0.082353)
            (0.092308 -0.142639 0.082353)
            (0.092308 -0.141421 -0.141421)
            (0.092308 -0.141421 0.141421)
            (0.092308 -0.141176 0.000000)
            (0.092308 -0.136366 -0.036539)
            (0.092308 -0.136366 0.036539)
            (0.092308 -0.133102 -0.133102)
            (0.092308 -0.133102 0.133102)
            (0.092308 -0.132451 -0.076471)
            (0.092308 -0.132451 0.076471)
            (0.092308 -0.129412 0.000000)
            (0.092308 -0.125002 -0.033494)
            (0.092308 -0.125002 0.033494)
            (0.092308 -0.124784 -0.124784)
            (0.092308 -0.124784 0.124784)
            (0.092308 -0.122262 -0.070588)
            (0.092308 -0.122262 0.070588)
            (0.092308 -0.117647 0.000000)
            (0.092308 -0.116465 -0.116465)
            (0.092308 -0.116465 0.116465)
            (0.092308 -0.113638 -0.030449)
            (0.092308 -0.113638 0.030449)
            (0.092308 -0.112074 -0.064706)
            (0.092308 -0.112074 0.064706)
            (0.092308 -0.108146 -0.108146)
            (0.092308 -0.108146 0.108146)
            (0.092308 -0.105882 0.000000)
            (0.092308 -0.102274 -0.027404)
            (0.092308 -0.102274 0.027404)
            (0.092308 -0.101885 -0.058824)
            (0.092308 -0.101885 0.058824)
            (0.092308 -0.100000 -0.173205)
            (0.092308 -0.100000 0.173205)
            (0.092308 -0.099827 -0.099827)
            (0.092308 -0.099827 0.099827)
            (0.092308 -0.094118 -0.163017)
            (0.092308 -0.094118 0.000000)
            (0.092308 -0.094118 0.163017)
            (0.092308 -0.091697 -0.052941)
            (0.092308 -0.091697 0.052941)
            (0.092308 -0.091508 -0.091508)
            (0.092308 -0.091508 0.091508)
            (0.092308 -0.090911 -0.024359)
            (0.092308 -0.090911 0.024359)
            (0.092308 -0.088235 -0.152828)
            (0.092308 -0.088235 0.152828)
            (0.092308 -0.083189 -0.083189)
            (0.092308 -0.083189 0.083189)
            (0.092308 -0.082353 -0.142639)
            (0.092308 -0.082353 0.000000)
            (0.092308 -0.082353 0.142639)
            (0.092308 -0.081508 -0.047059)
            (0.092308 -0.081508 0.047059)
            (0.092308 -0.079547 -0.021315)
            (0.092308 -0.079547 0.021315)
            (0.092308 -0.076471 -0.132451)
            (0.092308 -0.076471 0.132451)
            (0.092308 -0.074870 -0.074870)
            (0.092308 -0.074870 0.074870)
            (0.092308 -0.071320 -0.041176)
            (0.092308 -0.071320 0.041176)
            (0.092308 -0.070588 -0.122262)
            (0.092308 -0.070588 0.000000)
            (0.092308 -0.070588 0.122262)
            (0.092308 -0.068183 -0.018270)
            (0.092308 -0.068183 0.018270)
            (0.092308 -0.066551 -0.066551)
            (0.092308 -0.066551 0.066551)
            (0.092308 -0.064706 -0.112074)
            (0.092308 -0.064706 0.112074)
            (0.092308 -0.061131 -0.035294)
            (0.092308 -0.061131 0.035294)
            (0.092308 -0.058824 -0.101885)
            (0.092308 -0.058824 0.000000)
            (0.092308 -0.058824 0.101885)
            (0.092308 -0.058232 -0.058232)
            (0.092308 -0.058232 0.058232)
            (0.092308 -0.056819 -0.015225)
            (0.092308 -0.056819 0.015225)
            (0.092308 -0.052941 -0.091697)
            (0.092308 -0.052941 0.091697)
            (0.092308 -0.051764 -0.193185)
            (0.092308 -0.051764 0.193185)
            (0.092308 -0.050943 -0.029412)
            (0.092308 -0.050943 0.029412)
            (0.092308 -0.049913 -0.049913)
            (0.092308 -0.049913 0.049913)
            (0.092308 -0.048719 -0.181821)
            (0.092308 -0.048719 0.181821)
            (0.092308 -0.047059 -0.081508)
            (0.092308 -0.047059 0.000000)
            (0.092308 -0.047059 0.081508)
            (0.092308 -0.045674 -0.170457)
            (0.092308 -0.045674 0.170457)
            (0.092308 -0.045455 -0.012180)
            (0.092308 -0.045455 0.012180)
            (0.092308 -0.042629 -0.159094)
            (0.092308 -0.042629 0.159094)
            (0.092308 -0.041595 -0.041595)
            (0.092308 -0.041595 0.041595)
            (0.092308 -0.041176 -0.071320)
            (0.092308 -0.041176 0.071320)
            (0.092308 -0.040754 -0.023529)
            (0.092308 -0.040754 0.023529)
            (0.092308 -0.039584 -0.147730)
            (0.092308 -0.039584 0.147730)
            (0.092308 -0.036539 -0.136366)
            (0.092308 -0.036539 0.136366)
            (0.092308 -0.035294 -0.061131)
            (0.092308 -0.035294 0.000000)
            (0.092308 -0.035294 0.061131)
            (0.092308 -0.034091 -0.009135)
            (0.092308 -0.034091 0.009135)
            (0.092308 -0.033494 -0.125002)
            (0.092308 -0.033494 0.125002)
            (0.092308 -0.033276 -0.033276)
            (0.092308 -0.033276 0.033276)
            (0.092308 -0.030566 -0.017647)
            (0.092308 -0.030566 0.017647)
            (0.092308 -0.030449 -0.113638)
            (0.092308 -0.030449 0.113638)
            (0.092308 -0.029412 -0.050943)
            (0.092308 -0.029412 0.050943)
            (0.092308 -0.027404 -0.102274)
            (0.092308 -0.027404 0.102274)
            (0.092308 -0.024957 -0.024957)
            (0.092308 -0.024957 0.024957)
            (0.092308 -0.024359 -0.090911)
            (0.092308 -0.024359 0.090911)
            (0.092308 -0.023529 -0.040754)
            (0.092308 -0.023529 0.000000)
            (0.092308 -0.023529 0.040754)
            (0.092308 -0.022728 -0.006090)
            (0.092308 -0.022728 0.006090)
            (0.092308 -0.021315 -0.079547)
            (0.092308 -0.021315 0.079547)
            (0.092308 -0.020377 -0.011765)
            (0.092308 -0.020377 0.011765)
            (0.092308 -0.018270 -0.068183)
            (0.092308 -0.018270 0.068183)
            (0.092308 -0.017647 -0.030566)
            (0.092308 -0.017647 0.030566)
            (0.092308 -0.016638 -0.016638)
            (0.092308 -0.016638 0.016638)
            (0.092308 -0.015225 -0.056819)
            (0.092308 -0.015225 0.056819)
            (0.092308 -0.012180 -0.045455)
            (0.092308 -0.012180 0.045455)
            (0.092308 -0.011765 -0.020377)
            (0.092308 -0.011765 0.000000)
            (0.092308 -0.011765 0.020377)
            (0.092308 -0.011364 -0.003045)
            (0.092308 -0.011364 0.003045)
            (0.092308 -0.010189 -0.005882)
            (0.092308 -0.010189 0.005882)
            (0.092308 -0.009135 -0.034091)
            (0.092308 -0.009135 0.034091)
            (0.092308 -0.008319 -0.008319)
            (0.092308 -0.008319 0.008319)
            (0.092308 -0.006090 -0.022728)
            (0.092308 -0.006090 0.022728)
            (0.092308 -0.005882 -0.010189)
            (0.092308 -0.005882 0.010189)
            (0.092308 -0.003045 -0.011364)
            (0.092308 -0.003045 0.011364)
            (0.092308 -0.000000 -0.200000)
            (0.092308 -0.000000 -0.188235)
            (0.092308 -0.000000 -0.176471)
            (0.092308 -0.000000 -0.164706)
            (0.092308 -0.000000 -0.152941)
            (0.092308 -0.000000 -0.141176)
            (0.092308 -0.000000 -0.129412)
            (0.092308 -0.000000 -0.117647)
            (0.092308 -0.000000 -0.105882)
            (0.092308 -0.000000 -0.094118)
            (0.092308 -0.000000 -0.082353)
            (0.092308 -0.000000 -0.070588)
            (0.092308 -0.000000 -0.058824)
            (0.092308 -0.000000 -0.047059)
            (0.092308 -0.000000 -0.035294)
            (0.092308 -0.000000 -0.023529)
            (0.092308 -0.000000 -0.011765)
            (0.092308 0.000000 0.000000)
            (0.092308 0.000000 0.011765)
            (0.092308 0.000000 0.023529)
            (0.092308 0.000000 0.035294)
            (0.092308 0.000000 0.047059)
            (0.092308 0.000000 0.058824)
            (0.092308 0.000000 0.070588)
            (0.092308 0.000000 0.082353)
            (0.092308 0.000000 0.094118)
            (0.092308 0.000000 0.105882)
            (0.092308 0.000000 0.117647)
            (0.092308 0.000000 0.129412)
            (0.092308 0.000000 0.141176)
            (0.092308 0.000000 0.152941)
            (0.092308 0.000000 0.164706)
            (0.092308 0.000000 0.176471)
            (0.092308 0.000000 0.188235)
            (0.092308 0.000000 0.200000)
            (0.092308 0.003045 -0.011364)
            (0.092308 0.003045 0.011364)
            (0.092308 0.005882 -0.010189)
            (0.092308 0.005882 0.010189)
            (0.092308 0.006090 -0.022728)
            (0.092308 0.006090 0.022728)
            (0.092308 0.008319 -0.008319)
            (0.092308 0.008319 0.008319)
            (0.092308 0.009135 -0.034091)
            (0.092308 0.009135 0.034091)
            (0.092308 0.010189 -0.005882)
            (0.092308 0.010189 0.005882)
            (0.092308 0.011364 -0.003045)
            (0.092308 0.011364 0.003045)
            (0.092308 0.011765 -0.020377)
            (0.092308 0.011765 0.000000)
            (0.092308 0.011765 0.020377)
            (0.092308 0.012180 -0.045455)
            (0.092308 0.012180 0.045455)
            (0.092308 0.015225 -0.056819)
            (0.092308 0.015225 0.056819)
            (0.092308 0.016638 -0.016638)
            (0.092308 0.016638 0.016638)
            (0.092308 0.017647 -0.030566)
            (0.092308 0.017647 0.030566)
            (0.092308 0.018270 -0.068183)
            (0.092308 0.018270 0.068183)
            (0.092308 0.020377 -0.011765)
            (0.092308 0.020377 0.011765)
            (0.092308 0.021315 -0.079547)
            (0.092308 0.021315 0.079547)
            (0.092308 0.022728 -0.006090)
            (0.092308 0.022728 0.006090)
            (0.092308 0.023529 -0.040754)
            (0.092308 0.023529 0.000000)
            (0.092308 0.023529 0.040754)
            (0.092308 0.024359 -0.090911)
            (0.092308 0.024359 0.090911)
            (0.092308 0.024957 -0.024957)
            (0.092308 0.024957 0.024957)
            (0.092308 0.027404 -0.102274)
            (0.092308 0.027404 0.102274)
            (0.092308 0.029412 -0.050943)
            (0.092308 0.029412 0.050943)
            (0.092308 0.030449 -0.113638)
            (0.092308 0.030449 0.113638)
            (0.092308 0.030566 -0.017647)
            (0.092308 0.030566 0.017647)
            (0.092308 0.033276 -0.033276)
            (0.092308 0.033276 0.033276)
            (0.092308 0.033494 -0.125002)
            (0.092308 0.033494 0.125002)
            (0.092308 0.034091 -0.009135)
            (0.092308 0.034091 0.009135)
            (0.092308 0.035294 -0.061131)
            (0.092308 0.035294 0.000000)
            (0.092308 0.035294 0.061131)
            (0.092308 0.036539 -0.136366)
            (0.092308 0.036539 0.136366)
            (0.092308 0.039584 -0.147730)
            (0.092308 0.039584 0.147730)
            (0.092308 0.040754 -0.023529)
            (0.092308 0.040754 0.023529)
            (0.092308 0.041176 -0.071320)
            (0.092308 0.041176 0.071320)
            (0.092308 0.041595 -0.041595)
            (0.092308 0.041595 0.041595)
            (0.092308 0.042629 -0.159094)
            (0.092308 0.042629 0.159094)
            (0.092308 0.045455 -0.012180)
            (0.092308 0.045455 0.012180)
            (0.092308 0.045674 -0.170457)
            (0.092308 0.045674 0.170457)
            (0.092308 0.047059 -0.081508)
            (0.092308 0.047059 0.000000)
            (0.092308 0.047059 0.081508)
            (0.092308 0.048719 -0.181821)
            (0.092308 0.048719 0.181821)
            (0.092308 0.049913 -0.049913)
            (0.092308 0.049913 0.049913)
            (0.092308 0.050943 -0.029412)
            (0.092308 0.050943 0.029412)
            (0.092308 0.051764 -0.193185)
            (0.092308 0.051764 0.193185)
            (0.092308 0.052941 -0.091697)
            (0.092308 0.052941 0.091697)
            (0.092308 0.056819 -0.015225)
            (0.092308 0.056819 0.015225)
            (0.092308 0.058232 -0.058232)
            (0.092308 0.058232 0.058232)
            (0.092308 0.058824 -0.101885)
            (0.092308 0.058824 0.000000)
            (0.092308 0.058824 0.101885)
            (0.092308 0.061131 -0.035294)
            (0.092308 0.061131 0.035294)
            (0.092308 0.064706 -0.112074)
            (0.092308 0.064706 0.112074)
            (0.092308 0.066551 -0.066551)
            (0.092308 0.066551 0.066551)
            (0.092308 0.068183 -0.018270)
            (0.092308 0.068183 0.018270)
            (0.092308 0.070588 -0.122262)
            (0.092308 0.070588 0.000000)
            (0.092308 0.070588 0.122262)
            (0.092308 0.071320 -0.041176)
            (0.092308 0.071320 0.041176)
            (0.092308 0.074870 -0.074870)
            (0.092308 0.074870 0.074870)
            (0.092308 0.076471 -0.132451)
            (0.092308 0.076471 0.132451)
            (0.092308 0.079547 -0.021315)
            (0.092308 0.079547 0.021315)
            (0.092308 0.081508 -0.047059)
            (0.092308 0.081508 0.047059)
            (0.092308 0.082353 -0.142639)
            (0.092308 0.082353 0.000000)
            (0.092308 0.082353 0.142639)
            (0.092308 0.083189 -0.083189)
            (0.092308 0.083189 0.083189)
            (0.092308 0.088235 -0.152828)
            (0.092308 0.088235 0.152828)
            (0.092308 0.090911 -0.024359)
            (0.092308 0.090911 0.024359)
            (0.092308 0.091508 -0.091508)
            (0.092308 0.091508 0.091508)
            (0.092308 0.091697 -0.052941)
            (0.092308 0.091697 0.052941)
            (0.092308 0.094118 -0.163017)
            (0.092308 0.094118 0.000000)
            (0.092308 0.094118 0.163017)
            (0.092308 0.099827 -0.099827)
            (0.092308 0.099827 0.099827)
            (0.092308 0.100000 -0.173205)
            (0.092308 0.100000 0.173205)
            (0.092308 0.101885 -0.058824)
            (0.092308 0.101885 0.058824)
            (0.092308 0.102274 -0.027404)
            (0.092308 0.102274 0.027404)
            (0.092308 0.105882 0.000000)
            (0.092308 0.108146 -0.108146)
            (0.092308 0.108146 0.108146)
            (0.092308 0.112074 -0.064706)
            (0.092308 0.112074 0.064706)
            (0.092308 0.113638 -0.030449)
            (0.092308 0.113638 0.030449)
            (0.092308 0.116465 -0.116465)
            (0.092308 0.116465 0.116465)
            (0.092308 0.117647 0.000000)
            (0.092308 0.122262 -0.070588)
            (0.092308 0.122262 0.070588)
            (0.092308 0.124784 -0.124784)
            (0.092308 0.124784 0.124784)
            (0.092308 0.125002 -0.033494)
            (0.092308 0.125002 0.033494)
            (0.092308 0.129412 0.000000)
            (0.092308 0.132451 -0.076471)
            (0.092308 0.132451 0.076471)
            (0.092308 0.133102 -0.133102)
            (0.092308 0.133102 0.133102)
            (0.092308 0.136366 -0.036539)
            (0.092308 0.136366 0.036539)
            (0.092308 0.141176 0.000000)
            (0.092308 0.141421 -0.141421)
            (0.092308 0.141421 0.141421)
            (0.092308 0.142639 -0.082353)
            (0.092308 0.142639 0.082353)
            (0.092308 0.147730 -0.039584)
            (0.092308 0.147730 0.039584)
            (0.092308 0.152828 -0.088235)
            (0.092308 0.152828 0.088235)
            (0.092308 0.152941 0.000000)
            (0.092308 0.159094 -0.042629)
            (0.092308 0.159094 0.042629)
            (0.092308 0.163017 -0.094118)
            (0.092308 0.163017 0.094118)
            (0.092308 0.164706 0.000000)
            (0.092308 0.170457 -0.045674)
            (0.092308 0.170457 0.045674)
            (0.092308 0.173205 -0.100000)
            (0.092308 0.173205 0.100000)
            (0.092308 0.176471 0.000000)
            (0.092308 0.181821 -0.048719)
            (0.092308 0.181821 0.048719)
            (0.092308 0.188235 0.000000)
            (0.092308 0.193185 -0.051764)
            (0.092308 0.193185 0.051764)
            (0.092308 0.200000 0.000000)
            (0.103846 -0.200000 0.000000)
            (0.103846 -0.193185 -0.051764)
            (0.103846 -0.193185 0.051764)
            (0.103846 -0.188235 0.000000)
            (0.103846 -0.181821 -0.048719)
            (0.103846 -0.181821 0.048719)
            (0.103846 -0.176471 0.000000)
            (0.103846 -0.173205 -0.100000)
            (0.103846 -0.173205 0.100000)
            (0.103846 -0.170457 -0.045674)
            (0.103846 -0.170457 0.045674)
            (0.103846 -0.164706 0.000000)
            (0.103846 -0.163017 -0.094118)
            (0.103846 -0.163017 0.094118)
            (0.103846 -0.159094 -0.042629)
            (0.103846 -0.159094 0.042629)
            (0.103846 -0.152941 0.000000)
            (0.103846 -0.152828 -0.088235)
            (0.103846 -0.152828 0.088235)
            (0.103846 -0.147730 -0.039584)
            (0.103846 -0.147730 0.039584)
            (0.103846 -0.142639 -0.082353)
            (0.103846 -0.142639 0.082353)
            (0.103846 -0.141421 -0.141421)
            (0.103846 -0.141421 0.141421)
            (0.103846 -0.141176 0.000000)
            (0.103846 -0.136366 -0.036539)
            (0.103846 -0.136366 0.036539)
            (0.103846 -0.133102 -0.133102)
            (0.103846 -0.133102 0.133102)
            (0.103846 -0.132451 -0.076471)
            (0.103846 -0.132451 0.076471)
            (0.103846 -0.129412 0.000000)
            (0.103846 -0.125002 -0.033494)
            (0.103846 -0.125002 0.033494)
            (0.103846 -0.124784 -0.124784)
            (0.103846 -0.124784 0.124784)
            (0.103846 -0.122262 -0.070588)
            (0.103846 -0.122262 0.070588)
            (0.103846 -0.117647 0.000000)
            (0.103846 -0.116465 -0.116465)
            (0.103846 -0.116465 0.116465)
            (0.103846 -0.113638 -0.030449)
            (0.103846 -0.113638 0.030449)
            (0.103846 -0.112074 -0.064706)
            (0.103846 -0.112074 0.064706)
            (0.103846 -0.108146 -0.108146)
            (0.103846 -0.108146 0.108146)
            (0.103846 -0.105882 0.000000)
            (0.103846 -0.102274 -0.027404)
            (0.103846 -0.102274 0.027404)
            (0.103846 -0.101885 -0.058824)
            (0.103846 -0.101885 0.058824)
            (0.103846 -0.100000 -0.173205)
            (0.103846 -0.100000 0.173205)
            (0.103846 -0.099827 -0.099827)
            (0.103846 -0.099827 0.099827)
            (0.103846 -0.094118 -0.163017)
            (0.103846 -0.094118 0.000000)
            (0.103846 -0.094118 0.163017)
            (0.103846 -0.091697 -0.052941)
            (0.103846 -0.091697 0.052941)
            (0.103846 -0.091508 -0.091508)
            (0.103846 -0.091508 0.091508)
            (0.103846 -0.090911 -0.024359)
            (0.103846 -0.090911 0.024359)
            (0.103846 -0.088235 -0.152828)
            (0.103846 -0.088235 0.152828)
            (0.103846 -0.083189 -0.083189)
            (0.103846 -0.083189 0.083189)
            (0.103846 -0.082353 -0.142639)
            (0.103846 -0.082353 0.000000)
            (0.103846 -0.082353 0.142639)
            (0.103846 -0.081508 -0.047059)
            (0.103846 -0.081508 0.047059)
            (0.103846 -0.079547 -0.021315)
            (0.103846 -0.079547 0.021315)
            (0.103846 -0.076471 -0.132451)
            (0.103846 -0.076471 0.132451)
            (0.103846 -0.074870 -0.074870)
            (0.103846 -0.074870 0.074870)
            (0.103846 -0.071320 -0.041176)
            (0.103846 -0.071320 0.041176)
            (0.103846 -0.070588 -0.122262)
            (0.103846 -0.070588 0.000000)
            (0.103846 -0.070588 0.122262)
            (0.103846 -0.068183 -0.018270)
            (0.103846 -0.068183 0.018270)
            (0.103846 -0.066551 -0.066551)
            (0.103846 -0.066551 0.066551)
            (0.103846 -0.064706 -0.112074)
            (0.103846 -0.064706 0.112074)
            (0.103846 -0.061131 -0.035294)
            (0.103846 -0.061131 0.035294)
            (0.103846 -0.058824 -0.101885)
            (0.103846 -0.058824 0.000000)
            (0.103846 -0.058824 0.101885)
            (0.103846 -0.058232 -0.058232)
            (0.103846 -0.058232 0.058232)
            (0.103846 -0.056819 -0.015225)
            (0.103846 -0.056819 0.015225)
            (0.103846 -0.052941 -0.091697)
            (0.103846 -0.052941 0.091697)
            (0.103846 -0.051764 -0.193185)
            (0.103846 -0.051764 0.193185)
            (0.103846 -0.050943 -0.029412)
            (0.103846 -0.050943 0.029412)
            (0.103846 -0.049913 -0.049913)
            (0.103846 -0.049913 0.049913)
            (0.103846 -0.048719 -0.181821)
            (0.103846 -0.048719 0.181821)
            (0.103846 -0.047059 -0.081508)
            (0.103846 -0.047059 0.000000)
            (0.103846 -0.047059 0.081508)
            (0.103846 -0.045674 -0.170457)
            (0.103846 -0.045674 0.170457)
            (0.103846 -0.045455 -0.012180)
            (0.103846 -0.045455 0.012180)
            (0.103846 -0.042629 -0.159094)
            (0.103846 -0.042629 0.159094)
            (0.103846 -0.041595 -0.041595)
            (0.103846 -0.041595 0.041595)
            (0.103846 -0.041176 -0.071320)
            (0.103846 -0.041176 0.071320)
            (0.103846 -0.040754 -0.023529)
            (0.103846 -0.040754 0.023529)
            (0.103846 -0.039584 -0.147730)
            (0.103846 -0.039584 0.147730)
            (0.103846 -0.036539 -0.136366)
            (0.103846 -0.036539 0.136366)
            (0.103846 -0.035294 -0.061131)
            (0.103846 -0.035294 0.000000)
            (0.103846 -0.035294 0.061131)
            (0.103846 -0.034091 -0.009135)
            (0.103846 -0.034091 0.009135)
            (0.103846 -0.033494 -0.125002)
            (0.103846 -0.033494 0.125002)
            (0.103846 -0.033276 -0.033276)
            (0.103846 -0.033276 0.033276)
            (0.103846 -0.030566 -0.017647)
            (0.103846 -0.030566 0.017647)
            (0.103846 -0.030449 -0.113638)
            (0.103846 -0.030449 0.113638)
            (0.103846 -0.029412 -0.050943)
            (0.103846 -0.029412 0.050943)
            (0.103846 -0.027404 -0.102274)
            (0.103846 -0.027404 0.102274)
            (0.103846 -0.024957 -0.024957)
            (0.103846 -0.024957 0.024957)
            (0.103846 -0.024359 -0.090911)
            (0.103846 -0.024359 0.090911)
            (0.103846 -0.023529 -0.040754)
            (0.103846 -0.023529 0.000000)
            (0.103846 -0.023529 0.040754)
            (0.103846 -0.022728 -0.006090)
            (0.103846 -0.022728 0.006090)
            (0.103846 -0.021315 -0.079547)
            (0.103846 -0.021315 0.079547)
            (0.103846 -0.020377 -0.011765)
            (0.103846 -0.020377 0.011765)
            (0.103846 -0.018270 -0.068183)
            (0.103846 -0.018270 0.068183)
            (0.103846 -0.017647 -0.030566)
            (0.103846 -0.017647 0.030566)
            (0.103846 -0.016638 -0.016638)
            (0.103846 -0.016638 0.016638)
            (0.103846 -0.015225 -0.056819)
            (0.103846 -0.015225 0.056819)
            (0.103846 -0.012180 -0.045455)
            (0.103846 -0.012180 0.045455)
            (0.103846 -0.011765 -0.020377)
            (0.103846 -0.011765 0.000000)
            (0.103846 -0.011765 0.020377)
            (0.103846 -0.011364 -0.003045)
            (0.103846 -0.011364 0.003045)
            (0.103846 -0.010189 -0.005882)
            (0.103846 -0.010189 0.005882)
            (0.103846 -0.009135 -0.034091)
            (0.103846 -0.009135 0.034091)
            (0.103846 -0.008319 -0.008319)
            (0.103846 -0.008319 0.008319)
            (0.103846 -0.006090 -0.022728)
            (0.103846 -0.006090 0.022728)
            (0.103846 -0.005882 -0.010189)
            (0.103846 -0.005882 0.010189)
            (0.103846 -0.003045 -0.011364)
            (0.103846 -0.003045 0.011364)
            (0.103846 -0.000000 -0.200000)
            (0.103846 -0.000000 -0.188235)
            (0.103846 -0.000000 -0.176471)
            (0.103846 -0.000000 -0.164706)
            (0.103846 -0.000000 -0.152941)
            (0.103846 -0.000000 -0.141176)
            (0.103846 -0.000000 -0.129412)
            (0.103846 -0.000000 -0.117647)
            (0.103846 -0.000000 -0.105882)
            (0.103846 -0.000000 -0.094118)
            (0.103846 -0.000000 -0.082353)
            (0.103846 -0.000000 -0.070588)
            (0.103846 -0.000000 -0.058824)
            (0.103846 -0.000000 -0.047059)
            (0.103846 -0.000000 -0.035294)
            (0.103846 -0.000000 -0.023529)
            (0.103846 -0.000000 -0.011765)
            (0.103846 -0.000000 0.000000)
            (0.103846 0.000000 0.011765)
            (0.103846 0.000000 0.023529)
            (0.103846 0.000000 0.035294)
            (0.103846 0.000000 0.047059)
            (0.103846 0.000000 0.058824)
            (0.103846 0.000000 0.070588)
            (0.103846 0.000000 0.082353)
            (0.103846 0.000000 0.094118)
            (0.103846 0.000000 0.105882)
            (0.103846 0.000000 0.117647)
            (0.103846 0.000000 0.129412)
            (0.103846 0.000000 0.141176)
            (0.103846 0.000000 0.152941)
            (0.103846 0.000000 0.164706)
            (0.103846 0.000000 0.176471)
            (0.103846 0.000000 0.188235)
            (0.103846 0.000000 0.200000)
            (0.103846 0.003045 -0.011364)
            (0.103846 0.003045 0.011364)
            (0.103846 0.005882 -0.010189)
            (0.103846 0.005882 0.010189)
            (0.103846 0.006090 -0.022728)
            (0.103846 0.006090 0.022728)
            (0.103846 0.008319 -0.008319)
            (0.103846 0.008319 0.008319)
            (0.103846 0.009135 -0.034091)
            (0.103846 0.009135 0.034091)
            (0.103846 0.010189 -0.005882)
            (0.103846 0.010189 0.005882)
            (0.103846 0.011364 -0.003045)
            (0.103846 0.011364 0.003045)
            (0.103846 0.011765 -0.020377)
            (0.103846 0.011765 0.000000)
            (0.103846 0.011765 0.020377)
            (0.103846 0.012180 -0.045455)
            (0.103846 0.012180 0.045455)
            (0.103846 0.015225 -0.056819)
            (0.103846 0.015225 0.056819)
            (0.103846 0.016638 -0.016638)
            (0.103846 0.016638 0.016638)
            (0.103846 0.017647 -0.030566)
            (0.103846 0.017647 0.030566)
            (0.103846 0.018270 -0.068183)
            (0.103846 0.018270 0.068183)
            (0.103846 0.020377 -0.011765)
            (0.103846 0.020377 0.011765)
            (0.103846 0.021315 -0.079547)
            (0.103846 0.021315 0.079547)
            (0.103846 0.022728 -0.006090)
            (0.103846 0.022728 0.006090)
            (0.103846 0.023529 -0.040754)
            (0.103846 0.023529 0.000000)
            (0.103846 0.023529 0.040754)
            (0.103846 0.024359 -0.090911)
            (0.103846 0.024359 0.090911)
            (0.103846 0.024957 -0.024957)
            (0.103846 0.024957 0.024957)
            (0.103846 0.027404 -0.102274)
            (0.103846 0.027404 0.102274)
            (0.103846 0.029412 -0.050943)
            (0.103846 0.029412 0.050943)
            (0.103846 0.030449 -0.113638)
            (0.103846 0.030449 0.113638)
            (0.103846 0.030566 -0.017647)
            (0.103846 0.030566 0.017647)
            (0.103846 0.033276 -0.033276)
            (0.103846 0.033276 0.033276)
            (0.103846 0.033494 -0.125002)
            (0.103846 0.033494 0.125002)
            (0.103846 0.034091 -0.009135)
            (0.103846 0.034091 0.009135)
            (0.103846 0.035294 -0.061131)
            (0.103846 0.035294 0.000000)
            (0.103846 0.035294 0.061131)
            (0.103846 0.036539 -0.136366)
            (0.103846 0.036539 0.136366)
            (0.103846 0.039584 -0.147730)
            (0.103846 0.039584 0.147730)
            (0.103846 0.040754 -0.023529)
            (0.103846 0.040754 0.023529)
            (0.103846 0.041176 -0.071320)
            (0.103846 0.041176 0.071320)
            (0.103846 0.041595 -0.041595)
            (0.103846 0.041595 0.041595)
            (0.103846 0.042629 -0.159094)
            (0.103846 0.042629 0.159094)
            (0.103846 0.045455 -0.012180)
            (0.103846 0.045455 0.012180)
            (0.103846 0.045674 -0.170457)
            (0.103846 0.045674 0.170457)
            (0.103846 0.047059 -0.081508)
            (0.103846 0.047059 0.000000)
            (0.103846 0.047059 0.081508)
            (0.103846 0.048719 -0.181821)
            (0.103846 0.048719 0.181821)
            (0.103846 0.049913 -0.049913)
            (0.103846 0.049913 0.049913)
            (0.103846 0.050943 -0.029412)
            (0.103846 0.050943 0.029412)
            (0.103846 0.051764 -0.193185)
            (0.103846 0.051764 0.193185)
            (0.103846 0.052941 -0.091697)
            (0.103846 0.052941 0.091697)
            (0.103846 0.056819 -0.015225)
            (0.103846 0.056819 0.015225)
            (0.103846 0.058232 -0.058232)
            (0.103846 0.058232 0.058232)
            (0.103846 0.058824 -0.101885)
            (0.103846 0.058824 0.000000)
            (0.103846 0.058824 0.101885)
            (0.103846 0.061131 -0.035294)
            (0.103846 0.061131 0.035294)
            (0.103846 0.064706 -0.112074)
            (0.103846 0.064706 0.112074)
            (0.103846 0.066551 -0.066551)
            (0.103846 0.066551 0.066551)
            (0.103846 0.068183 -0.018270)
            (0.103846 0.068183 0.018270)
            (0.103846 0.070588 -0.122262)
            (0.103846 0.070588 0.000000)
            (0.103846 0.070588 0.122262)
            (0.103846 0.071320 -0.041176)
            (0.103846 0.071320 0.041176)
            (0.103846 0.074870 -0.074870)
            (0.103846 0.074870 0.074870)
            (0.103846 0.076471 -0.132451)
            (0.103846 0.076471 0.132451)
            (0.103846 0.079547 -0.021315)
            (0.103846 0.079547 0.021315)
            (0.103846 0.081508 -0.047059)
            (0.103846 0.081508 0.047059)
            (0.103846 0.082353 -0.142639)
            (0.103846 0.082353 0.000000)
            (0.103846 0.082353 0.142639)
            (0.103846 0.083189 -0.083189)
            (0.103846 0.083189 0.083189)
            (0.103846 0.088235 -0.152828)
            (0.103846 0.088235 0.152828)
            (0.103846 0.090911 -0.024359)
            (0.103846 0.090911 0.024359)
            (0.103846 0.091508 -0.091508)
            (0.103846 0.091508 0.091508)
            (0.103846 0.091697 -0.052941)
            (0.103846 0.091697 0.052941)
            (0.103846 0.094118 -0.163017)
            (0.103846 0.094118 0.000000)
            (0.103846 0.094118 0.163017)
            (0.103846 0.099827 -0.099827)
            (0.103846 0.099827 0.099827)
            (0.103846 0.100000 -0.173205)
            (0.103846 0.100000 0.173205)
            (0.103846 0.101885 -0.058824)
            (0.103846 0.101885 0.058824)
            (0.103846 0.102274 -0.027404)
            (0.103846 0.102274 0.027404)
            (0.103846 0.105882 0.000000)
            (0.103846 0.108146 -0.108146)
            (0.103846 0.108146 0.108146)
            (0.103846 0.112074 -0.064706)
            (0.103846 0.112074 0.064706)
            (0.103846 0.113638 -0.030449)
            (0.103846 0.113638 0.030449)
            (0.103846 0.116465 -0.116465)
            (0.103846 0.116465 0.116465)
            (0.103846 0.117647 0.000000)
            (0.103846 0.122262 -0.070588)
            (0.103846 0.122262 0.070588)
            (0.103846 0.124784 -0.124784)
            (0.103846 0.124784 0.124784)
            (0.103846 0.125002 -0.033494)
            (0.103846 0.125002 0.033494)
            (0.103846 0.129412 0.000000)
            (0.103846 0.132451 -0.076471)
            (0.103846 0.132451 0.076471)
            (0.103846 0.133102 -0.133102)
            (0.103846 0.133102 0.133102)
            (0.103846 0.136366 -0.036539)
            (0.103846 0.136366 0.036539)
            (0.103846 0.141176 0.000000)
            (0.103846 0.141421 -0.141421)
            (0.103846 0.141421 0.141421)
            (0.103846 0.142639 -0.082353)
            (0.103846 0.142639 0.082353)
            (0.103846 0.147730 -0.039584)
            (0.103846 0.147730 0.039584)
            (0.103846 0.152828 -0.088235)
            (0.103846 0.152828 0.088235)
            (0.103846 0.152941 0.000000)
            (0.103846 0.159094 -0.042629)
            (0.103846 0.159094 0.042629)
            (0.103846 0.163017 -0.094118)
            (0.103846 0.163017 0.094118)
            (0.103846 0.164706 0.000000)
            (0.103846 0.170457 -0.045674)
            (0.103846 0.170457 0.045674)
            (0.103846 0.173205 -0.100000)
            (0.103846 0.173205 0.100000)
            (0.103846 0.176471 0.000000)
            (0.103846 0.181821 -0.048719)
            (0.103846 0.181821 0.048719)
            (0.103846 0.188235 0.000000)
            (0.103846 0.193185 -0.051764)
            (0.103846 0.193185 0.051764)
            (0.103846 0.200000 0.000000)
            (0.115385 -0.200000 0.000000)
            (0.115385 -0.193185 -0.051764)
            (0.115385 -0.193185 0.051764)
            (0.115385 -0.188235 0.000000)
            (0.115385 -0.181821 -0.048719)
            (0.115385 -0.181821 0.048719)
            (0.115385 -0.176471 0.000000)
            (0.115385 -0.173205 -0.100000)
            (0.115385 -0.173205 0.100000)
            (0.115385 -0.170457 -0.045674)
            (0.115385 -0.170457 0.045674)
            (0.115385 -0.164706 0.000000)
            (0.115385 -0.163017 -0.094118)
            (0.115385 -0.163017 0.094118)
            (0.115385 -0.159094 -0.042629)
            (0.115385 -0.159094 0.042629)
            (0.115385 -0.152941 0.000000)
            (0.115385 -0.152828 -0.088235)
            (0.115385 -0.152828 0.088235)
            (0.115385 -0.147730 -0.039584)
            (0.115385 -0.147730 0.039584)
            (0.115385 -0.142639 -0.082353)
            (0.115385 -0.142639 0.082353)
            (0.115385 -0.141421 -0.141421)
            (0.115385 -0.141421 0.141421)
            (0.115385 -0.141176 0.000000)
            (0.115385 -0.136366 -0.036539)
            (0.115385 -0.136366 0.036539)
            (0.115385 -0.133102 -0.133102)
            (0.115385 -0.133102 0.133102)
            (0.115385 -0.132451 -0.076471)
            (0.115385 -0.132451 0.076471)
            (0.115385 -0.129412 0.000000)
            (0.115385 -0.125002 -0.033494)
            (0.115385 -0.125002 0.033494)
            (0.115385 -0.124784 -0.124784)
            (0.115385 -0.124784 0.124784)
            (0.115385 -0.122262 -0.070588)
            (0.115385 -0.122262 0.070588)
            (0.115385 -0.117647 0.000000)
            (0.115385 -0.116465 -0.116465)
            (0.115385 -0.116465 0.116465)
            (0.115385 -0.113638 -0.030449)
            (0.115385 -0.113638 0.030449)
            (0.115385 -0.112074 -0.064706)
            (0.115385 -0.112074 0.064706)
            (0.115385 -0.108146 -0.108146)
            (0.115385 -0.108146 0.108146)
            (0.115385 -0.105882 0.000000)
            (0.115385 -0.102274 -0.027404)
            (0.115385 -0.102274 0.027404)
            (0.115385 -0.101885 -0.058824)
            (0.115385 -0.101885 0.058824)
            (0.115385 -0.100000 -0.173205)
            (0.115385 -0.100000 0.173205)
            (0.115385 -0.099827 -0.099827)
            (0.115385 -0.099827 0.099827)
            (0.115385 -0.094118 -0.163017)
            (0.115385 -0.094118 0.000000)
            (0.115385 -0.094118 0.163017)
            (0.115385 -0.091697 -0.052941)
            (0.115385 -0.091697 0.052941)
            (0.115385 -0.091508 -0.091508)
            (0.115385 -0.091508 0.091508)
            (0.115385 -0.090911 -0.024359)
            (0.115385 -0.090911 0.024359)
            (0.115385 -0.088235 -0.152828)
            (0.115385 -0.088235 0.152828)
            (0.115385 -0.083189 -0.083189)
            (0.115385 -0.083189 0.083189)
            (0.115385 -0.082353 -0.142639)
            (0.115385 -0.082353 0.000000)
            (0.115385 -0.082353 0.142639)
            (0.115385 -0.081508 -0.047059)
            (0.115385 -0.081508 0.047059)
            (0.115385 -0.079547 -0.021315)
            (0.115385 -0.079547 0.021315)
            (0.115385 -0.076471 -0.132451)
            (0.115385 -0.076471 0.132451)
            (0.115385 -0.074870 -0.074870)
            (0.115385 -0.074870 0.074870)
            (0.115385 -0.071320 -0.041176)
            (0.115385 -0.071320 0.041176)
            (0.115385 -0.070588 -0.122262)
            (0.115385 -0.070588 0.000000)
            (0.115385 -0.070588 0.122262)
            (0.115385 -0.068183 -0.018270)
            (0.115385 -0.068183 0.018270)
            (0.115385 -0.066551 -0.066551)
            (0.115385 -0.066551 0.066551)
            (0.115385 -0.064706 -0.112074)
            (0.115385 -0.064706 0.112074)
            (0.115385 -0.061131 -0.035294)
            (0.115385 -0.061131 0.035294)
            (0.115385 -0.058824 -0.101885)
            (0.115385 -0.058824 0.000000)
            (0.115385 -0.058824 0.101885)
            (0.115385 -0.058232 -0.058232)
            (0.115385 -0.058232 0.058232)
            (0.115385 -0.056819 -0.015225)
            (0.115385 -0.056819 0.015225)
            (0.115385 -0.052941 -0.091697)
            (0.115385 -0.052941 0.091697)
            (0.115385 -0.051764 -0.193185)
            (0.115385 -0.051764 0.193185)
            (0.115385 -0.050943 -0.029412)
            (0.115385 -0.050943 0.029412)
            (0.115385 -0.049913 -0.049913)
            (0.115385 -0.049913 0.049913)
            (0.115385 -0.048719 -0.181821)
            (0.115385 -0.048719 0.181821)
            (0.115385 -0.047059 -0.081508)
            (0.115385 -0.047059 0.000000)
            (0.115385 -0.047059 0.081508)
            (0.115385 -0.045674 -0.170457)
            (0.115385 -0.045674 0.170457)
            (0.115385 -0.045455 -0.012180)
            (0.115385 -0.045455 0.012180)
            (0.115385 -0.042629 -0.159094)
            (0.115385 -0.042629 0.159094)
            (0.115385 -0.041595 -0.041595)
            (0.115385 -0.041595 0.041595)
            (0.115385 -0.041176 -0.071320)
            (0.115385 -0.041176 0.071320)
            (0.115385 -0.040754 -0.023529)
            (0.115385 -0.040754 0.023529)
            (0.115385 -0.039584 -0.147730)
            (0.115385 -0.039584 0.147730)
            (0.115385 -0.036539 -0.136366)
            (0.115385 -0.036539 0.136366)
            (0.115385 -0.035294 -0.061131)
            (0.115385 -0.035294 0.000000)
            (0.115385 -0.035294 0.061131)
            (0.115385 -0.034091 -0.009135)
            (0.115385 -0.034091 0.009135)
            (0.115385 -0.033494 -0.125002)
            (0.115385 -0.033494 0.125002)
            (0.115385 -0.033276 -0.033276)
            (0.115385 -0.033276 0.033276)
            (0.115385 -0.030566 -0.017647)
            (0.115385 -0.030566 0.017647)
            (0.115385 -0.030449 -0.113638)
            (0.115385 -0.030449 0.113638)
            (0.115385 -0.029412 -0.050943)
            (0.115385 -0.029412 0.050943)
            (0.115385 -0.027404 -0.102274)
            (0.115385 -0.027404 0.102274)
            (0.115385 -0.024957 -0.024957)
            (0.115385 -0.024957 0.024957)
            (0.115385 -0.024359 -0.090911)
            (0.115385 -0.024359 0.090911)
            (0.115385 -0.023529 -0.040754)
            (0.115385 -0.023529 0.000000)
            (0.115385 -0.023529 0.040754)
            (0.115385 -0.022728 -0.006090)
            (0.115385 -0.022728 0.006090)
            (0.115385 -0.021315 -0.079547)
            (0.115385 -0.021315 0.079547)
            (0.115385 -0.020377 -0.011765)
            (0.115385 -0.020377 0.011765)
            (0.115385 -0.018270 -0.068183)
            (0.115385 -0.018270 0.068183)
            (0.115385 -0.017647 -0.030566)
            (0.115385 -0.017647 0.030566)
            (0.115385 -0.016638 -0.016638)
            (0.115385 -0.016638 0.016638)
            (0.115385 -0.015225 -0.056819)
            (0.115385 -0.015225 0.056819)
            (0.115385 -0.012180 -0.045455)
            (0.115385 -0.012180 0.045455)
            (0.115385 -0.011765 -0.020377)
            (0.115385 -0.011765 0.000000)
            (0.115385 -0.011765 0.020377)
            (0.115385 -0.011364 -0.003045)
            (0.115385 -0.011364 0.003045)
            (0.115385 -0.010189 -0.005882)
            (0.115385 -0.010189 0.005882)
            (0.115385 -0.009135 -0.034091)
            (0.115385 -0.009135 0.034091)
            (0.115385 -0.008319 -0.008319)
            (0.115385 -0.008319 0.008319)
            (0.115385 -0.006090 -0.022728)
            (0.115385 -0.006090 0.022728)
            (0.115385 -0.005882 -0.010189)
            (0.115385 -0.005882 0.010189)
            (0.115385 -0.003045 -0.011364)
            (0.115385 -0.003045 0.011364)
            (0.115385 -0.000000 -0.200000)
            (0.115385 -0.000000 -0.188235)
            (0.115385 -0.000000 -0.176471)
            (0.115385 -0.000000 -0.164706)
            (0.115385 -0.000000 -0.152941)
            (0.115385 -0.000000 -0.141176)
            (0.115385 -0.000000 -0.129412)
            (0.115385 -0.000000 -0.117647)
            (0.115385 -0.000000 -0.105882)
            (0.115385 -0.000000 -0.094118)
            (0.115385 -0.000000 -0.082353)
            (0.115385 -0.000000 -0.070588)
            (0.115385 -0.000000 -0.058824)
            (0.115385 -0.000000 -0.047059)
            (0.115385 -0.000000 -0.035294)
            (0.115385 -0.000000 -0.023529)
            (0.115385 -0.000000 -0.011765)
            (0.115385 0.000000 -0.000000)
            (0.115385 0.000000 0.011765)
            (0.115385 0.000000 0.023529)
            (0.115385 0.000000 0.035294)
            (0.115385 0.000000 0.047059)
            (0.115385 0.000000 0.058824)
            (0.115385 0.000000 0.070588)
            (0.115385 0.000000 0.082353)
            (0.115385 0.000000 0.094118)
            (0.115385 0.000000 0.105882)
            (0.115385 0.000000 0.117647)
            (0.115385 0.000000 0.129412)
            (0.115385 0.000000 0.141176)
            (0.115385 0.000000 0.152941)
            (0.115385 0.000000 0.164706)
            (0.115385 0.000000 0.176471)
            (0.115385 0.000000 0.188235)
            (0.115385 0.000000 0.200000)
            (0.115385 0.003045 -0.011364)
            (0.115385 0.003045 0.011364)
            (0.115385 0.005882 -0.010189)
            (0.115385 0.005882 0.010189)
            (0.115385 0.006090 -0.022728)
            (0.115385 0.006090 0.022728)
            (0.115385 0.008319 -0.008319)
            (0.115385 0.008319 0.008319)
            (0.115385 0.009135 -0.034091)
            (0.115385 0.009135 0.034091)
            (0.115385 0.010189 -0.005882)
            (0.115385 0.010189 0.005882)
            (0.115385 0.011364 -0.003045)
            (0.115385 0.011364 0.003045)
            (0.115385 0.011765 -0.020377)
            (0.115385 0.011765 0.000000)
            (0.115385 0.011765 0.020377)
            (0.115385 0.012180 -0.045455)
            (0.115385 0.012180 0.045455)
            (0.115385 0.015225 -0.056819)
            (0.115385 0.015225 0.056819)
            (0.115385 0.016638 -0.016638)
            (0.115385 0.016638 0.016638)
            (0.115385 0.017647 -0.030566)
            (0.115385 0.017647 0.030566)
            (0.115385 0.018270 -0.068183)
            (0.115385 0.018270 0.068183)
            (0.115385 0.020377 -0.011765)
            (0.115385 0.020377 0.011765)
            (0.115385 0.021315 -0.079547)
            (0.115385 0.021315 0.079547)
            (0.115385 0.022728 -0.006090)
            (0.115385 0.022728 0.006090)
            (0.115385 0.023529 -0.040754)
            (0.115385 0.023529 0.000000)
            (0.115385 0.023529 0.040754)
            (0.115385 0.024359 -0.090911)
            (0.115385 0.024359 0.090911)
            (0.115385 0.024957 -0.024957)
            (0.115385 0.024957 0.024957)
            (0.115385 0.027404 -0.102274)
            (0.115385 0.027404 0.102274)
            (0.115385 0.029412 -0.050943)
            (0.115385 0.029412 0.050943)
            (0.115385 0.030449 -0.113638)
            (0.115385 0.030449 0.113638)
            (0.115385 0.030566 -0.017647)
            (0.115385 0.030566 0.017647)
            (0.115385 0.033276 -0.033276)
            (0.115385 0.033276 0.033276)
            (0.115385 0.033494 -0.125002)
            (0.115385 0.033494 0.125002)
            (0.115385 0.034091 -0.009135)
            (0.115385 0.034091 0.009135)
            (0.115385 0.035294 -0.061131)
            (0.115385 0.035294 0.000000)
            (0.115385 0.035294 0.061131)
            (0.115385 0.036539 -0.136366)
            (0.115385 0.036539 0.136366)
            (0.115385 0.039584 -0.147730)
            (0.115385 0.039584 0.147730)
            (0.115385 0.040754 -0.023529)
            (0.115385 0.040754 0.023529)
            (0.115385 0.041176 -0.071320)
            (0.115385 0.041176 0.071320)
            (0.115385 0.041595 -0.041595)
            (0.115385 0.041595 0.041595)
            (0.115385 0.042629 -0.159094)
            (0.115385 0.042629 0.159094)
            (0.115385 0.045455 -0.012180)
            (0.115385 0.045455 0.012180)
            (0.115385 0.045674 -0.170457)
            (0.115385 0.045674 0.170457)
            (0.115385 0.047059 -0.081508)
            (0.115385 0.047059 0.000000)
            (0.115385 0.047059 0.081508)
            (0.115385 0.048719 -0.181821)
            (0.115385 0.048719 0.181821)
            (0.115385 0.049913 -0.049913)
            (0.115385 0.049913 0.049913)
            (0.115385 0.050943 -0.029412)
            (0.115385 0.050943 0.029412)
            (0.115385 0.051764 -0.193185)
            (0.115385 0.051764 0.193185)
            (0.115385 0.052941 -0.091697)
            (0.115385 0.052941 0.091697)
            (0.115385 0.056819 -0.015225)
            (0.115385 0.056819 0.015225)
            (0.115385 0.058232 -0.058232)
            (0.115385 0.058232 0.058232)
            (0.115385 0.058824 -0.101885)
            (0.115385 0.058824 0.000000)
            (0.115385 0.058824 0.101885)
            (0.115385 0.061131 -0.035294)
            (0.115385 0.061131 0.035294)
            (0.115385 0.064706 -0.112074)
            (0.115385 0.064706 0.112074)
            (0.115385 0.066551 -0.066551)
            (0.115385 0.066551 0.066551)
            (0.115385 0.068183 -0.018270)
            (0.115385 0.068183 0.018270)
            (0.115385 0.070588 -0.122262)
            (0.115385 0.070588 0.000000)
            (0.115385 0.070588 0.122262)
            (0.115385 0.071320 -0.041176)
            (0.115385 0.071320 0.041176)
            (0.115385 0.074870 -0.074870)
            (0.115385 0.074870 0.074870)
            (0.115385 0.076471 -0.132451)
            (0.115385 0.076471 0.132451)
            (0.115385 0.079547 -0.021315)
            (0.115385 0.079547 0.021315)
            (0.115385 0.081508 -0.047059)
            (0.115385 0.081508 0.047059)
            (0.115385 0.082353 -0.142639)
            (0.115385 0.082353 0.000000)
            (0.115385 0.082353 0.142639)
            (0.115385 0.083189 -0.083189)
            (0.115385 0.083189 0.083189)
            (0.115385 0.088235 -0.152828)
            (0.115385 0.088235 0.152828)
            (0.115385 0.090911 -0.024359)
            (0.115385 0.090911 0.024359)
            (0.115385 0.091508 -0.091508)
            (0.115385 0.091508 0.091508)
            (0.115385 0.091697 -0.052941)
            (0.115385 0.091697 0.052941)
            (0.115385 0.094118 -0.163017)
            (0.115385 0.094118 0.000000)
            (0.115385 0.094118 0.163017)
            (0.115385 0.099827 -0.099827)
            (0.115385 0.099827 0.099827)
            (0.115385 0.100000 -0.173205)
            (0.115385 0.100000 0.173205)
            (0.115385 0.101885 -0.058824)
            (0.115385 0.101885 0.058824)
            (0.115385 0.102274 -0.027404)
            (0.115385 0.102274 0.027404)
            (0.115385 0.105882 0.000000)
            (0.115385 0.108146 -0.108146)
            (0.115385 0.108146 0.108146)
            (0.115385 0.112074 -0.064706)
            (0.115385 0.112074 0.064706)
            (0.115385 0.113638 -0.030449)
            (0.115385 0.113638 0.030449)
            (0.115385 0.116465 -0.116465)
            (0.115385 0.116465 0.116465)
            (0.115385 0.117647 0.000000)
            (0.115385 0.122262 -0.070588)
            (0.115385 0.122262 0.070588)
            (0.115385 0.124784 -0.124784)
            (0.115385 0.124784 0.124784)
            (0.115385 0.125002 -0.033494)
            (0.115385 0.125002 0.033494)
            (0.115385 0.129412 0.000000)
            (0.115385 0.132451 -0.076471)
            (0.115385 0.132451 0.076471)
            (0.115385 0.133102 -0.133102)
            (0.115385 0.133102 0.133102)
            (0.115385 0.136366 -0.036539)
            (0.115385 0.136366 0.036539)
            (0.115385 0.141176 0.000000)
            (0.115385 0.141421 -0.141421)
            (0.115385 0.141421 0.141421)
            (0.115385 0.142639 -0.082353)
            (0.115385 0.142639 0.082353)
            (0.115385 0.147730 -0.039584)
            (0.115385 0.147730 0.039584)
            (0.115385 0.152828 -0.088235)
            (0.115385 0.152828 0.088235)
            (0.115385 0.152941 0.000000)
            (0.115385 0.159094 -0.042629)
            (0.115385 0.159094 0.042629)
            (0.115385 0.163017 -0.094118)
            (0.115385 0.163017 0.094118)
            (0.115385 0.164706 0.000000)
            (0.115385 0.170457 -0.045674)
            (0.115385 0.170457 0.045674)
            (0.115385 0.173205 -0.100000)
            (0.115385 0.173205 0.100000)
            (0.115385 0.176471 0.000000)
            (0.115385 0.181821 -0.048719)
            (0.115385 0.181821 0.048719)
            (0.115385 0.188235 0.000000)
            (0.115385 0.193185 -0.051764)
            (0.115385 0.193185 0.051764)
            (0.115385 0.200000 0.000000)
            (0.126923 -0.200000 0.000000)
            (0.126923 -0.193185 -0.051764)
            (0.126923 -0.193185 0.051764)
            (0.126923 -0.188235 0.000000)
            (0.126923 -0.181821 -0.048719)
            (0.126923 -0.181821 0.048719)
            (0.126923 -0.176471 0.000000)
            (0.126923 -0.173205 -0.100000)
            (0.126923 -0.173205 0.100000)
            (0.126923 -0.170457 -0.045674)
            (0.126923 -0.170457 0.045674)
            (0.126923 -0.164706 0.000000)
            (0.126923 -0.163017 -0.094118)
            (0.126923 -0.163017 0.094118)
            (0.126923 -0.159094 -0.042629)
            (0.126923 -0.159094 0.042629)
            (0.126923 -0.152941 0.000000)
            (0.126923 -0.152828 -0.088235)
            (0.126923 -0.152828 0.088235)
            (0.126923 -0.147730 -0.039584)
            (0.126923 -0.147730 0.039584)
            (0.126923 -0.142639 -0.082353)
            (0.126923 -0.142639 0.082353)
            (0.126923 -0.141421 -0.141421)
            (0.126923 -0.141421 0.141421)
            (0.126923 -0.141176 0.000000)
            (0.126923 -0.136366 -0.036539)
            (0.126923 -0.136366 0.036539)
            (0.126923 -0.133102 -0.133102)
            (0.126923 -0.133102 0.133102)
            (0.126923 -0.132451 -0.076471)
            (0.126923 -0.132451 0.076471)
            (0.126923 -0.129412 0.000000)
            (0.126923 -0.125002 -0.033494)
            (0.126923 -0.125002 0.033494)
            (0.126923 -0.124784 -0.124784)
            (0.126923 -0.124784 0.124784)
            (0.126923 -0.122262 -0.070588)
            (0.126923 -0.122262 0.070588)
            (0.126923 -0.117647 0.000000)
            (0.126923 -0.116465 -0.116465)
            (0.126923 -0.116465 0.116465)
            (0.126923 -0.113638 -0.030449)
            (0.126923 -0.113638 0.030449)
            (0.126923 -0.112074 -0.064706)
            (0.126923 -0.112074 0.064706)
            (0.126923 -0.108146 -0.108146)
            (0.126923 -0.108146 0.108146)
            (0.126923 -0.105882 0.000000)
            (0.126923 -0.102274 -0.027404)
            (0.126923 -0.102274 0.027404)
            (0.126923 -0.101885 -0.058824)
            (0.126923 -0.101885 0.058824)
            (0.126923 -0.100000 -0.173205)
            (0.126923 -0.100000 0.173205)
            (0.126923 -0.099827 -0.099827)
            (0.126923 -0.099827 0.099827)
            (0.126923 -0.094118 -0.163017)
            (0.126923 -0.094118 0.000000)
            (0.126923 -0.094118 0.163017)
            (0.126923 -0.091697 -0.052941)
            (0.126923 -0.091697 0.052941)
            (0.126923 -0.091508 -0.091508)
            (0.126923 -0.091508 0.091508)
            (0.126923 -0.090911 -0.024359)
            (0.126923 -0.090911 0.024359)
            (0.126923 -0.088235 -0.152828)
            (0.126923 -0.088235 0.152828)
            (0.126923 -0.083189 -0.083189)
            (0.126923 -0.083189 0.083189)
            (0.126923 -0.082353 -0.142639)
            (0.126923 -0.082353 0.000000)
            (0.126923 -0.082353 0.142639)
            (0.126923 -0.081508 -0.047059)
            (0.126923 -0.081508 0.047059)
            (0.126923 -0.079547 -0.021315)
            (0.126923 -0.079547 0.021315)
            (0.126923 -0.076471 -0.132451)
            (0.126923 -0.076471 0.132451)
            (0.126923 -0.074870 -0.074870)
            (0.126923 -0.074870 0.074870)
            (0.126923 -0.071320 -0.041176)
            (0.126923 -0.071320 0.041176)
            (0.126923 -0.070588 -0.122262)
            (0.126923 -0.070588 0.000000)
            (0.126923 -0.070588 0.122262)
            (0.126923 -0.068183 -0.018270)
            (0.126923 -0.068183 0.018270)
            (0.126923 -0.066551 -0.066551)
            (0.126923 -0.066551 0.066551)
            (0.126923 -0.064706 -0.112074)
            (0.126923 -0.064706 0.112074)
            (0.126923 -0.061131 -0.035294)
            (0.126923 -0.061131 0.035294)
            (0.126923 -0.058824 -0.101885)
            (0.126923 -0.058824 0.000000)
            (0.126923 -0.058824 0.101885)
            (0.126923 -0.058232 -0.058232)
            (0.126923 -0.058232 0.058232)
            (0.126923 -0.056819 -0.015225)
            (0.126923 -0.056819 0.015225)
            (0.126923 -0.052941 -0.091697)
            (0.126923 -0.052941 0.091697)
            (0.126923 -0.051764 -0.193185)
            (0.126923 -0.051764 0.193185)
            (0.126923 -0.050943 -0.029412)
            (0.126923 -0.050943 0.029412)
            (0.126923 -0.049913 -0.049913)
            (0.126923 -0.049913 0.049913)
            (0.126923 -0.048719 -0.181821)
            (0.126923 -0.048719 0.181821)
            (0.126923 -0.047059 -0.081508)
            (0.126923 -0.047059 0.000000)
            (0.126923 -0.047059 0.081508)
            (0.126923 -0.045674 -0.170457)
            (0.126923 -0.045674 0.170457)
            (0.126923 -0.045455 -0.012180)
            (0.126923 -0.045455 0.012180)
            (0.126923 -0.042629 -0.159094)
            (0.126923 -0.042629 0.159094)
            (0.126923 -0.041595 -0.041595)
            (0.126923 -0.041595 0.041595)
            (0.126923 -0.041176 -0.071320)
            (0.126923 -0.041176 0.071320)
            (0.126923 -0.040754 -0.023529)
            (0.126923 -0.040754 0.023529)
            (0.126923 -0.039584 -0.147730)
            (0.126923 -0.039584 0.147730)
            (0.126923 -0.036539 -0.136366)
            (0.126923 -0.036539 0.136366)
            (0.126923 -0.035294 -0.061131)
            (0.126923 -0.035294 0.000000)
            (0.126923 -0.035294 0.061131)
            (0.126923 -0.034091 -0.009135)
            (0.126923 -0.034091 0.009135)
            (0.126923 -0.033494 -0.125002)
            (0.126923 -0.033494 0.125002)
            (0.126923 -0.033276 -0.033276)
            (0.126923 -0.033276 0.033276)
            (0.126923 -0.030566 -0.017647)
            (0.126923 -0.030566 0.017647)
            (0.126923 -0.030449 -0.113638)
            (0.126923 -0.030449 0.113638)
            (0.126923 -0.029412 -0.050943)
            (0.126923 -0.029412 0.050943)
            (0.126923 -0.027404 -0.102274)
            (0.126923 -0.027404 0.102274)
            (0.126923 -0.024957 -0.024957)
            (0.126923 -0.024957 0.024957)
            (0.126923 -0.024359 -0.090911)
            (0.126923 -0.024359 0.090911)
            (0.126923 -0.023529 -0.040754)
            (0.126923 -0.023529 0.000000)
            (0.126923 -0.023529 0.040754)
            (0.126923 -0.022728 -0.006090)
            (0.126923 -0.022728 0.006090)
            (0.126923 -0.021315 -0.079547)
            (0.126923 -0.021315 0.079547)
            (0.126923 -0.020377 -0.011765)
            (0.126923 -0.020377 0.011765)
            (0.126923 -0.018270 -0.068183)
            (0.126923 -0.018270 0.068183)
            (0.126923 -0.017647 -0.030566)
            (0.126923 -0.017647 0.030566)
            (0.126923 -0.016638 -0.016638)
            (0.126923 -0.016638 0.016638)
            (0.126923 -0.015225 -0.056819)
            (0.126923 -0.015225 0.056819)
            (0.126923 -0.012180 -0.045455)
            (0.126923 -0.012180 0.045455)
            (0.126923 -0.011765 -0.020377)
            (0.126923 -0.011765 0.000000)
            (0.126923 -0.011765 0.020377)
            (0.126923 -0.011364 -0.003045)
            (0.126923 -0.011364 0.003045)
            (0.126923 -0.010189 -0.005882)
            (0.126923 -0.010189 0.005882)
            (0.126923 -0.009135 -0.034091)
            (0.126923 -0.009135 0.034091)
            (0.126923 -0.008319 -0.008319)
            (0.126923 -0.008319 0.008319)
            (0.126923 -0.006090 -0.022728)
            (0.126923 -0.006090 0.022728)
            (0.126923 -0.005882 -0.010189)
            (0.126923 -0.005882 0.010189)
            (0.126923 -0.003045 -0.011364)
            (0.126923 -0.003045 0.011364)
            (0.126923 -0.000000 -0.200000)
            (0.126923 -0.000000 -0.188235)
            (0.126923 -0.000000 -0.176471)
            (0.126923 -0.000000 -0.164706)
            (0.126923 -0.000000 -0.152941)
            (0.126923 -0.000000 -0.141176)
            (0.126923 -0.000000 -0.129412)
            (0.126923 -0.000000 -0.117647)
            (0.126923 -0.000000 -0.105882)
            (0.126923 -0.000000 -0.094118)
            (0.126923 -0.000000 -0.082353)
            (0.126923 -0.000000 -0.070588)
            (0.126923 -0.000000 -0.058824)
            (0.126923 -0.000000 -0.047059)
            (0.126923 -0.000000 -0.035294)
            (0.126923 -0.000000 -0.023529)
            (0.126923 -0.000000 -0.011765)
            (0.126923 0.000000 -0.000000)
            (0.126923 0.000000 0.011765)
            (0.126923 0.000000 0.023529)
            (0.126923 0.000000 0.035294)
            (0.126923 0.000000 0.047059)
            (0.126923 0.000000 0.058824)
            (0.126923 0.000000 0.070588)
            (0.126923 0.000000 0.082353)
            (0.126923 0.000000 0.094118)
            (0.126923 0.000000 0.105882)
            (0.126923 0.000000 0.117647)
            (0.126923 0.000000 0.129412)
            (0.126923 0.000000 0.141176)
            (0.126923 0.000000 0.152941)
            (0.126923 0.000000 0.164706)
            (0.126923 0.000000 0.176471)
            (0.126923 0.000000 0.188235)
            (0.126923 0.000000 0.200000)
            (0.126923 0.003045 -0.011364)
            (0.126923 0.003045 0.011364)
            (0.126923 0.005882 -0.010189)
            (0.126923 0.005882 0.010189)
            (0.126923 0.006090 -0.022728)
            (0.126923 0.006090 0.022728)
            (0.126923 0.008319 -0.008319)
            (0.126923 0.008319 0.008319)
            (0.126923 0.009135 -0.034091)
            (0.126923 0.009135 0.034091)
            (0.126923 0.010189 -0.005882)
            (0.126923 0.010189 0.005882)
            (0.126923 0.011364 -0.003045)
            (0.126923 0.011364 0.003045)
            (0.126923 0.011765 -0.020377)
            (0.126923 0.011765 0.000000)
            (0.126923 0.011765 0.020377)
            (0.126923 0.012180 -0.045455)
            (0.126923 0.012180 0.045455)
            (0.126923 0.015225 -0.056819)
            (0.126923 0.015225 0.056819)
            (0.126923 0.016638 -0.016638)
            (0.126923 0.016638 0.016638)
            (0.126923 0.017647 -0.030566)
            (0.126923 0.017647 0.030566)
            (0.126923 0.018270 -0.068183)
            (0.126923 0.018270 0.068183)
            (0.126923 0.020377 -0.011765)
            (0.126923 0.020377 0.011765)
            (0.126923 0.021315 -0.079547)
            (0.126923 0.021315 0.079547)
            (0.126923 0.022728 -0.006090)
            (0.126923 0.022728 0.006090)
            (0.126923 0.023529 -0.040754)
            (0.126923 0.023529 0.000000)
            (0.126923 0.023529 0.040754)
            (0.126923 0.024359 -0.090911)
            (0.126923 0.024359 0.090911)
            (0.126923 0.024957 -0.024957)
            (0.126923 0.024957 0.024957)
            (0.126923 0.027404 -0.102274)
            (0.126923 0.027404 0.102274)
            (0.126923 0.029412 -0.050943)
            (0.126923 0.029412 0.050943)
            (0.126923 0.030449 -0.113638)
            (0.126923 0.030449 0.113638)
            (0.126923 0.030566 -0.017647)
            (0.126923 0.030566 0.017647)
            (0.126923 0.033276 -0.033276)
            (0.126923 0.033276 0.033276)
            (0.126923 0.033494 -0.125002)
            (0.126923 0.033494 0.125002)
            (0.126923 0.034091 -0.009135)
            (0.126923 0.034091 0.009135)
            (0.126923 0.035294 -0.061131)
            (0.126923 0.035294 0.000000)
            (0.126923 0.035294 0.061131)
            (0.126923 0.036539 -0.136366)
            (0.126923 0.036539 0.136366)
            (0.126923 0.039584 -0.147730)
            (0.126923 0.039584 0.147730)
            (0.126923 0.040754 -0.023529)
            (0.126923 0.040754 0.023529)
            (0.126923 0.041176 -0.071320)
            (0.126923 0.041176 0.071320)
            (0.126923 0.041595 -0.041595)
            (0.126923 0.041595 0.041595)
            (0.126923 0.042629 -0.159094)
            (0.126923 0.042629 0.159094)
            (0.126923 0.045455 -0.012180)
            (0.126923 0.045455 0.012180)
            (0.126923 0.045674 -0.170457)
            (0.126923 0.045674 0.170457)
            (0.126923 0.047059 -0.081508)
            (0.126923 0.047059 0.000000)
            (0.126923 0.047059 0.081508)
            (0.126923 0.048719 -0.181821)
            (0.126923 0.048719 0.181821)
            (0.126923 0.049913 -0.049913)
            (0.126923 0.049913 0.049913)
            (0.126923 0.050943 -0.029412)
            (0.126923 0.050943 0.029412)
            (0.126923 0.051764 -0.193185)
            (0.126923 0.051764 0.193185)
            (0.126923 0.052941 -0.091697)
            (0.126923 0.052941 0.091697)
            (0.126923 0.056819 -0.015225)
            (0.126923 0.056819 0.015225)
            (0.126923 0.058232 -0.058232)
            (0.126923 0.058232 0.058232)
            (0.126923 0.058824 -0.101885)
            (0.126923 0.058824 0.000000)
            (0.126923 0.058824 0.101885)
            (0.126923 0.061131 -0.035294)
            (0.126923 0.061131 0.035294)
            (0.126923 0.064706 -0.112074)
            (0.126923 0.064706 0.112074)
            (0.126923 0.066551 -0.066551)
            (0.126923 0.066551 0.066551)
            (0.126923 0.068183 -0.018270)
            (0.126923 0.068183 0.018270)
            (0.126923 0.070588 -0.122262)
            (0.126923 0.070588 0.000000)
            (0.126923 0.070588 0.122262)
            (0.126923 0.071320 -0.041176)
            (0.126923 0.071320 0.041176)
            (0.126923 0.074870 -0.074870)
            (0.126923 0.074870 0.074870)
            (0.126923 0.076471 -0.132451)
            (0.126923 0.076471 0.132451)
            (0.126923 0.079547 -0.021315)
            (0.126923 0.079547 0.021315)
            (0.126923 0.081508 -0.047059)
            (0.126923 0.081508 0.047059)
            (0.126923 0.082353 -0.142639)
            (0.126923 0.082353 0.000000)
            (0.126923 0.082353 0.142639)
            (0.126923 0.083189 -0.083189)
            (0.126923 0.083189 0.083189)
            (0.126923 0.088235 -0.152828)
            (0.126923 0.088235 0.152828)
            (0.126923 0.090911 -0.024359)
            (0.126923 0.090911 0.024359)
            (0.126923 0.091508 -0.091508)
            (0.126923 0.091508 0.091508)
            (0.126923 0.091697 -0.052941)
            (0.126923 0.091697 0.052941)
            (0.126923 0.094118 -0.163017)
            (0.126923 0.094118 0.000000)
            (0.126923 0.094118 0.163017)
            (0.126923 0.099827 -0.099827)
            (0.126923 0.099827 0.099827)
            (0.126923 0.100000 -0.173205)
            (0.126923 0.100000 0.173205)
            (0.126923 0.101885 -0.058824)
            (0.126923 0.101885 0.058824)
            (0.126923 0.102274 -0.027404)
            (0.126923 0.102274 0.027404)
            (0.126923 0.105882 0.000000)
            (0.126923 0.108146 -0.108146)
            (0.126923 0.108146 0.108146)
            (0.126923 0.112074 -0.064706)
            (0.126923 0.112074 0.064706)
            (0.126923 0.113638 -0.030449)
            (0.126923 0.113638 0.030449)
            (0.126923 0.116465 -0.116465)
            (0.126923 0.116465 0.116465)
            (0.126923 0.117647 0.000000)
            (0.126923 0.122262 -0.070588)
            (0.126923 0.122262 0.070588)
            (0.126923 0.124784 -0.124784)
            (0.126923 0.124784 0.124784)
            (0.126923 0.125002 -0.033494)
            (0.126923 0.125002 0.033494)
            (0.126923 0.129412 0.000000)
            (0.126923 0.132451 -0.076471)
            (0.126923 0.132451 0.076471)
            (0.126923 0.133102 -0.133102)
            (0.126923 0.133102 0.133102)
            (0.126923 0.136366 -0.036539)
            (0.126923 0.136366 0.036539)
            (0.126923 0.141176 0.000000)
            (0.126923 0.141421 -0.141421)
            (0.126923 0.141421 0.141421)
            (0.126923 0.142639 -0.082353)
            (0.126923 0.142639 0.082353)
            (0.126923 0.147730 -0.039584)
            (0.126923 0.147730 0.039584)
            (0.126923 0.152828 -0.088235)
            (0.126923 0.152828 0.088235)
            (0.126923 0.152941 0.000000)
            (0.126923 0.159094 -0.042629)
            (0.126923 0.159094 0.042629)
            (0.126923 0.163017 -0.094118)
            (0.126923 0.163017 0.094118)
            (0.126923 0.164706 0.000000)
            (0.126923 0.170457 -0.045674)
            (0.126923 0.170457 0.045674)
            (0.126923 0.173205 -0.100000)
            (0.126923 0.173205 0.100000)
            (0.126923 0.176471 0.000000)
            (0.126923 0.181821 -0.048719)
            (0.126923 0.181821 0.048719)
            (0.126923 0.188235 0.000000)
            (0.126923 0.193185 -0.051764)
            (0.126923 0.193185 0.051764)
            (0.126923 0.200000 0.000000)
            (0.138462 -0.200000 0.000000)
            (0.138462 -0.193185 -0.051764)
            (0.138462 -0.193185 0.051764)
            (0.138462 -0.188235 0.000000)
            (0.138462 -0.181821 -0.048719)
            (0.138462 -0.181821 0.048719)
            (0.138462 -0.176471 0.000000)
            (0.138462 -0.173205 -0.100000)
            (0.138462 -0.173205 0.100000)
            (0.138462 -0.170457 -0.045674)
            (0.138462 -0.170457 0.045674)
            (0.138462 -0.164706 0.000000)
            (0.138462 -0.163017 -0.094118)
            (0.138462 -0.163017 0.094118)
            (0.138462 -0.159094 -0.042629)
            (0.138462 -0.159094 0.042629)
            (0.138462 -0.152941 0.000000)
            (0.138462 -0.152828 -0.088235)
            (0.138462 -0.152828 0.088235)
            (0.138462 -0.147730 -0.039584)
            (0.138462 -0.147730 0.039584)
            (0.138462 -0.142639 -0.082353)
            (0.138462 -0.142639 0.082353)
            (0.138462 -0.141421 -0.141421)
            (0.138462 -0.141421 0.141421)
            (0.138462 -0.141176 0.000000)
            (0.138462 -0.136366 -0.036539)
            (0.138462 -0.136366 0.036539)
            (0.138462 -0.133102 -0.133102)
            (0.138462 -0.133102 0.133102)
            (0.138462 -0.132451 -0.076471)
            (0.138462 -0.132451 0.076471)
            (0.138462 -0.129412 0.000000)
            (0.138462 -0.125002 -0.033494)
            (0.138462 -0.125002 0.033494)
            (0.138462 -0.124784 -0.124784)
            (0.138462 -0.124784 0.124784)
            (0.138462 -0.122262 -0.070588)
            (0.138462 -0.122262 0.070588)
            (0.138462 -0.117647 0.000000)
            (0.138462 -0.116465 -0.116465)
            (0.138462 -0.116465 0.116465)
            (0.138462 -0.113638 -0.030449)
            (0.138462 -0.113638 0.030449)
            (0.138462 -0.112074 -0.064706)
            (0.138462 -0.112074 0.064706)
            (0.138462 -0.108146 -0.108146)
            (0.138462 -0.108146 0.108146)
            (0.138462 -0.105882 0.000000)
            (0.138462 -0.102274 -0.027404)
            (0.138462 -0.102274 0.027404)
            (0.138462 -0.101885 -0.058824)
            (0.138462 -0.101885 0.058824)
            (0.138462 -0.100000 -0.173205)
            (0.138462 -0.100000 0.173205)
            (0.138462 -0.099827 -0.099827)
            (0.138462 -0.099827 0.099827)
            (0.138462 -0.094118 -0.163017)
            (0.138462 -0.094118 0.000000)
            (0.138462 -0.094118 0.163017)
            (0.138462 -0.091697 -0.052941)
            (0.138462 -0.091697 0.052941)
            (0.138462 -0.091508 -0.091508)
            (0.138462 -0.091508 0.091508)
            (0.138462 -0.090911 -0.024359)
            (0.138462 -0.090911 0.024359)
            (0.138462 -0.088235 -0.152828)
            (0.138462 -0.088235 0.152828)
            (0.138462 -0.083189 -0.083189)
            (0.138462 -0.083189 0.083189)
            (0.138462 -0.082353 -0.142639)
            (0.138462 -0.082353 0.000000)
            (0.138462 -0.082353 0.142639)
            (0.138462 -0.081508 -0.047059)
            (0.138462 -0.081508 0.047059)
            (0.138462 -0.079547 -0.021315)
            (0.138462 -0.079547 0.021315)
            (0.138462 -0.076471 -0.132451)
            (0.138462 -0.076471 0.132451)
            (0.138462 -0.074870 -0.074870)
            (0.138462 -0.074870 0.074870)
            (0.138462 -0.071320 -0.041176)
            (0.138462 -0.071320 0.041176)
            (0.138462 -0.070588 -0.122262)
            (0.138462 -0.070588 0.000000)
            (0.138462 -0.070588 0.122262)
            (0.138462 -0.068183 -0.018270)
            (0.138462 -0.068183 0.018270)
            (0.138462 -0.066551 -0.066551)
            (0.138462 -0.066551 0.066551)
            (0.138462 -0.064706 -0.112074)
            (0.138462 -0.064706 0.112074)
            (0.138462 -0.061131 -0.035294)
            (0.138462 -0.061131 0.035294)
            (0.138462 -0.058824 -0.101885)
            (0.138462 -0.058824 0.000000)
            (0.138462 -0.058824 0.101885)
            (0.138462 -0.058232 -0.058232)
            (0.138462 -0.058232 0.058232)
            (0.138462 -0.056819 -0.015225)
            (0.138462 -0.056819 0.015225)
            (0.138462 -0.052941 -0.091697)
            (0.138462 -0.052941 0.091697)
            (0.138462 -0.051764 -0.193185)
            (0.138462 -0.051764 0.193185)
            (0.138462 -0.050943 -0.029412)
            (0.138462 -0.050943 0.029412)
            (0.138462 -0.049913 -0.049913)
            (0.138462 -0.049913 0.049913)
            (0.138462 -0.048719 -0.181821)
            (0.138462 -0.048719 0.181821)
            (0.138462 -0.047059 -0.081508)
            (0.138462 -0.047059 0.000000)
            (0.138462 -0.047059 0.081508)
            (0.138462 -0.045674 -0.170457)
            (0.138462 -0.045674 0.170457)
            (0.138462 -0.045455 -0.012180)
            (0.138462 -0.045455 0.012180)
            (0.138462 -0.042629 -0.159094)
            (0.138462 -0.042629 0.159094)
            (0.138462 -0.041595 -0.041595)
            (0.138462 -0.041595 0.041595)
            (0.138462 -0.041176 -0.071320)
            (0.138462 -0.041176 0.071320)
            (0.138462 -0.040754 -0.023529)
            (0.138462 -0.040754 0.023529)
            (0.138462 -0.039584 -0.147730)
            (0.138462 -0.039584 0.147730)
            (0.138462 -0.036539 -0.136366)
            (0.138462 -0.036539 0.136366)
            (0.138462 -0.035294 -0.061131)
            (0.138462 -0.035294 0.000000)
            (0.138462 -0.035294 0.061131)
            (0.138462 -0.034091 -0.009135)
            (0.138462 -0.034091 0.009135)
            (0.138462 -0.033494 -0.125002)
            (0.138462 -0.033494 0.125002)
            (0.138462 -0.033276 -0.033276)
            (0.138462 -0.033276 0.033276)
            (0.138462 -0.030566 -0.017647)
            (0.138462 -0.030566 0.017647)
            (0.138462 -0.030449 -0.113638)
            (0.138462 -0.030449 0.113638)
            (0.138462 -0.029412 -0.050943)
            (0.138462 -0.029412 0.050943)
            (0.138462 -0.027404 -0.102274)
            (0.138462 -0.027404 0.102274)
            (0.138462 -0.024957 -0.024957)
            (0.138462 -0.024957 0.024957)
            (0.138462 -0.024359 -0.090911)
            (0.138462 -0.024359 0.090911)
            (0.138462 -0.023529 -0.040754)
            (0.138462 -0.023529 0.000000)
            (0.138462 -0.023529 0.040754)
            (0.138462 -0.022728 -0.006090)
            (0.138462 -0.022728 0.006090)
            (0.138462 -0.021315 -0.079547)
            (0.138462 -0.021315 0.079547)
            (0.138462 -0.020377 -0.011765)
            (0.138462 -0.020377 0.011765)
            (0.138462 -0.018270 -0.068183)
            (0.138462 -0.018270 0.068183)
            (0.138462 -0.017647 -0.030566)
            (0.138462 -0.017647 0.030566)
            (0.138462 -0.016638 -0.016638)
            (0.138462 -0.016638 0.016638)
            (0.138462 -0.015225 -0.056819)
            (0.138462 -0.015225 0.056819)
            (0.138462 -0.012180 -0.045455)
            (0.138462 -0.012180 0.045455)
            (0.138462 -0.011765 -0.020377)
            (0.138462 -0.011765 0.000000)
            (0.138462 -0.011765 0.020377)
            (0.138462 -0.011364 -0.003045)
            (0.138462 -0.011364 0.003045)
            (0.138462 -0.010189 -0.005882)
            (0.138462 -0.010189 0.005882)
            (0.138462 -0.009135 -0.034091)
            (0.138462 -0.009135 0.034091)
            (0.138462 -0.008319 -0.008319)
            (0.138462 -0.008319 0.008319)
            (0.138462 -0.006090 -0.022728)
            (0.138462 -0.006090 0.022728)
            (0.138462 -0.005882 -0.010189)
            (0.138462 -0.005882 0.010189)
            (0.138462 -0.003045 -0.011364)
            (0.138462 -0.003045 0.011364)
            (0.138462 -0.000000 -0.200000)
            (0.138462 -0.000000 -0.188235)
            (0.138462 -0.000000 -0.176471)
            (0.138462 -0.000000 -0.164706)
            (0.138462 -0.000000 -0.152941)
            (0.138462 -0.000000 -0.141176)
            (0.138462 -0.000000 -0.129412)
            (0.138462 -0.000000 -0.117647)
            (0.138462 -0.000000 -0.105882)
            (0.138462 -0.000000 -0.094118)
            (0.138462 -0.000000 -0.082353)
            (0.138462 -0.000000 -0.070588)
            (0.138462 -0.000000 -0.058824)
            (0.138462 -0.000000 -0.047059)
            (0.138462 -0.000000 -0.035294)
            (0.138462 -0.000000 -0.023529)
            (0.138462 -0.000000 -0.011765)
            (0.138462 -0.000000 -0.000000)
            (0.138462 0.000000 0.011765)
            (0.138462 0.000000 0.023529)
            (0.138462 0.000000 0.035294)
            (0.138462 0.000000 0.047059)
            (0.138462 0.000000 0.058824)
            (0.138462 0.000000 0.070588)
            (0.138462 0.000000 0.082353)
            (0.138462 0.000000 0.094118)
            (0.138462 0.000000 0.105882)
            (0.138462 0.000000 0.117647)
            (0.138462 0.000000 0.129412)
            (0.138462 0.000000 0.141176)
            (0.138462 0.000000 0.152941)
            (0.138462 0.000000 0.164706)
            (0.138462 0.000000 0.176471)
            (0.138462 0.000000 0.188235)
            (0.138462 0.000000 0.200000)
            (0.138462 0.003045 -0.011364)
            (0.138462 0.003045 0.011364)
            (0.138462 0.005882 -0.010189)
            (0.138462 0.005882 0.010189)
            (0.138462 0.006090 -0.022728)
            (0.138462 0.006090 0.022728)
            (0.138462 0.008319 -0.008319)
            (0.138462 0.008319 0.008319)
            (0.138462 0.009135 -0.034091)
            (0.138462 0.009135 0.034091)
            (0.138462 0.010189 -0.005882)
            (0.138462 0.010189 0.005882)
            (0.138462 0.011364 -0.003045)
            (0.138462 0.011364 0.003045)
            (0.138462 0.011765 -0.020377)
            (0.138462 0.011765 0.000000)
            (0.138462 0.011765 0.020377)
            (0.138462 0.012180 -0.045455)
            (0.138462 0.012180 0.045455)
            (0.138462 0.015225 -0.056819)
            (0.138462 0.015225 0.056819)
            (0.138462 0.016638 -0.016638)
            (0.138462 0.016638 0.016638)
            (0.138462 0.017647 -0.030566)
            (0.138462 0.017647 0.030566)
            (0.138462 0.018270 -0.068183)
            (0.138462 0.018270 0.068183)
            (0.138462 0.020377 -0.011765)
            (0.138462 0.020377 0.011765)
            (0.138462 0.021315 -0.079547)
            (0.138462 0.021315 0.079547)
            (0.138462 0.022728 -0.006090)
            (0.138462 0.022728 0.006090)
            (0.138462 0.023529 -0.040754)
            (0.138462 0.023529 0.000000)
            (0.138462 0.023529 0.040754)
            (0.138462 0.024359 -0.090911)
            (0.138462 0.024359 0.090911)
            (0.138462 0.024957 -0.024957)
            (0.138462 0.024957 0.024957)
            (0.138462 0.027404 -0.102274)
            (0.138462 0.027404 0.102274)
            (0.138462 0.029412 -0.050943)
            (0.138462 0.029412 0.050943)
            (0.138462 0.030449 -0.113638)
            (0.138462 0.030449 0.113638)
            (0.138462 0.030566 -0.017647)
            (0.138462 0.030566 0.017647)
            (0.138462 0.033276 -0.033276)
            (0.138462 0.033276 0.033276)
            (0.138462 0.033494 -0.125002)
            (0.138462 0.033494 0.125002)
            (0.138462 0.034091 -0.009135)
            (0.138462 0.034091 0.009135)
            (0.138462 0.035294 -0.061131)
            (0.138462 0.035294 0.000000)
            (0.138462 0.035294 0.061131)
            (0.138462 0.036539 -0.136366)
            (0.138462 0.036539 0.136366)
            (0.138462 0.039584 -0.147730)
            (0.138462 0.039584 0.147730)
            (0.138462 0.040754 -0.023529)
            (0.138462 0.040754 0.023529)
            (0.138462 0.041176 -0.071320)
            (0.138462 0.041176 0.071320)
            (0.138462 0.041595 -0.041595)
            (0.138462 0.041595 0.041595)
            (0.138462 0.042629 -0.159094)
            (0.138462 0.042629 0.159094)
            (0.138462 0.045455 -0.012180)
            (0.138462 0.045455 0.012180)
            (0.138462 0.045674 -0.170457)
            (0.138462 0.045674 0.170457)
            (0.138462 0.047059 -0.081508)
            (0.138462 0.047059 0.000000)
            (0.138462 0.047059 0.081508)
            (0.138462 0.048719 -0.181821)
            (0.138462 0.048719 0.181821)
            (0.138462 0.049913 -0.049913)
            (0.138462 0.049913 0.049913)
            (0.138462 0.050943 -0.029412)
            (0.138462 0.050943 0.029412)
            (0.138462 0.051764 -0.193185)
            (0.138462 0.051764 0.193185)
            (0.138462 0.052941 -0.091697)
            (0.138462 0.052941 0.091697)
            (0.138462 0.056819 -0.015225)
            (0.138462 0.056819 0.015225)
            (0.138462 0.058232 -0.058232)
            (0.138462 0.058232 0.058232)
            (0.138462 0.058824 -0.101885)
            (0.138462 0.058824 0.000000)
            (0.138462 0.058824 0.101885)
            (0.138462 0.061131 -0.035294)
            (0.138462 0.061131 0.035294)
            (0.138462 0.064706 -0.112074)
            (0.138462 0.064706 0.112074)
            (0.138462 0.066551 -0.066551)
            (0.138462 0.066551 0.066551)
            (0.138462 0.068183 -0.018270)
            (0.138462 0.068183 0.018270)
            (0.138462 0.070588 -0.122262)
            (0.138462 0.070588 0.000000)
            (0.138462 0.070588 0.122262)
            (0.138462 0.071320 -0.041176)
            (0.138462 0.071320 0.041176)
            (0.138462 0.074870 -0.074870)
            (0.138462 0.074870 0.074870)
            (0.138462 0.076471 -0.132451)
            (0.138462 0.076471 0.132451)
            (0.138462 0.079547 -0.021315)
            (0.138462 0.079547 0.021315)
            (0.138462 0.081508 -0.047059)
            (0.138462 0.081508 0.047059)
            (0.138462 0.082353 -0.142639)
            (0.138462 0.082353 0.000000)
            (0.138462 0.082353 0.142639)
            (0.138462 0.083189 -0.083189)
            (0.138462 0.083189 0.083189)
            (0.138462 0.088235 -0.152828)
            (0.138462 0.088235 0.152828)
            (0.138462 0.090911 -0.024359)
            (0.138462 0.090911 0.024359)
            (0.138462 0.091508 -0.091508)
            (0.138462 0.091508 0.091508)
            (0.138462 0.091697 -0.052941)
            (0.138462 0.091697 0.052941)
            (0.138462 0.094118 -0.163017)
            (0.138462 0.094118 0.000000)
            (0.138462 0.094118 0.163017)
            (0.138462 0.099827 -0.099827)
            (0.138462 0.099827 0.099827)
            (0.138462 0.100000 -0.173205)
            (0.138462 0.100000 0.173205)
            (0.138462 0.101885 -0.058824)
            (0.138462 0.101885 0.058824)
            (0.138462 0.102274 -0.027404)
            (0.138462 0.102274 0.027404)
            (0.138462 0.105882 0.000000)
            (0.138462 0.108146 -0.108146)
            (0.138462 0.108146 0.108146)
            (0.138462 0.112074 -0.064706)
            (0.138462 0.112074 0.064706)
            (0.138462 0.113638 -0.030449)
            (0.138462 0.113638 0.030449)
            (0.138462 0.116465 -0.116465)
            (0.138462 0.116465 0.116465)
            (0.138462 0.117647 0.000000)
            (0.138462 0.122262 -0.070588)
            (0.138462 0.122262 0.070588)
            (0.138462 0.124784 -0.124784)
            (0.138462 0.124784 0.124784)
            (0.138462 0.125002 -0.033494)
            (0.138462 0.125002 0.033494)
            (0.138462 0.129412 0.000000)
            (0.138462 0.132451 -0.076471)
            (0.138462 0.132451 0.076471)
            (0.138462 0.133102 -0.133102)
            (0.138462 0.133102 0.133102)
            (0.138462 0.136366 -0.036539)
            (0.138462 0.136366 0.036539)
            (0.138462 0.141176 0.000000)
            (0.138462 0.141421 -0.141421)
            (0.138462 0.141421 0.141421)
            (0.138462 0.142639 -0.082353)
            (0.138462 0.142639 0.082353)
            (0.138462 0.147730 -0.039584)
            (0.138462 0.147730 0.039584)
            (0.138462 0.152828 -0.088235)
            (0.138462 0.152828 0.088235)
            (0.138462 0.152941 0.000000)
            (0.138462 0.159094 -0.042629)
            (0.138462 0.159094 0.042629)
            (0.138462 0.163017 -0.094118)
            (0.138462 0.163017 0.094118)
            (0.138462 0.164706 0.000000)
            (0.138462 0.170457 -0.045674)
            (0.138462 0.170457 0.045674)
            (0.138462 0.173205 -0.100000)
            (0.138462 0.173205 0.100000)
            (0.138462 0.176471 0.000000)
            (0.138462 0.181821 -0.048719)
            (0.138462 0.181821 0.048719)
            (0.138462 0.188235 0.000000)
            (0.138462 0.193185 -0.051764)
            (0.138462 0.193185 0.051764)
            (0.138462 0.200000 0.000000)
            (0.150000 -0.200000 0.000000)
            (0.150000 -0.193185 -0.051764)
            (0.150000 -0.193185 0.051764)
            (0.150000 -0.188235 0.000000)
            (0.150000 -0.181821 -0.048719)
            (0.150000 -0.181821 0.048719)
            (0.150000 -0.176471 0.000000)
            (0.150000 -0.173205 -0.100000)
            (0.150000 -0.173205 0.100000)
            (0.150000 -0.170457 -0.045674)
            (0.150000 -0.170457 0.045674)
            (0.150000 -0.164706 0.000000)
            (0.150000 -0.163017 -0.094118)
            (0.150000 -0.163017 0.094118)
            (0.150000 -0.159094 -0.042629)
            (0.150000 -0.159094 0.042629)
            (0.150000 -0.152941 0.000000)
            (0.150000 -0.152828 -0.088235)
            (0.150000 -0.152828 0.088235)
            (0.150000 -0.147730 -0.039584)
            (0.150000 -0.147730 0.039584)
            (0.150000 -0.142639 -0.082353)
            (0.150000 -0.142639 0.082353)
            (0.150000 -0.141421 -0.141421)
            (0.150000 -0.141421 0.141421)
            (0.150000 -0.141176 0.000000)
            (0.150000 -0.136366 -0.036539)
            (0.150000 -0.136366 0.036539)
            (0.150000 -0.133102 -0.133102)
            (0.150000 -0.133102 0.133102)
            (0.150000 -0.132451 -0.076471)
            (0.150000 -0.132451 0.076471)
            (0.150000 -0.129412 0.000000)
            (0.150000 -0.125002 -0.033494)
            (0.150000 -0.125002 0.033494)
            (0.150000 -0.124784 -0.124784)
            (0.150000 -0.124784 0.124784)
            (0.150000 -0.122262 -0.070588)
            (0.150000 -0.122262 0.070588)
            (0.150000 -0.117647 0.000000)
            (0.150000 -0.116465 -0.116465)
            (0.150000 -0.116465 0.116465)
            (0.150000 -0.113638 -0.030449)
            (0.150000 -0.113638 0.030449)
            (0.150000 -0.112074 -0.064706)
            (0.150000 -0.112074 0.064706)
            (0.150000 -0.108146 -0.108146)
            (0.150000 -0.108146 0.108146)
            (0.150000 -0.105882 0.000000)
            (0.150000 -0.102274 -0.027404)
            (0.150000 -0.102274 0.027404)
            (0.150000 -0.101885 -0.058824)
            (0.150000 -0.101885 0.058824)
            (0.150000 -0.100000 -0.173205)
            (0.150000 -0.100000 0.173205)
            (0.150000 -0.099827 -0.099827)
            (0.150000 -0.099827 0.099827)
            (0.150000 -0.094118 -0.163017)
            (0.150000 -0.094118 0.000000)
            (0.150000 -0.094118 0.163017)
            (0.150000 -0.091697 -0.052941)
            (0.150000 -0.091697 0.052941)
            (0.150000 -0.091508 -0.091508)
            (0.150000 -0.091508 0.091508)
            (0.150000 -0.090911 -0.024359)
            (0.150000 -0.090911 0.024359)
            (0.150000 -0.088235 -0.152828)
            (0.150000 -0.088235 0.152828)
            (0.150000 -0.083189 -0.083189)
            (0.150000 -0.083189 0.083189)
            (0.150000 -0.082353 -0.142639)
            (0.150000 -0.082353 0.000000)
            (0.150000 -0.082353 0.142639)
            (0.150000 -0.081508 -0.047059)
            (0.150000 -0.081508 0.047059)
            (0.150000 -0.079547 -0.021315)
            (0.150000 -0.079547 0.021315)
            (0.150000 -0.076471 -0.132451)
            (0.150000 -0.076471 0.132451)
            (0.150000 -0.074870 -0.074870)
            (0.150000 -0.074870 0.074870)
            (0.150000 -0.071320 -0.041176)
            (0.150000 -0.071320 0.041176)
            (0.150000 -0.070588 -0.122262)
            (0.150000 -0.070588 0.000000)
            (0.150000 -0.070588 0.122262)
            (0.150000 -0.068183 -0.018270)
            (0.150000 -0.068183 0.018270)
            (0.150000 -0.066551 -0.066551)
            (0.150000 -0.066551 0.066551)
            (0.150000 -0.064706 -0.112074)
            (0.150000 -0.064706 0.112074)
            (0.150000 -0.061131 -0.035294)
            (0.150000 -0.061131 0.035294)
            (0.150000 -0.058824 -0.101885)
            (0.150000 -0.058824 0.000000)
            (0.150000 -0.058824 0.101885)
            (0.150000 -0.058232 -0.058232)
            (0.150000 -0.058232 0.058232)
            (0.150000 -0.056819 -0.015225)
            (0.150000 -0.056819 0.015225)
            (0.150000 -0.052941 -0.091697)
            (0.150000 -0.052941 0.091697)
            (0.150000 -0.051764 -0.193185)
            (0.150000 -0.051764 0.193185)
            (0.150000 -0.050943 -0.029412)
            (0.150000 -0.050943 0.029412)
            (0.150000 -0.049913 -0.049913)
            (0.150000 -0.049913 0.049913)
            (0.150000 -0.048719 -0.181821)
            (0.150000 -0.048719 0.181821)
            (0.150000 -0.047059 -0.081508)
            (0.150000 -0.047059 0.000000)
            (0.150000 -0.047059 0.081508)
            (0.150000 -0.045674 -0.170457)
            (0.150000 -0.045674 0.170457)
            (0.150000 -0.045455 -0.012180)
            (0.150000 -0.045455 0.012180)
            (0.150000 -0.042629 -0.159094)
            (0.150000 -0.042629 0.159094)
            (0.150000 -0.041595 -0.041595)
            (0.150000 -0.041595 0.041595)
            (0.150000 -0.041176 -0.071320)
            (0.150000 -0.041176 0.071320)
            (0.150000 -0.040754 -0.023529)
            (0.150000 -0.040754 0.023529)
            (0.150000 -0.039584 -0.147730)
            (0.150000 -0.039584 0.147730)
            (0.150000 -0.036539 -0.136366)
            (0.150000 -0.036539 0.136366)
            (0.150000 -0.035294 -0.061131)
            (0.150000 -0.035294 0.000000)
            (0.150000 -0.035294 0.061131)
            (0.150000 -0.034091 -0.009135)
            (0.150000 -0.034091 0.009135)
            (0.150000 -0.033494 -0.125002)
            (0.150000 -0.033494 0.125002)
            (0.150000 -0.033276 -0.033276)
            (0.150000 -0.033276 0.033276)
            (0.150000 -0.030566 -0.017647)
            (0.150000 -0.030566 0.017647)
            (0.150000 -0.030449 -0.113638)
            (0.150000 -0.030449 0.113638)
            (0.150000 -0.029412 -0.050943)
            (0.150000 -0.029412 0.050943)
            (0.150000 -0.027404 -0.102274)
            (0.150000 -0.027404 0.102274)
            (0.150000 -0.024957 -0.024957)
            (0.150000 -0.024957 0.024957)
            (0.150000 -0.024359 -0.090911)
            (0.150000 -0.024359 0.090911)
            (0.150000 -0.023529 -0.040754)
            (0.150000 -0.023529 0.000000)
            (0.150000 -0.023529 0.040754)
            (0.150000 -0.022728 -0.006090)
            (0.150000 -0.022728 0.006090)
            (0.150000 -0.021315 -0.079547)
            (0.150000 -0.021315 0.079547)
            (0.150000 -0.020377 -0.011765)
            (0.150000 -0.020377 0.011765)
            (0.150000 -0.018270 -0.068183)
            (0.150000 -0.018270 0.068183)
            (0.150000 -0.017647 -0.030566)
            (0.150000 -0.017647 0.030566)
            (0.150000 -0.016638 -0.016638)
            (0.150000 -0.016638 0.016638)
            (0.150000 -0.015225 -0.056819)
            (0.150000 -0.015225 0.056819)
            (0.150000 -0.012180 -0.045455)
            (0.150000 -0.012180 0.045455)
            (0.150000 -0.011765 -0.020377)
            (0.150000 -0.011765 0.000000)
            (0.150000 -0.011765 0.020377)
            (0.150000 -0.011364 -0.003045)
            (0.150000 -0.011364 0.003045)
            (0.150000 -0.010189 -0.005882)
            (0.150000 -0.010189 0.005882)
            (0.150000 -0.009135 -0.034091)
            (0.150000 -0.009135 0.034091)
            (0.150000 -0.008319 -0.008319)
            (0.150000 -0.008319 0.008319)
            (0.150000 -0.006090 -0.022728)
            (0.150000 -0.006090 0.022728)
            (0.150000 -0.005882 -0.010189)
            (0.150000 -0.005882 0.010189)
            (0.150000 -0.003045 -0.011364)
            (0.150000 -0.003045 0.011364)
            (0.150000 -0.000000 -0.200000)
            (0.150000 -0.000000 -0.188235)
            (0.150000 -0.000000 -0.176471)
            (0.150000 -0.000000 -0.164706)
            (0.150000 -0.000000 -0.152941)
            (0.150000 -0.000000 -0.141176)
            (0.150000 -0.000000 -0.129412)
            (0.150000 -0.000000 -0.117647)
            (0.150000 -0.000000 -0.105882)
            (0.150000 -0.000000 -0.094118)
            (0.150000 -0.000000 -0.082353)
            (0.150000 -0.000000 -0.070588)
            (0.150000 -0.000000 -0.058824)
            (0.150000 -0.000000 -0.047059)
            (0.150000 -0.000000 -0.035294)
            (0.150000 -0.000000 -0.023529)
            (0.150000 -0.000000 -0.011765)
            (0.150000 0.000000 -0.000000)
            (0.150000 0.000000 0.011765)
            (0.150000 0.000000 0.023529)
            (0.150000 0.000000 0.035294)
            (0.150000 0.000000 0.047059)
            (0.150000 0.000000 0.058824)
            (0.150000 0.000000 0.070588)
            (0.150000 0.000000 0.082353)
            (0.150000 0.000000 0.094118)
            (0.150000 0.000000 0.105882)
            (0.150000 0.000000 0.117647)
            (0.150000 0.000000 0.129412)
            (0.150000 0.000000 0.141176)
            (0.150000 0.000000 0.152941)
            (0.150000 0.000000 0.164706)
            (0.150000 0.000000 0.176471)
            (0.150000 0.000000 0.188235)
            (0.150000 0.000000 0.200000)
            (0.150000 0.003045 -0.011364)
            (0.150000 0.003045 0.011364)
            (0.150000 0.005882 -0.010189)
            (0.150000 0.005882 0.010189)
            (0.150000 0.006090 -0.022728)
            (0.150000 0.006090 0.022728)
            (0.150000 0.008319 -0.008319)
            (0.150000 0.008319 0.008319)
            (0.150000 0.009135 -0.034091)
            (0.150000 0.009135 0.034091)
            (0.150000 0.010189 -0.005882)
            (0.150000 0.010189 0.005882)
            (0.150000 0.011364 -0.003045)
            (0.150000 0.011364 0.003045)
            (0.150000 0.011765 -0.020377)
            (0.150000 0.011765 0.000000)
            (0.150000 0.011765 0.020377)
            (0.150000 0.012180 -0.045455)
            (0.150000 0.012180 0.045455)
            (0.150000 0.015225 -0.056819)
            (0.150000 0.015225 0.056819)
            (0.150000 0.016638 -0.016638)
            (0.150000 0.016638 0.016638)
            (0.150000 0.017647 -0.030566)
            (0.150000 0.017647 0.030566)
            (0.150000 0.018270 -0.068183)
            (0.150000 0.018270 0.068183)
            (0.150000 0.020377 -0.011765)
            (0.150000 0.020377 0.011765)
            (0.150000 0.021315 -0.079547)
            (0.150000 0.021315 0.079547)
            (0.150000 0.022728 -0.006090)
            (0.150000 0.022728 0.006090)
            (0.150000 0.023529 -0.040754)
            (0.150000 0.023529 0.000000)
            (0.150000 0.023529 0.040754)
            (0.150000 0.024359 -0.090911)
            (0.150000 0.024359 0.090911)
            (0.150000 0.024957 -0.024957)
            (0.150000 0.024957 0.024957)
            (0.150000 0.027404 -0.102274)
            (0.150000 0.027404 0.102274)
            (0.150000 0.029412 -0.050943)
            (0.150000 0.029412 0.050943)
            (0.150000 0.030449 -0.113638)
            (0.150000 0.030449 0.113638)
            (0.150000 0.030566 -0.017647)
            (0.150000 0.030566 0.017647)
            (0.150000 0.033276 -0.033276)
            (0.150000 0.033276 0.033276)
            (0.150000 0.033494 -0.125002)
            (0.150000 0.033494 0.125002)
            (0.150000 0.034091 -0.009135)
            (0.150000 0.034091 0.009135)
            (0.150000 0.035294 -0.061131)
            (0.150000 0.035294 0.000000)
            (0.150000 0.035294 0.061131)
            (0.150000 0.036539 -0.136366)
            (0.150000 0.036539 0.136366)
            (0.150000 0.039584 -0.147730)
            (0.150000 0.039584 0.147730)
            (0.150000 0.040754 -0.023529)
            (0.150000 0.040754 0.023529)
            (0.150000 0.041176 -0.071320)
            (0.150000 0.041176 0.071320)
            (0.150000 0.041595 -0.041595)
            (0.150000 0.041595 0.041595)
            (0.150000 0.042629 -0.159094)
            (0.150000 0.042629 0.159094)
            (0.150000 0.045455 -0.012180)
            (0.150000 0.045455 0.012180)
            (0.150000 0.045674 -0.170457)
            (0.150000 0.045674 0.170457)
            (0.150000 0.047059 -0.081508)
            (0.150000 0.047059 0.000000)
            (0.150000 0.047059 0.081508)
            (0.150000 0.048719 -0.181821)
            (0.150000 0.048719 0.181821)
            (0.150000 0.049913 -0.049913)
            (0.150000 0.049913 0.049913)
            (0.150000 0.050943 -0.029412)
            (0.150000 0.050943 0.029412)
            (0.150000 0.051764 -0.193185)
            (0.150000 0.051764 0.193185)
            (0.150000 0.052941 -0.091697)
            (0.150000 0.052941 0.091697)
            (0.150000 0.056819 -0.015225)
            (0.150000 0.056819 0.015225)
            (0.150000 0.058232 -0.058232)
            (0.150000 0.058232 0.058232)
            (0.150000 0.058824 -0.101885)
            (0.150000 0.058824 0.000000)
            (0.150000 0.058824 0.101885)
            (0.150000 0.061131 -0.035294)
            (0.150000 0.061131 0.035294)
            (0.150000 0.064706 -0.112074)
            (0.150000 0.064706 0.112074)
            (0.150000 0.066551 -0.066551)
            (0.150000 0.066551 0.066551)
            (0.150000 0.068183 -0.018270)
            (0.150000 0.068183 0.018270)
            (0.150000 0.070588 -0.122262)
            (0.150000 0.070588 0.000000)
            (0.150000 0.070588 0.122262)
            (0.150000 0.071320 -0.041176)
            (0.150000 0.071320 0.041176)
            (0.150000 0.074870 -0.074870)
            (0.150000 0.074870 0.074870)
            (0.150000 0.076471 -0.132451)
            (0.150000 0.076471 0.132451)
            (0.150000 0.079547 -0.021315)
            (0.150000 0.079547 0.021315)
            (0.150000 0.081508 -0.047059)
            (0.150000 0.081508 0.047059)
            (0.150000 0.082353 -0.142639)
            (0.150000 0.082353 0.000000)
            (0.150000 0.082353 0.142639)
            (0.150000 0.083189 -0.083189)
            (0.150000 0.083189 0.083189)
            (0.150000 0.088235 -0.152828)
            (0.150000 0.088235 0.152828)
            (0.150000 0.090911 -0.024359)
            (0.150000 0.090911 0.024359)
            (0.150000 0.091508 -0.091508)
            (0.150000 0.091508 0.091508)
            (0.150000 0.091697 -0.052941)
            (0.150000 0.091697 0.052941)
            (0.150000 0.094118 -0.163017)
            (0.150000 0.094118 0.000000)
            (0.150000 0.094118 0.163017)
            (0.150000 0.099827 -0.099827)
            (0.150000 0.099827 0.099827)
            (0.150000 0.100000 -0.173205)
            (0.150000 0.100000 0.173205)
            (0.150000 0.101885 -0.058824)
            (0.150000 0.101885 0.058824)
            (0.150000 0.102274 -0.027404)
            (0.150000 0.102274 0.027404)
            (0.150000 0.105882 0.000000)
            (0.150000 0.108146 -0.108146)
            (0.150000 0.108146 0.108146)
            (0.150000 0.112074 -0.064706)
            (0.150000 0.112074 0.064706)
            (0.150000 0.113638 -0.030449)
            (0.150000 0.113638 0.030449)
            (0.150000 0.116465 -0.116465)
            (0.150000 0.116465 0.116465)
            (0.150000 0.117647 0.000000)
            (0.150000 0.122262 -0.070588)
            (0.150000 0.122262 0.070588)
            (0.150000 0.124784 -0.124784)
            (0.150000 0.124784 0.124784)
            (0.150000 0.125002 -0.033494)
            (0.150000 0.125002 0.033494)
            (0.150000 0.129412 0.000000)
            (0.150000 0.132451 -0.076471)
            (0.150000 0.132451 0.076471)
            (0.150000 0.133102 -0.133102)
            (0.150000 0.133102 0.133102)
            (0.150000 0.136366 -0.036539)
            (0.150000 0.136366 0.036539)
            (0.150000 0.141176 0.000000)
            (0.150000 0.141421 -0.141421)
            (0.150000 0.141421 0.141421)
            (0.150000 0.142639 -0.082353)
            (0.150000 0.142639 0.082353)
            (0.150000 0.147730 -0.039584)
            (0.150000 0.147730 0.039584)
            (0.150000 0.152828 -0.088235)
            (0.150000 0.152828 0.088235)
            (0.150000 0.152941 0.000000)
            (0.150000 0.159094 -0.042629)
            (0.150000 0.159094 0.042629)
            (0.150000 0.163017 -0.094118)
            (0.150000 0.163017 0.094118)
            (0.150000 0.164706 0.000000)
            (0.150000 0.170457 -0.045674)
            (0.150000 0.170457 0.045674)
            (0.150000 0.173205 -0.100000)
            (0.150000 0.173205 0.100000)
            (0.150000 0.176471 0.000000)
            (0.150000 0.181821 -0.048719)
            (0.150000 0.181821 0.048719)
            (0.150000 0.188235 0.000000)
            (0.150000 0.193185 -0.051764)
            (0.150000 0.193185 0.051764)
            (0.150000 0.200000 0.000000)
        );
    }
}
